v 0.04798438772559166 0.5313011407852173 0.09670162200927734
v 0.042458921670913696 0.5184116363525391 0.10700082033872604
v 0.05330794304609299 0.5128353834152222 0.09828066825866699
v 0.0592212937772274 0.5217798352241516 0.08701968938112259
v 0.049775201827287674 0.5049481391906738 0.10647302120923996
v 0.03951866924762726 0.5076168179512024 0.11300439387559891
v 0.06042509153485298 0.5046517252922058 0.0893058031797409
v 0.06576956808567047 0.5096912384033203 0.07759007811546326
v 0.06707250326871872 0.46682095527648926 0.08541879057884216
v 0.07128851115703583 0.4602345824241638 0.07679148018360138
v 0.07074759900569916 0.4725826680660248 0.07593271136283875
v 0.06526016443967819 0.4760335087776184 0.08428381383419037
v 0.06634007394313812 0.4401828944683075 0.08732904493808746
v 0.06021422520279884 0.43320366740226746 0.0969705656170845
v 0.06352247297763824 0.422109991312027 0.08938273042440414
v 0.0685734674334526 0.42888808250427246 0.07817897200584412
v 0.026164105162024498 0.45287901163101196 0.1173173114657402
v 0.03175493702292442 0.4458233714103699 0.11760294437408447
v 0.0357668399810791 0.4523043632507324 0.11526072770357132
v 0.029521852731704712 0.4583861231803894 0.11482589691877365
v 0.017015552148222923 0.4646015465259552 0.12175925076007843
v 0.018328573554754257 0.4689319431781769 0.11715131998062134
v 0.013692602515220642 0.4742013216018677 0.12201236933469772
v 0.0132087841629982 0.4693771004676819 0.12783388793468475
v 0.02063574641942978 0.44786906242370605 0.1188519075512886
v 0.026723777875304222 0.44020822644233704 0.11881013214588165
v 0.02144390344619751 0.45916128158569336 0.11777051538228989
v 0.019273489713668823 0.45549261569976807 0.12128020077943802
v 0.01602562703192234 0.4521699845790863 0.13351325690746307
v 0.017515914514660835 0.45654207468032837 0.13106925785541534
v 0.014486921019852161 0.45917797088623047 0.13786232471466064
v 0.013035081326961517 0.4536120593547821 0.1382860690355301
v 0.01908090151846409 0.44890642166137695 0.12401354312896729
v 0.01935441792011261 0.4527454078197479 0.1263619065284729
v 0.017030172049999237 0.44951707124710083 0.1295129656791687
v 0.015838399529457092 0.4463638961315155 0.12680968642234802
v 0.01628962531685829 0.4609772264957428 0.12605267763137817
v 0.013491222634911537 0.46483364701271057 0.1329444944858551
v 0.009611153975129128 0.46796128153800964 0.1400715559720993
v 0.010365819558501244 0.46027126908302307 0.14536353945732117
v 0.04330088570713997 0.4303556978702545 0.11397124826908112
v 0.03793156519532204 0.43834513425827026 0.11666936427354813
v 0.03281809017062187 0.4336049556732178 0.11831071972846985
v 0.03794805705547333 0.4271588623523712 0.11667923629283905
v 0.017114266753196716 0.44220489263534546 0.12380311638116837
v 0.020670441910624504 0.42551010847091675 0.1267242431640625
v 0.02112865075469017 0.4297012686729431 0.12636016309261322
v 0.014980767853558064 0.43146488070487976 0.13034169375896454
v 0.01514386385679245 0.4273960590362549 0.1304716318845749
v 0.04943091422319412 0.4137064814567566 0.10794371366500854
v 0.04354935139417648 0.4134942591190338 0.11321710050106049
v 0.04418008774518967 0.40566423535346985 0.11196368932723999
v 0.049864307045936584 0.4041309356689453 0.1057664304971695
v 0.04209733009338379 0.39894309639930725 0.11207247525453568
v 0.048655617982149124 0.39488619565963745 0.10463219881057739
v 0.03887661546468735 0.38024112582206726 0.10808204859495163
v 0.04414166510105133 0.38653677701950073 0.10589325428009033
v 0.03805452957749367 0.3933212459087372 0.11383707076311111
v 0.03276016563177109 0.38875892758369446 0.11826655268669128
v 0.01991000398993492 0.39583659172058105 0.1263003945350647
v 0.013674103654921055 0.39522138237953186 0.130039244890213
v 0.019067872315645218 0.38175976276397705 0.1306474655866623
v 0.026159711182117462 0.3845433294773102 0.12507495284080505
v 0.020188484340906143 0.418487012386322 0.12321198731660843
v 0.024282220751047134 0.4177915155887604 0.12047001719474792
v 0.02455807477235794 0.41996437311172485 0.12246394157409668
v 0.020318282768130302 0.42174986004829407 0.12558597326278687
v 0.028426723554730415 0.416963130235672 0.11854039877653122
v 0.030266841873526573 0.4166112542152405 0.1179225817322731
v 0.029924124479293823 0.418396532535553 0.11903998255729675
v 0.028283733874559402 0.4178982973098755 0.11907529085874557
v 0.02625936269760132 0.41752174496650696 0.11955830454826355
v 0.025067679584026337 0.41554710268974304 0.12025241553783417
v 0.027421236038208008 0.41611289978027344 0.11902005970478058
v 0.021351998671889305 0.4152795076370239 0.1232224851846695
v 0.008182489313185215 0.41542255878448486 0.131531223654747
v 0.01210113801062107 0.4153080880641937 0.13007992506027222
v 0.010731806978583336 0.4198319911956787 0.12862582504749298
v 0.00746728852391243 0.4201003611087799 0.12982353568077087
v 0.028094515204429626 0.4206838011741638 0.12050682306289673
v 0.03073250688612461 0.4223664700984955 0.1201406866312027
v 0.026806900277733803 0.42597395181655884 0.1229102686047554
v 0.02538328617811203 0.4228994846343994 0.12277767062187195
v 0.03376947343349457 0.4242856204509735 0.11922848224639893
v 0.0324653722345829 0.41936632990837097 0.11835239827632904
v 0.0359329953789711 0.42000672221183777 0.11734212934970856
v 0.029547322541475296 0.4145839214324951 0.11803422123193741
v 0.03267382085323334 0.4125276803970337 0.11693616211414337
v 0.03327441215515137 0.41573062539100647 0.11758759617805481
v 0.030480116605758667 0.4092187285423279 0.11789817363023758
v 0.026930823922157288 0.4127894937992096 0.11929959058761597
v 0.02322099730372429 0.411443293094635 0.1223859041929245
v 0.01840228959918022 0.4106232225894928 0.12619830667972565
v 0.021269960328936577 0.4049684703350067 0.12413328140974045
v 0.026526672765612602 0.4067196547985077 0.12057959288358688
v 0.028939539566636086 0.4298126697540283 0.12123946845531464
v 0.03779728338122368 0.4146275222301483 0.11593637615442276
v 0.0411505252122879 0.4210582375526428 0.11461164802312851
v 0.03780023008584976 0.40928295254707336 0.11554412543773651
v 0.03563472256064415 0.40442773699760437 0.11594649404287338
v 0.03146801516413689 0.40055814385414124 0.11809631437063217
v 0.025852125138044357 0.39784255623817444 0.1219361275434494
v 0.021403133869171143 0.37063199281692505 0.11980366706848145
v 0.02996906079351902 0.3748460114002228 0.11453443765640259
v 0.03671999275684357 0.49970483779907227 0.11131943017244339
v 0.045404061675071716 0.49811407923698425 0.10823582112789154
v 0.04542206600308418 0.4899292588233948 0.10398693382740021
v 0.04745194688439369 0.49189871549606323 0.10382691770792007
v 0.04224073141813278 0.4941723048686981 0.1069062352180481
v 0.041251253336668015 0.49152871966362 0.10605777055025101
v 0.059044547379016876 0.47937577962875366 0.08940821141004562
v 0.0539856031537056 0.48220503330230713 0.09366168081760406
v 0.05451364815235138 0.47816815972328186 0.09294341504573822
v 0.06090645492076874 0.4727049171924591 0.09010424464941025
v 0.047281358391046524 0.47189953923225403 0.10205121338367462
v 0.05163178965449333 0.47248581051826477 0.09841346740722656
v 0.047736749053001404 0.4795689582824707 0.0998724102973938
v 0.04453376308083534 0.47924453020095825 0.10247345268726349
v 0.040734220296144485 0.47935447096824646 0.10453164577484131
v 0.03652944043278694 0.4799731373786926 0.10580911487340927
v 0.03701069951057434 0.4743824601173401 0.10623476654291153
v 0.04216022416949272 0.47280848026275635 0.10470562428236008
v 0.035654231905937195 0.495698481798172 0.10802383720874786
v 0.02843107469379902 0.4954097867012024 0.10781924426555634
v 0.029833614826202393 0.49232470989227295 0.10680226981639862
v 0.03577762469649315 0.49262458086013794 0.10726018995046616
v 0.019764579832553864 0.48559436202049255 0.10356087237596512
v 0.020908908918499947 0.48818066716194153 0.10389622300863266
v 0.01734165847301483 0.4898442327976227 0.1050274670124054
v 0.016479091718792915 0.4853527247905731 0.10508639365434647
v 0.018943849951028824 0.48220163583755493 0.10586757212877274
v 0.021069806069135666 0.48390185832977295 0.10442589223384857
v 0.03937382623553276 0.5533481240272522 0.0918838232755661
v 0.0340568870306015 0.5375277996063232 0.10381431132555008
v 0.05458730459213257 0.5440932512283325 0.08156564831733704
v 0.0646752417087555 0.5306939482688904 0.07236003875732422
v 0.07193361967802048 0.5149742960929871 0.06462663412094116
v 0.056707460433244705 0.4167652428150177 0.09984812885522842
v 0.05819615721702576 0.40624430775642395 0.0953378677368164
v 0.06561598181724548 0.41166120767593384 0.08198965340852737
v 0.06411096453666687 0.3999300003051758 0.07858327776193619
v 0.05637183040380478 0.39470186829566956 0.0935695692896843
v 0.04253467544913292 0.37475883960723877 0.09392666071653366
v 0.05115743353962898 0.38349461555480957 0.09295728802680969
v 0.059319112449884415 0.3880811333656311 0.07441221177577972
v 0.06670093536376953 0.39800748229026794 0.055748529732227325
v 0.06973965466022491 0.4076225757598877 0.0629558339715004
v 0.07013668119907379 0.4109918475151062 0.039417870342731476
v 0.062253933399915695 0.38695278763771057 0.04440947249531746
v 0.06748967617750168 0.4071330428123474 0.02983751893043518
v 0.04711133986711502 0.3463529050350189 0.05141357332468033
v 0.049227889627218246 0.33239051699638367 0.04646347835659981
v 0.06065783277153969 0.33828601241111755 0.031368594616651535
v 0.059562139213085175 0.3519439995288849 0.036249712109565735
v 0.07056192308664322 0.41788825392723083 0.06970430910587311
v 0.07254151254892349 0.4823880195617676 0.06614872068166733
v 0.06827443093061447 0.48387080430984497 0.0780375748872757
v 0.07481852173805237 0.468571275472641 0.0647018775343895
v 0.07547084242105484 0.5402771234512329 0.03794434666633606
v 0.07065844535827637 0.5378397107124329 0.056467048823833466
v 0.07766763120889664 0.5203447937965393 0.05158577114343643
v 0.08195719867944717 0.5244216918945312 0.034999582916498184
v 0.04663452133536339 0.5769349932670593 0.04237163066864014
v 0.04493994638323784 0.5676345825195312 0.06970541924238205
v 0.05826706439256668 0.5551337599754333 0.0633959248661995
v 0.061714090406894684 0.5618336200714111 0.040954381227493286
v 0.08355778455734253 0.5240797996520996 0.020027874037623405
v 0.08434002846479416 0.5218455791473389 0.001254806760698557
v 0.08017019927501678 0.5383173227310181 -0.00707508297637105
v 0.07813767343759537 0.5419175624847412 0.016111796721816063
v 0.06840060651302338 0.5582521557807922 -0.017184406518936157
v 0.06591722369194031 0.5638698935508728 0.011395281180739403
v 0.06562735140323639 0.39029839634895325 0.020467307418584824
v 0.06642165780067444 0.40979859232902527 0.015430931001901627
v 0.05871449410915375 0.36831527948379517 0.041976697742938995
v 0.06494466960430145 0.372408926486969 0.022264281287789345
v 0.04993468150496483 0.5749645829200745 -0.024968033656477928
v 0.04741251468658447 0.5813958644866943 0.00931865070015192
v 0.0730154812335968 0.49089956283569336 -0.046741437166929245
v 0.07634082436561584 0.5106150507926941 -0.03959790989756584
v 0.08225911855697632 0.49943968653678894 -0.022033974528312683
v 0.07960131019353867 0.48289501667022705 -0.030491795390844345
v 0.0627167597413063 0.4983769357204437 -0.06348810344934464
v 0.06568291038274765 0.5218788981437683 -0.056113701313734055
v 0.05935133993625641 0.4323434829711914 -0.04050349444150925
v 0.05194617807865143 0.4151207506656647 -0.031972527503967285
v 0.04292818903923035 0.4152747094631195 -0.04466622695326805
v 0.049537207931280136 0.4322029650211334 -0.055757466703653336
v 0.05671483278274536 0.49958357214927673 0.098990797996521
v 0.051704682409763336 0.49472224712371826 0.10340463370084763
v 0.055388301610946655 0.4905848801136017 0.09783392399549484
v 0.06052505597472191 0.49278318881988525 0.0923309400677681
v 0.06492914259433746 0.4947855472564697 0.08255042880773544
v 0.06951308250427246 0.49670255184173584 0.07046055048704147
v 0.07947774231433868 0.5049631595611572 0.04556802660226822
v 0.08358863741159439 0.5103673338890076 0.03137241676449776
v 0.08601102232933044 0.5079509019851685 0.005183438304811716
v 0.08555911481380463 0.5101243853569031 0.019843989983201027
v 0.0839729905128479 0.4875512719154358 -0.012767931446433067
v 0.08202069252729416 0.47707611322402954 -0.018039682880043983
v 0.06507595628499985 0.4180172085762024 -0.002646041102707386
v 0.062192149460315704 0.394942045211792 0.0012075126869603992
v 0.05528413504362106 0.39657196402549744 -0.013985970057547092
v 0.058736734092235565 0.41668394207954407 -0.01865248754620552
v 0.03732660040259361 0.3976743519306183 -0.0359063558280468
v 0.04647854343056679 0.3972158432006836 -0.02566404640674591
v 0.061285313218832016 0.3594423234462738 0.0017985081067308784
v 0.06205028295516968 0.3449927270412445 -0.0019809117075055838
v 0.05538317561149597 0.34708118438720703 -0.017958076670765877
v 0.05423106998205185 0.36106956005096436 -0.013586865738034248
v 0.04627293720841408 0.34623822569847107 -0.030504589900374413
v 0.03542744368314743 0.34548693895339966 -0.039667509496212006
v 0.03527515009045601 0.3620854318141937 -0.03609128296375275
v 0.04454590007662773 0.36218300461769104 -0.02661384455859661
v 0.02510237880051136 0.32459476590156555 0.065682053565979
v 0.02577557973563671 0.31318867206573486 0.06102750077843666
v 0.03827005252242088 0.3165935277938843 0.05395113304257393
v 0.0359867699444294 0.3281354308128357 0.05734351649880409
v 0.0636979192495346 0.33316823840141296 -0.007478316314518452
v 0.05751590430736542 0.3361300230026245 -0.023621926084160805
v 0.06607083231210709 0.4330071210861206 -0.02492569386959076
v 0.07024633139371872 0.4361361265182495 -0.012815700843930244
v 0.04918719828128815 0.33390700817108154 -0.03623419255018234
v 0.044885747134685516 0.3785870373249054 -0.023974664509296417
v 0.05362064763903618 0.3770795464515686 -0.012471402995288372
v 0.02680860459804535 0.3983144462108612 -0.0444343127310276
v 0.031018687412142754 0.415104478597641 -0.0554007850587368
v 0.023714588955044746 0.4637584090232849 0.11474525928497314
v 0.027032164856791496 0.4781404733657837 0.10688844323158264
v 0.027589965611696243 0.48193198442459106 0.10605994611978531
v 0.023761777207255363 0.4829930365085602 0.10531184077262878
v 0.022609245032072067 0.4799683094024658 0.10643477737903595
v 0.01634354330599308 0.5204765796661377 0.11690352857112885
v 0.014244009740650654 0.5035560131072998 0.1180814728140831
v 0.027594733983278275 0.5071617364883423 0.11724221706390381
v 0.029831869527697563 0.5209095478057861 0.11381824314594269
v 0.05468560755252838 0.44702205061912537 0.1044856384396553
v 0.04530926048755646 0.45409661531448364 0.11043190211057663
v 0.042460229247808456 0.4451408088207245 0.11407418549060822
v 0.048852622509002686 0.4367350935935974 0.11021886020898819
v 0.05101403966546059 0.48395657539367676 0.09649436175823212
v 0.05268193408846855 0.4859851598739624 0.09651094675064087
v 0.050028398633003235 0.48602238297462463 0.09885191917419434
v 0.046663716435432434 0.4226120710372925 0.1112273558974266
v 0.0533624030649662 0.42678219079971313 0.10515408962965012
v 0.07472416013479233 0.453546941280365 0.06528648734092712
v 0.06292358040809631 0.48515424132347107 0.08676650375127792
v 0.024578973650932312 0.5888433456420898 0.04533522203564644
v 0.024324864149093628 0.5766957402229309 0.07629020512104034
v 0.02771911397576332 0.5876598358154297 -0.029610050842165947
v 0.025629883632063866 0.5924097299575806 0.008350884541869164
v 0.049890581518411636 0.5319535732269287 -0.07051656395196915
v 0.04662952944636345 0.5052927136421204 -0.07838407903909683
v 0.026152849197387695 0.5098653435707092 -0.08846594393253326
v 0.0276994276791811 0.5401407480239868 -0.07978740334510803
v 0.03614204376935959 0.43230879306793213 -0.06718253344297409
v 0.024590425193309784 0.3457363545894623 -0.043926116079092026
v 0.024001363664865494 0.3632734715938568 -0.04224849119782448
v 0.022971533238887787 0.5580454468727112 0.096704863011837
v 0.019110331311821938 0.5384165048599243 0.10895135253667831
v 0.07477115839719772 0.49996477365493774 0.057514648884534836
v 0.06606326252222061 0.4582677483558655 0.08942094445228577
v 0.06111327186226845 0.466625452041626 0.09365485608577728
v 0.05858172848820686 0.462825208902359 0.09852873533964157
v 0.06286422908306122 0.451862633228302 0.09494749456644058
v 0.06936905533075333 0.44851332902908325 0.0812181830406189
v 0.072246253490448 0.4390866160392761 0.06955917179584503
v 0.07503339648246765 0.429918110370636 0.054747045040130615
v 0.07258600741624832 0.41827332973480225 0.046820834279060364
v 0.08328167349100113 0.5141787528991699 -0.014239066280424595
v 0.07826314121484756 0.5275911688804626 -0.027387697249650955
v 0.06785644590854645 0.5431990027427673 -0.04128769040107727
v 0.05128270015120506 0.5573694109916687 -0.05306348577141762
v 0.08495223522186279 0.5034070611000061 -0.008065344765782356
v 0.02841487154364586 0.5685557723045349 -0.060617271810770035
v 0.014372861944139004 0.43620842695236206 0.12912777066230774
v 0.02154243364930153 0.4354143738746643 0.12387040257453918
v 0.012626571580767632 0.440823495388031 0.12868566811084747
v 0.013334724120795727 0.4102438688278198 0.1290067583322525
v 0.008886079303920269 0.410200297832489 0.1305788904428482
v 0.010257493704557419 0.4038839340209961 0.12839342653751373
v 0.015500244684517384 0.4041754901409149 0.12677797675132751
v 0.022259606048464775 0.36423182487487793 0.10399847477674484
v 0.031992845237255096 0.36865678429603577 0.098570317029953
v 0.02482704073190689 0.3357388377189636 0.07230794429779053
v 0.03480833023786545 0.34004998207092285 0.06303224712610245
v 0.01214955747127533 0.4506481885910034 0.13240447640419006
v 0.010525349527597427 0.4509555995464325 0.13287651538848877
v 0.010417211800813675 0.4498271048069 0.13078700006008148
v 0.01248131413012743 0.4496772289276123 0.1302764117717743
v 0.02661699801683426 0.4189806282520294 0.1205441802740097
v 0.010111592710018158 0.427796870470047 0.13272593915462494
v 0.006817500106990337 0.4276019334793091 0.13335900008678436
v 0.007068058475852013 0.423892080783844 0.13182587921619415
v 0.010353250429034233 0.42392921447753906 0.13107994198799133
v 0.04911403730511665 0.3741036057472229 0.07076219469308853
v 0.04671779274940491 0.36085495352745056 0.058493949472904205
v 0.06449726223945618 0.3406318426132202 0.016383126378059387
v 0.06440262496471405 0.35578790307044983 0.019830157980322838
v 0.060889627784490585 0.3759087026119232 0.002993545262143016
v 0.03480703756213188 0.38071906566619873 -0.03470988944172859
v 0.02559828758239746 0.3804267644882202 -0.042672134935855865
v -0.001341946073807776 0.38321706652641296 -0.04842182993888855
v -0.0013101219665259123 0.39944618940353394 -0.05242438241839409
v 0.013442084193229675 0.39864006638526917 -0.05074923858046532
v 0.011852754279971123 0.382040798664093 -0.04675782099366188
v 0.03455323353409767 0.36246874928474426 0.0829252079129219
v 0.023906374350190163 0.35796859860420227 0.08986438065767288
v 0.024777209386229515 0.3485824763774872 0.07984787970781326
v 0.03462715074419975 0.35319218039512634 0.07116173207759857
v 0.006847488693892956 0.44759824872016907 0.13421832025051117
v 0.005336984060704708 0.4466657042503357 0.135797381401062
v 0.005989023484289646 0.44404172897338867 0.13310746848583221
v 0.00788471382111311 0.44629186391830444 0.13228589296340942
v 0.01337500475347042 0.4474663734436035 0.12846001982688904
v 0.01119052991271019 0.44644904136657715 0.12885241210460663
v 0.011621631681919098 0.4442598819732666 0.1287175863981247
v 0.013575481250882149 0.45063114166259766 0.13294532895088196
v 0.014142891392111778 0.448946088552475 0.13021394610404968
v 0.008768348954617977 0.4517049789428711 0.13793428242206573
v 0.011632248759269714 0.4515102207660675 0.13616390526294708
v 0.008834049105644226 0.4521949887275696 0.14317545294761658
v 0.00844528153538704 0.44868218898773193 0.13268205523490906
v 0.009073471650481224 0.44728711247444153 0.13112236559391022
v 0.012246353551745415 0.4485536813735962 0.1290113627910614
v 0.010588832199573517 0.44824928045272827 0.12938471138477325
v 0.009061792865395546 0.45150306820869446 0.135782390832901
v 0.01094406470656395 0.4512326717376709 0.13444748520851135
v 0.00915117934346199 0.47370219230651855 0.1339118480682373
v 0.002717317547649145 0.47516968846321106 0.1367172747850418
v 0.0025722458958625793 0.4688766598701477 0.1430278718471527
v 0.002435693284496665 0.4609163999557495 0.1487017422914505
v 0.002486597280949354 0.45215970277786255 0.14654754102230072
v 0.015571610070765018 0.34502077102661133 0.08462388813495636
v 0.015726391226053238 0.3329029381275177 0.07763701677322388
v 0.00292615732178092 0.5380724668502808 0.10941562801599503
v 0.002903086133301258 0.5191850662231445 0.11670168489217758
v 0.027587179094552994 0.4173769950866699 0.11893963813781738
v 0.027610361576080322 0.4993760287761688 0.1109704077243805
v 0.05229075253009796 0.46163612604141235 0.10413320362567902
v 0.03113875538110733 0.46414560079574585 0.11152251064777374
v 0.037702858448028564 0.4595382809638977 0.11157852411270142
v 0.03775525465607643 0.46708959341049194 0.10854429751634598
v 0.031668879091739655 0.4702630937099457 0.1089998334646225
v 0.018468528985977173 0.49675944447517395 0.11086218059062958
v 0.009610944427549839 0.493408739566803 0.11695415526628494
v 0.013134025037288666 0.49145543575286865 0.10967428982257843
v 0.012672225944697857 0.4850064218044281 0.11024503409862518
v 0.010194221511483192 0.4850701689720154 0.11971184611320496
v 0.014371594414114952 0.4776560962200165 0.11568107455968857
v 0.015898380428552628 0.47975581884384155 0.10921229422092438
v 0.0481882244348526 0.48810309171676636 0.10136260837316513
v 0.05055589601397514 0.48927029967308044 0.10007033497095108
v 0.01943170465528965 0.4726334512233734 0.11262747645378113
v 0.025028608739376068 0.4683607220649719 0.11142250150442123
v 0.02595330774784088 0.47324562072753906 0.10855073481798172
v 0.02069040574133396 0.47611942887306213 0.10861001908779144
v 0.044583000242710114 0.46395808458328247 0.10716810822486877
v 0.05731945112347603 0.4857471287250519 0.09257866442203522
v 0.05397254601120949 0.474699467420578 0.09494880586862564
v 0.0737612396478653 0.44241923093795776 -0.00344981555826962
v 0.0700320452451706 0.43093276023864746 0.0036828876473009586
v 0.0768640860915184 0.42239582538604736 0.026042364537715912
v 0.07467025518417358 0.4185241758823395 0.029168030247092247
v 0.06950581818819046 0.42020854353904724 0.023738477379083633
v 0.07457415759563446 0.4244176149368286 0.021084053441882133
v 0.08554503321647644 0.4774754047393799 0.005186313763260841
v 0.08501926809549332 0.48485124111175537 0.001542867161333561
v 0.08555075526237488 0.4862574338912964 0.009363848716020584
v 0.08484149724245071 0.4783598482608795 0.00834777019917965
v 0.08447549492120743 0.4822132885456085 0.015151653438806534
v 0.08436783403158188 0.48566752672195435 0.01775214821100235
v 0.08383812755346298 0.47727376222610474 0.01919509284198284
v 0.08387381583452225 0.47745048999786377 0.015452902764081955
v 0.08552557229995728 0.49695032835006714 0.018787972629070282
v 0.08306599408388138 0.4950591027736664 0.029293444007635117
v 0.08210444450378418 0.48284676671028137 0.025803232565522194
v 0.07701200991868973 0.4809688329696655 0.05078981816768646
v 0.07774590700864792 0.4689706563949585 0.037588249891996384
v 0.07939367741346359 0.4773516058921814 0.032327257096767426
v 0.07956907153129578 0.48977482318878174 0.039460018277168274
v 0.07531995326280594 0.42446625232696533 0.03396545350551605
v 0.07510437816381454 0.4327527582645416 0.03782109543681145
v 0.06823480874300003 0.42358851432800293 0.014304493553936481
v 0.000705401471350342 0.5129847526550293 -0.09059043228626251
v 0.0010424654465168715 0.5454220175743103 -0.08140653371810913
v 0.06977980583906174 0.47057661414146423 -0.04858053848147392
v 0.058961786329746246 0.4750462770462036 -0.06461355835199356
v 0.07681020349264145 0.46625834703445435 -0.03320775553584099
v 0.07928839325904846 0.4640132486820221 -0.019594144076108932
v 0.04400644823908806 0.4791906476020813 -0.07865379750728607
v 0.024230768904089928 0.48138827085494995 -0.08856489509344101
v 0.07762075960636139 0.4631640315055847 0.051744457334280014
v 0.07682536542415619 0.4566875696182251 0.039322853088378906
v 0.0658005103468895 0.4505022168159485 -0.04667212814092636
v 0.05422825366258621 0.4529794454574585 -0.0621284544467926
v 0.07246436923742294 0.4490615427494049 -0.03127523511648178
v 0.0756978765130043 0.4504484534263611 -0.017926493659615517
v 0.03955394774675369 0.455007404088974 -0.07497656345367432
v 0.018633637577295303 0.43096107244491577 -0.07353365421295166
v 0.02180974930524826 0.4541434645652771 -0.08273355662822723
v 0.07895764708518982 0.4338759779930115 0.025228656828403473
v 0.07706048339605331 0.43298569321632385 0.03012978285551071
v 0.07697931677103043 0.42625758051872253 0.028847256675362587
v 0.0803748294711113 0.42786815762519836 0.027037177234888077
v 0.07694585621356964 0.4473915696144104 0.051997750997543335
v 0.07653781026601791 0.44423386454582214 0.0387081503868103
v 0.00968225859105587 0.4792218804359436 0.12778572738170624
v 0.0028279717080295086 0.4876706898212433 0.12502512335777283
v 0.0028210971504449844 0.4813314974308014 0.1308734267950058
v 0.002780068200081587 0.49462589621543884 0.12042190879583359
v 0.0015809600008651614 0.5958681106567383 0.0093295369297266
v 0.0016573889879509807 0.5920965075492859 0.04700640216469765
v 0.0013003245694562793 0.5733714699745178 -0.061505112797021866
v 0.0015088258078321815 0.5910854339599609 -0.02969558909535408
v 0.008092285133898258 0.3951326310634613 0.1318984031677246
v 0.011032269336283207 0.3806288242340088 0.13362190127372742
v 0.009280182421207428 0.4364258646965027 0.13189609348773956
v 0.0060442667454481125 0.43569839000701904 0.13239651918411255
v 0.006485451012849808 0.4314649701118469 0.1331317275762558
v 0.009809929877519608 0.43195945024490356 0.13257940113544464
v 0.02182651311159134 0.4934365749359131 0.10626229643821716
v 0.015706440433859825 0.4148600399494171 -0.06156777963042259
v 0.011047850362956524 0.3646744191646576 -0.045092418789863586
v 0.01176111213862896 0.3473927676677704 -0.04575100913643837
v 0.03768973425030708 0.3320716619491577 -0.04486808553338051
v 0.02509930357336998 0.3308696150779724 -0.049321334809064865
v 0.005745641887187958 0.43993136286735535 0.13226714730262756
v 0.00865266565233469 0.4405151903629303 0.13135583698749542
v 0.008375522680580616 0.4507124423980713 0.13440459966659546
v 0.015017603524029255 0.4233291447162628 0.12901413440704346
v 0.008517341688275337 0.44372379779815674 0.13111543655395508
v 0.009208288043737411 0.4459717273712158 0.13073821365833282
v 0.0037479079328477383 0.4434314966201782 0.13364265859127045
v 0.004003823734819889 0.43952852487564087 0.13229984045028687
v 0.0319211408495903 0.476293683052063 0.10702786594629288
v 0.032051052898168564 0.4808945953845978 0.10626961290836334
v 0.0060674455016851425 0.4487602114677429 0.13943669199943542
v 0.006897930987179279 0.44969022274017334 0.13673584163188934
v 0.0025956593453884125 0.4479096233844757 0.14016112685203552
v 0.05120137333869934 0.3207703232765198 0.042554933577775955
v 0.0616011768579483 0.3253748118877411 0.027203917503356934
v 0.00456110667437315 0.42747342586517334 0.13343258202075958
v 0.0047006323002278805 0.4236904978752136 0.13210147619247437
v 0.0016751773655414581 0.5792878270149231 0.07818803191184998
v -0.002173451939597726 0.4305776059627533 -0.0731845423579216
v -0.00017518585082143545 0.4527552127838135 -0.08333879709243774
v 0.07862253487110138 0.46113166213035583 0.029506079852581024
v 0.08053649961948395 0.45659375190734863 0.023860065266489983
v 0.08193784207105637 0.46371275186538696 0.021527519449591637
v 0.08038660138845444 0.4688224792480469 0.026952465996146202
v 0.01562781259417534 0.32211804389953613 0.07088368386030197
v 0.06536316126585007 0.3291371166706085 0.009882666170597076
v 0.011861111037433147 0.33190393447875977 -0.051069460809230804
v 0.05084970220923424 0.4820631742477417 0.09611683338880539
v 0.049719881266355515 0.48052462935447693 0.09745427966117859
v 0.02453424595296383 0.490835577249527 0.10508786886930466
v 0.0006262786919251084 0.48186007142066956 -0.09090445190668106
v 0.01679651439189911 0.4151812493801117 0.12721745669841766
v 0.015133069828152657 0.41934436559677124 0.12647122144699097
v -0.0016868871171027422 0.3664686977863312 -0.045960307121276855
v 0.014756515622138977 0.35527846217155457 0.09397047013044357
v 0.003694672603160143 0.4461138844490051 0.13660138845443726
v -0.0012099812738597393 0.4142729938030243 -0.06257548183202744
v 0.08452168107032776 0.47021472454071045 0.012763243168592453
v 0.08625658601522446 0.468620240688324 0.016155902296304703
v 0.08562852442264557 0.46524178981781006 0.015852315351366997
v 0.08388108760118484 0.4660659432411194 0.014272048138082027
v 0.08718983829021454 0.47233062982559204 0.0208661537617445
v 0.08836100995540619 0.4686373174190521 0.018671918660402298
v 0.09014400839805603 0.4716029763221741 0.017434116452932358
v 0.08868445456027985 0.4756843149662018 0.01863163709640503
v 0.08257032185792923 0.474403440952301 0.023343710228800774
v 0.08489063382148743 0.46844688057899475 0.02186415158212185
v 0.09118849784135818 0.4736368656158447 0.015408171340823174
v 0.09110778570175171 0.47663602232933044 0.016502531245350838
v 0.0882890373468399 0.4783369302749634 0.015281347557902336
v 0.0845530554652214 0.47824952006340027 0.011909954249858856
v 0.09371346235275269 0.47736823558807373 0.012840515933930874
v 0.08986067771911621 0.4796062707901001 0.010686331428587437
v 0.09676598012447357 0.47632884979248047 0.0077324192970991135
v 0.09188998490571976 0.47895506024360657 0.005147344432771206
v 0.09821511059999466 0.4727276563644409 0.0020573828369379044
v 0.09235843271017075 0.47478213906288147 -0.0006267956923693419
v 0.07792425155639648 0.44086354970932007 0.030402466654777527
v 0.07831453531980515 0.44076240062713623 0.022897869348526
v 0.09889446943998337 0.4668854773044586 -0.0012600414920598269
v 0.09199120104312897 0.4676803648471832 -0.003318778006359935
v 0.09828557074069977 0.4593568444252014 -0.0027949465438723564
v 0.09158314019441605 0.45979043841362 -0.004329857882112265
v 0.0963960736989975 0.4518415629863739 -0.0020506891887634993
v 0.0909099206328392 0.4515730142593384 -0.003564364742487669
v 0.09477201104164124 0.4443877041339874 9.34575145947747e-05
v 0.0892886146903038 0.443099707365036 -0.0011870977468788624
v 0.09244794398546219 0.43743616342544556 0.004490237217396498
v 0.08666621148586273 0.43373411893844604 0.0032673468813300133
v 0.09314071387052536 0.4743216037750244 0.006681723054498434
v 0.0944347009062767 0.47074633836746216 0.0027448837645351887
v 0.08359096944332123 0.4733361601829529 0.003197119105607271
v 0.0918026715517044 0.47542890906333923 0.011585365980863571
v 0.08363617956638336 0.4598120152950287 0.008476367220282555
v 0.08179926127195358 0.4623807668685913 0.00824373122304678
v 0.08286985754966736 0.4603464901447296 0.009288595989346504
v 0.08147835731506348 0.4589509069919586 0.006554946303367615
v 0.07962694019079208 0.44863250851631165 0.024012893438339233
v 0.08083416521549225 0.44827309250831604 0.019852731376886368
v 0.08123721182346344 0.45410147309303284 0.0198492594063282
v 0.0792149230837822 0.4439079463481903 0.019465690478682518
v 0.0781550332903862 0.4452865719795227 0.018170420080423355
v 0.07779517024755478 0.44901204109191895 0.018313996493816376
v 0.07729171961545944 0.45378196239471436 0.01782952807843685
v 0.07871266454458237 0.4435810446739197 0.016270097345113754
v 0.0801718458533287 0.4417426288127899 0.01713532954454422
v 0.07743135094642639 0.4448772072792053 0.015713417902588844
v 0.07697124779224396 0.4458217918872833 0.016797244548797607
v 0.07592779397964478 0.4480956196784973 0.015721779316663742
v 0.07677048444747925 0.4515868127346039 0.013218012638390064
v 0.07824656367301941 0.45123958587646484 0.030560432001948357
v 0.07847234606742859 0.4463958442211151 0.0037780795246362686
v 0.07566368579864502 0.43735337257385254 0.007834058254957199
v 0.0891813114285469 0.4324212074279785 0.0105363167822361
v 0.08526302129030228 0.4261328876018524 0.010384193621575832
v 0.08343363553285599 0.42393559217453003 0.024446766823530197
v 0.08505566418170929 0.42191585898399353 0.01813570410013199
v 0.08211170881986618 0.46763837337493896 0.0012563790660351515
v 0.08195912092924118 0.4608471989631653 -0.00013859616592526436
v 0.07416987419128418 0.4307955503463745 0.0147965457290411
v 0.08109131455421448 0.45384201407432556 0.00033168867230415344
v 0.09066414088010788 0.441853404045105 0.005786632187664509
v 0.08743322640657425 0.438516765832901 0.009951634332537651
v 0.09316306561231613 0.44673991203308105 0.0023163731675595045
v 0.08145993947982788 0.4381353259086609 0.019039791077375412
v 0.08301971852779388 0.4316956102848053 0.021507009863853455
v 0.0864994153380394 0.43085184693336487 0.016490966081619263
v 0.08406010270118713 0.43720486760139465 0.014338549226522446
v 0.08924457430839539 0.44536375999450684 0.008076929487287998
v 0.08527164906263351 0.4428746700286865 0.010369434021413326
v 0.08570645749568939 0.4484851360321045 0.008003797382116318
v 0.08199005573987961 0.44617554545402527 0.009930169209837914
v 0.079735666513443 0.4441392421722412 0.013190999627113342
v 0.08187363296747208 0.4415688216686249 0.013582299463450909
v 0.07770604640245438 0.4485856294631958 0.00934363529086113
v 0.08157364279031754 0.45205289125442505 0.007371881976723671
v 0.07713357359170914 0.4459523856639862 0.013196049258112907
v 0.08875971287488937 0.45137324929237366 0.00732564739882946
v 0.09109889715909958 0.45524388551712036 0.006361758336424828
v 0.0886036828160286 0.4580588936805725 0.008804909884929657
v 0.08522683382034302 0.4549233019351959 0.007523833774030209
v 0.09398676455020905 0.4528447687625885 6.558885797858238e-05
v 0.09362728148698807 0.453606516122818 0.003637497080489993
v 0.09179648011922836 0.4490041434764862 0.005437656305730343
v 0.09437118470668793 0.45929011702537537 0.0025160242803394794
v 0.09466295689344406 0.45968756079673767 -0.0006826934404671192
v 0.09231717884540558 0.45950552821159363 0.005061726085841656
v 0.09062741696834564 0.4607040584087372 0.007355975918471813
v 0.0935564935207367 0.468703955411911 0.004852789919823408
v 0.09433694183826447 0.4644929766654968 0.003101421520113945
v 0.09515972435474396 0.4660557210445404 0.00014549517072737217
v 0.09295741468667984 0.4633476138114929 0.005698346998542547
v 0.09210895001888275 0.46666082739830017 0.006875777617096901
v 0.09051479399204254 0.46476060152053833 0.008083384484052658
v 0.09141448140144348 0.4630471467971802 0.006800486706197262
v 0.08896313607692719 0.47329655289649963 0.013928147032856941
v 0.08757194131612778 0.4715598225593567 0.01563667133450508
v 0.09030020236968994 0.473217636346817 0.010980313643813133
v 0.08796962350606918 0.47360140085220337 0.01188942976295948
v 0.08877117186784744 0.47089695930480957 0.010989069007337093
v 0.08642282336950302 0.4726187288761139 0.012264594435691833
v 0.08767455816268921 0.4687570035457611 0.011755889281630516
v 0.08557090908288956 0.4659005105495453 0.011972686275839806
v 0.028753841295838356 0.2877594232559204 0.0565585233271122
v 0.02724483795464039 0.3002853989601135 0.057870808988809586
v 0.015360454097390175 0.2968614101409912 0.06138636916875839
v 0.015659580007195473 0.2852146327495575 0.05872955918312073
v 0.08927421271800995 0.4665895104408264 0.010285061784088612
v 0.09049277007579803 0.46901237964630127 0.008905884809792042
v 0.09197762608528137 0.4718281626701355 0.007606715429574251
v 0.08667153865098953 0.46208837628364563 0.009845191612839699
v 0.08828145265579224 0.4609597623348236 0.009467772208154202
v 0.0893266350030899 0.46256202459335327 0.009151091799139977
v 0.08762329071760178 0.4641648232936859 0.010511545464396477
v 0.08133619278669357 0.4584955871105194 0.0189252570271492
v 0.0795283243060112 0.4567197561264038 0.015317503362894058
v 0.07998406887054443 0.454043447971344 0.011307243257761002
v 0.06472711265087128 0.2742636203765869 0.0383622907102108
v 0.07867594808340073 0.28229278326034546 0.024183738976716995
v 0.07286255061626434 0.2922458052635193 0.020223703235387802
v 0.05982593819499016 0.2851695120334625 0.034083083271980286
v 0.0752769485116005 0.2498963624238968 0.05847807601094246
v 0.07754397392272949 0.23214994370937347 0.06908673793077469
v 0.0978684201836586 0.23617637157440186 0.06247245520353317
v 0.09773287922143936 0.25688233971595764 0.042183008044958115
v 0.09679661691188812 0.21693752706050873 0.07530650496482849
v 0.07767314463853836 0.21397605538368225 0.07869599014520645
v 0.09039909392595291 0.16489891707897186 0.10509347915649414
v 0.09302553534507751 0.18172261118888855 0.09578845649957657
v 0.07495925575494766 0.18040059506893158 0.0981447845697403
v 0.0729694738984108 0.1635846197605133 0.10736687481403351
v 0.10663071274757385 0.08235346525907516 0.1272166222333908
v 0.09474875777959824 0.08401879668235779 0.13070765137672424
v 0.08775565028190613 0.06742502003908157 0.12878015637397766
v 0.10072590410709381 0.0639776960015297 0.12340646237134933
v 0.16444186866283417 0.18750226497650146 0.07343819737434387
v 0.17534741759300232 0.17629705369472504 0.07004882395267487
v 0.17971885204315186 0.1957612931728363 0.06500398367643356
v 0.16738662123680115 0.20608727633953094 0.06649956852197647
v 0.10616481304168701 0.28883492946624756 -0.010223264805972576
v 0.09722238779067993 0.29518935084342957 -0.013122514821588993
v 0.09444330632686615 0.28190872073173523 0.009363606572151184
v 0.10392538458108902 0.2744385302066803 0.015131295658648014
v 0.15272752940654755 0.09591245651245117 0.08411797881126404
v 0.14772818982601166 0.10617745667695999 0.09384327381849289
v 0.14252077043056488 0.09329365193843842 0.09969834238290787
v 0.14659720659255981 0.08276291191577911 0.09138849377632141
v 0.12987147271633148 -0.011484604328870773 0.09207871556282043
v 0.11392809450626373 -0.01228057499974966 0.10793780535459518
v 0.112188920378685 -0.03702747821807861 0.10753271728754044
v 0.1287163347005844 -0.036355771124362946 0.09091095626354218
v 0.16691599786281586 0.016193734481930733 0.023384246975183487
v 0.16571052372455597 -0.006802500691264868 0.023646589368581772
v 0.1645754873752594 -0.005883004516363144 -0.0045502581633627415
v 0.1669204980134964 0.014909199438989162 -0.004623128566890955
v 0.1213480681180954 0.16501827538013458 0.09863703697919846
v 0.12503883242607117 0.1817760020494461 0.08965018391609192
v 0.10980250686407089 0.18221428990364075 0.09288082271814346
v 0.10663938522338867 0.16552938520908356 0.10202165693044662
v 0.34940728545188904 0.22784759104251862 0.025743309408426285
v 0.3257519006729126 0.22690431773662567 0.027181020006537437
v 0.32604071497917175 0.20965074002742767 0.0280058104544878
v 0.35002070665359497 0.21051877737045288 0.02609947696328163
v 0.15306690335273743 -0.12317299842834473 0.030721325427293777
v 0.15581627190113068 -0.14464405179023743 0.0332699753344059
v 0.15676376223564148 -0.1405487209558487 0.0054527511820197105
v 0.15241046249866486 -0.119463711977005 0.004801528062671423
v 0.2238272726535797 0.2548632323741913 0.03557610139250755
v 0.2234959900379181 0.27233219146728516 0.01606341265141964
v 0.21014666557312012 0.27583417296409607 0.015525106340646744
v 0.20989952981472015 0.25936630368232727 0.036747559905052185
v 0.16360074281692505 0.14816592633724213 0.07868145406246185
v 0.16927912831306458 0.16116920113563538 0.07463476061820984
v 0.16056464612483978 0.17123930156230927 0.07950915396213531
v 0.15546159446239471 0.15631170570850372 0.08506105840206146
v 0.17287208139896393 0.052964795380830765 -0.007675821427255869
v 0.17610342800617218 0.07145000994205475 -0.010293560102581978
v 0.17515021562576294 0.07315345853567123 0.009671585634350777
v 0.1728430539369583 0.054463621228933334 0.015033408999443054
v 0.16990132629871368 0.035466961562633514 0.019596273079514503
v 0.16969464719295502 0.03404802829027176 -0.00568373454734683
v 0.1458263099193573 0.16068963706493378 0.09013881534337997
v 0.14945799112319946 0.17799730598926544 0.08312533795833588
v 0.1381746232509613 0.18043889105319977 0.08638465404510498
v 0.13433080911636353 0.16335426270961761 0.09474056959152222
v 0.07971815019845963 0.05157770588994026 0.1263268142938614
v 0.09582721441984177 0.0473305769264698 0.11960596591234207
v 0.14825771749019623 -0.150091290473938 0.059558793902397156
v 0.14726056158542633 -0.12795256078243256 0.0563000850379467
v 0.13593943417072296 -0.1331251710653305 0.07857581228017807
v 0.13573354482650757 -0.15580469369888306 0.08185577392578125
v 0.09617068618535995 0.01108743716031313 0.11883717775344849
v 0.11318826675415039 0.01027432270348072 0.1079646423459053
v 0.10981962084770203 0.030277546495199203 0.10909777134656906
v 0.09415186196565628 0.031126784160733223 0.11789629608392715
v 0.11924409866333008 -0.16034342348575592 0.10085861384868622
v 0.11983557790517807 -0.1374497413635254 0.09769095480442047
v 0.10039668530225754 -0.13989606499671936 0.11466100811958313
v 0.09925323724746704 -0.1645115613937378 0.11882758885622025
v 0.09531060606241226 0.19898125529289246 0.08597264438867569
v 0.0766107514500618 0.1967904418706894 0.08829543739557266
v 0.12594541907310486 0.08241257816553116 0.11559713631868362
v 0.1172640472650528 0.0818856731057167 0.12201739102602005
v 0.11249031871557236 0.06336961686611176 0.11753786355257034
v 0.12242735922336578 0.06451329588890076 0.11124411225318909
v 0.18265806138515472 0.14470279216766357 0.04883044585585594
v 0.19191956520080566 0.15613886713981628 0.04411131143569946
v 0.19230857491493225 0.17953932285308838 0.058032628148794174
v 0.18281352519989014 0.16125552356243134 0.06233164295554161
v 0.16000433266162872 -0.16153617203235626 0.0074310400523245335
v 0.15800760686397552 -0.16592192649841309 0.035887230187654495
v 0.11853887140750885 -0.1841220110654831 0.10292977094650269
v 0.09910717606544495 -0.1892896443605423 0.12077118456363678
v 0.22492776811122894 0.14618851244449615 -0.026061132550239563
v 0.22331537306308746 0.1491420567035675 -0.01191242691129446
v 0.21194815635681152 0.13747869431972504 -0.00932525098323822
v 0.21523737907409668 0.1350547820329666 -0.023552222177386284
v 0.05558182671666145 0.0848461389541626 0.13312427699565887
v 0.06471066176891327 0.06345765292644501 0.13089361786842346
v 0.07669664174318314 0.0774216279387474 0.13259372115135193
v 0.07074571400880814 0.09474164247512817 0.13342821598052979
v 0.12067508697509766 0.04781653359532356 0.10427137464284897
v 0.10931985825300217 0.04651504382491112 0.11184054613113403
v 0.12309078872203827 0.03205210715532303 0.09922460466623306
v 0.03932056948542595 0.07362553477287292 0.12979468703269958
v 0.05008833110332489 0.045487429946660995 0.12902699410915375
v 0.05732680857181549 0.19449962675571442 0.09094031900167465
v 0.056200459599494934 0.17846250534057617 0.10014039278030396
v 0.05792735144495964 0.21106329560279846 0.08291022479534149
v 0.05703979358077049 0.22808164358139038 0.07459952682256699
v 0.037698082625865936 0.22536896169185638 0.07899942249059677
v 0.038402095437049866 0.20850810408592224 0.08647548407316208
v 0.05504491180181503 0.24464978277683258 0.06690096110105515
v 0.035948462784290314 0.24153360724449158 0.07181213051080704
v 0.04745703190565109 0.2679818868637085 0.04882161319255829
v 0.043793946504592896 0.27937501668930054 0.044847115874290466
v 0.17519132792949677 0.14838126301765442 0.06596039235591888
v 0.1683553010225296 0.13685043156147003 0.06921190023422241
v 0.13596221804618835 -0.17824457585811615 0.08407310396432877
v 0.11673640459775925 0.21767035126686096 -0.102205291390419
v 0.13546903431415558 0.22327785193920135 -0.09525438398122787
v 0.13338425755500793 0.20521853864192963 -0.09967269748449326
v 0.11505107581615448 0.19849711656570435 -0.10693380981683731
v 0.11846359819173813 0.2742455005645752 0.017422741279006004
v 0.11726899445056915 0.28732815384864807 -0.008643348701298237
v 0.1939982920885086 0.15618592500686646 -0.0710730329155922
v 0.19492891430854797 0.14653508365154266 -0.06603489071130753
v 0.18442419171333313 0.13842807710170746 -0.06900577247142792
v 0.1820218712091446 0.15009546279907227 -0.07404913753271103
v 0.22372829914093018 0.14974509179592133 -0.04823274910449982
v 0.22202827036380768 0.15604063868522644 -0.05535066872835159
v 0.23750711977481842 0.16366168856620789 -0.058120377361774445
v 0.2390659600496292 0.15734350681304932 -0.051033880561590195
v 0.15155436098575592 -0.13751699030399323 -0.01992211863398552
v 0.14532224833965302 -0.11661823093891144 -0.019766997545957565
v 0.14141793549060822 0.030883440747857094 -0.06935278326272964
v 0.14892585575580597 0.05116237327456474 -0.06547266989946365
v 0.1593957394361496 0.042975593358278275 -0.04879049211740494
v 0.15394461154937744 0.022488512098789215 -0.051288776099681854
v 0.016394319012761116 0.18252700567245483 -0.0962517186999321
v 0.03616685792803764 0.18713009357452393 -0.1015903502702713
v 0.03605228662490845 0.1705491691827774 -0.10370216518640518
v 0.016106002032756805 0.1665446162223816 -0.09812766313552856
v 0.07641585171222687 0.21967308223247528 -0.10541963577270508
v 0.055246591567993164 0.2107260525226593 -0.10450977832078934
v 0.054536156356334686 0.22652441263198853 -0.10027294605970383
v 0.07644058763980865 0.23626947402954102 -0.09978269040584564
v 0.09639323502779007 0.21010476350784302 -0.1077636331319809
v 0.09555395692586899 0.19038353860378265 -0.11236269026994705
v 0.1706790179014206 0.055962104350328445 -0.02831312268972397
v 0.17498639225959778 0.07321588695049286 -0.028905343264341354
v 0.18311206996440887 0.09695664793252945 -0.0307212695479393
v 0.18833617866039276 0.10574526339769363 -0.03152238950133324
v 0.18850591778755188 0.1055448055267334 -0.016122639179229736
v 0.1837477833032608 0.0966012254357338 -0.014599202200770378
v 0.08921118825674057 0.30186760425567627 -0.016061624512076378
v 0.09564201533794403 0.30053606629371643 -0.036391451954841614
v 0.08596190810203552 0.3056137263774872 -0.03934905305504799
v 0.051418013870716095 0.27995526790618896 -0.0795445591211319
v 0.06245975196361542 0.28452545404434204 -0.0755668357014656
v 0.0645151436328888 0.2781757116317749 -0.07902240753173828
v 0.051242560148239136 0.27298250794410706 -0.08332792669534683
v 0.04194600135087967 0.09523515403270721 -0.10804373770952225
v 0.046104591339826584 0.07171395421028137 -0.10668405890464783
v 0.02144549787044525 0.07207532972097397 -0.10318119823932648
v 0.01940956711769104 0.09466645866632462 -0.10414610058069229
v 0.19350329041481018 0.11624273657798767 -0.04510381445288658
v 0.19032028317451477 0.12135780602693558 -0.05480626970529556
v 0.19985508918762207 0.1302649825811386 -0.053788118064403534
v 0.20247088372707367 0.1245691329240799 -0.04540783911943436
v 0.18310394883155823 0.11326324194669724 -0.055346231907606125
v 0.1861860305070877 0.10840031504631042 -0.044376302510499954
v 0.18042923510074615 0.0996067225933075 -0.04431380704045296
v 0.17645251750946045 0.10455457121133804 -0.056505054235458374
v 0.15660478174686432 0.06913518160581589 -0.0621979758143425
v 0.16486522555351257 0.08459703624248505 -0.05961063504219055
v 0.17132800817489624 0.0781872570514679 -0.04507860913872719
v 0.16519330441951752 0.061944540590047836 -0.04624318704009056
v 0.022281136363744736 -0.009417776949703693 -0.0958903580904007
v 0.022511329501867294 0.020199550315737724 -0.0990607962012291
v 0.04473287984728813 0.016996849328279495 -0.10269646346569061
v 0.043197888880968094 -0.013051058165729046 -0.09971152245998383
v 0.23285087943077087 0.16570863127708435 0.010101759806275368
v 0.24921080470085144 0.1687864512205124 0.005852781236171722
v 0.24651968479156494 0.17748324573040009 0.020656226202845573
v 0.2318030297756195 0.1744571030139923 0.02401788718998432
v 0.24470077455043793 0.18613901734352112 -0.0705374926328659
v 0.24351075291633606 0.1928766816854477 -0.0719672441482544
v 0.25491276383399963 0.19785180687904358 -0.07223615050315857
v 0.25570693612098694 0.19161926209926605 -0.07163393497467041
v 0.27061131596565247 0.162679523229599 -0.011729398742318153
v 0.289550244808197 0.16196976602077484 -0.014914789237082005
v 0.2861925959587097 0.16948139667510986 0.0005216734134592116
v 0.2663874328136444 0.16946448385715485 0.0028233632910996675
v 0.12618589401245117 0.2879693806171417 -0.03591284155845642
v 0.11547435075044632 0.2917766273021698 -0.03530660644173622
v 0.1284331977367401 0.28755247592926025 -0.0073566255159676075
v 0.2562118470668793 0.15579010546207428 -0.03422512859106064
v 0.25525084137916565 0.15748296678066254 -0.04574441537261009
v 0.2717801630496979 0.15964443981647491 -0.05086773261427879
v 0.2727353870868683 0.1571151614189148 -0.03887243941426277
v 0.3490147292613983 0.24388526380062103 0.01749487593770027
v 0.32540103793144226 0.24309298396110535 0.018192108720541
v 0.31195688247680664 0.15904685854911804 -0.032170526683330536
v 0.2915670573711395 0.15772098302841187 -0.029640819877386093
v 0.29202935099601746 0.15754052996635437 -0.04342249780893326
v 0.3132491409778595 0.16123057901859283 -0.04641161859035492
v 0.1485534906387329 0.001394710037857294 -0.05269753187894821
v 0.1341150850057602 0.008919247426092625 -0.07078559696674347
v 0.12339571863412857 -0.13428401947021484 -0.05846166983246803
v 0.11737613379955292 -0.11135317385196686 -0.057548150420188904
v 0.1327047049999237 -0.11380903422832489 -0.040717415511608124
v 0.1395949274301529 -0.1354672908782959 -0.04146654158830643
v 0.1545732170343399 -0.15867991745471954 -0.01871158555150032
v 0.12650234997272491 -0.15750199556350708 -0.056387320160865784
v 0.14280396699905396 -0.15760166943073273 -0.040013786405324936
v 0.0694270059466362 0.3167310953140259 -0.035195037722587585
v 0.07709381729364395 0.31126436591148376 -0.03850913047790527
v 0.06610986590385437 0.30761125683784485 -0.054757289588451385
v 0.05954006314277649 0.3158714175224304 -0.049424752593040466
v 0.17242583632469177 -0.27702197432518005 -0.020975369960069656
v 0.1771746277809143 -0.2801172733306885 0.009179091081023216
v 0.1778782457113266 -0.3047528564929962 0.0011548836482688785
v 0.171631321310997 -0.30474305152893066 -0.027982328087091446
v 0.03420579433441162 0.2962788939476013 -0.07036995142698288
v 0.030186006799340248 0.3078001141548157 -0.06343486905097961
v 0.045493751764297485 0.3117906153202057 -0.05817512422800064
v 0.05146849900484085 0.3017301559448242 -0.06423354893922806
v 0.16974924504756927 -0.2514932155609131 -0.017613889649510384
v 0.17417994141578674 -0.2554684281349182 0.011294174939393997
v 0.07377839088439941 0.3135237693786621 -0.01592753455042839
v 0.08126561343669891 0.30703261494636536 -0.01693711429834366
v 0.07367686927318573 0.30748245120048523 0.002495755674317479
v 0.08058764040470123 0.2997611165046692 0.002153902081772685
v 0.06741125881671906 0.30259406566619873 0.019832609221339226
v 0.17644642293453217 -0.2869170606136322 0.03644879534840584
v 0.1798771619796753 -0.31395238637924194 0.031857386231422424
v 0.05347752943634987 0.32385292649269104 -0.04269862174987793
v 0.04129263013601303 0.3211342990398407 -0.05173991993069649
v 0.027588339522480965 0.3188762962818146 -0.05661776661872864
v 0.013081642799079418 0.31870922446250916 -0.058904897421598434
v -0.0019528523553162813 0.3189541697502136 -0.05919326841831207
v -0.002142799086868763 0.3324880599975586 -0.0509118027985096
v 0.16135604679584503 -0.18165476620197296 0.009338881820440292
v 0.15694493055343628 -0.1791970431804657 -0.01763930357992649
v 0.1216183453798294 -0.41240569949150085 -0.10729953646659851
v 0.12264033406972885 -0.4271215796470642 -0.09679922461509705
v 0.08936898410320282 -0.42840540409088135 -0.10834740102291107
v 0.09360743314027786 -0.4172478914260864 -0.11489948630332947
v 0.02535419724881649 -0.4044467806816101 -0.11956878006458282
v 0.060588110238313675 -0.41424232721328735 -0.12051978707313538
v 0.054612886160612106 -0.42451316118240356 -0.11114950478076935
v 0.02047564834356308 -0.4140947461128235 -0.10862509161233902
v 0.03325807303190231 -0.29202011227607727 -0.1210569217801094
v 0.033789265900850296 -0.26976460218429565 -0.11206226795911789
v 0.061594683676958084 -0.26882123947143555 -0.11059883236885071
v 0.06202423572540283 -0.2910580039024353 -0.12054666876792908
v 0.14542268216609955 -0.17839625477790833 -0.03939536213874817
v 0.12932609021663666 -0.1789046674966812 -0.05574248358607292
v 0.1583978533744812 -0.1862928569316864 0.03746122121810913
v 0.17943903803825378 -0.45268744230270386 0.044441964477300644
v 0.17732791602611542 -0.48818713426589966 0.04184042662382126
v 0.1810705065727234 -0.4797342121601105 0.0011303210631012917
v 0.18588943779468536 -0.44357553124427795 0.001119096647016704
v 0.14558494091033936 -0.4739893674850464 -0.06336729228496552
v 0.11383911967277527 -0.4728376269340515 -0.08078794181346893
v 0.11850850284099579 -0.4479565918445587 -0.08794820308685303
v 0.15068015456199646 -0.444844126701355 -0.06859782338142395
v 0.07965987175703049 -0.19324013590812683 0.13762223720550537
v 0.07838448882102966 -0.21853050589561462 0.13468150794506073
v 0.09818103909492493 -0.21295525133609772 0.11913318186998367
v 0.016840508207678795 -0.20436057448387146 0.16184452176094055
v 0.015279251150786877 -0.23049108684062958 0.1561938375234604
v 0.036705199629068375 -0.22720493376255035 0.15432515740394592
v 0.03970088064670563 -0.2007005512714386 0.15960776805877686
v 0.020575538277626038 -0.3525821566581726 0.13892881572246552
v 0.025562699884176254 -0.3249880075454712 0.13546520471572876
v 0.00999084860086441 -0.32852989435195923 0.1395755559206009
v 0.0078661497682333 -0.35448339581489563 0.14150860905647278
v 0.16889947652816772 -0.29516762495040894 0.06177045404911041
v 0.16277745366096497 -0.27270057797431946 0.06350572407245636
v 0.14480966329574585 -0.2814567983150482 0.08393251150846481
v 0.148834690451622 -0.30384892225265503 0.08300067484378815
v 0.04781569913029671 -0.43565091490745544 -0.09543362259864807
v 0.017073126509785652 -0.42308273911476135 -0.09209740906953812
v 0.16169841587543488 -0.459876149892807 0.08385955542325974
v 0.16092319786548615 -0.49528437852859497 0.08052073419094086
v 0.13244161009788513 -0.5007960796356201 0.10872922092676163
v 0.13395781815052032 -0.46717795729637146 0.11180494725704193
v 0.10014067590236664 -0.4697536826133728 0.12209244817495346
v 0.09733366221189499 -0.49971508979797363 0.11822811514139175
v 0.006084500811994076 -0.4301910996437073 0.08443136513233185
v 0.006935051642358303 -0.4360616207122803 0.0808044821023941
v 0.022836236283183098 -0.42315059900283813 0.10613138228654861
v 0.017426902428269386 -0.4124486446380615 0.11403170973062515
v 0.029265979304909706 -0.3774063289165497 -0.1292075216770172
v 0.061246082186698914 -0.3814404308795929 -0.13096511363983154
v 0.061207644641399384 -0.3984518051147461 -0.12770213186740875
v 0.028660722076892853 -0.39357540011405945 -0.1244635358452797
v 0.11028613895177841 -0.18036654591560364 -0.06756135821342468
v 0.10753127187490463 -0.1577991545200348 -0.06800640374422073
v 0.08770632743835449 -0.15825358033180237 -0.07556203007698059
v 0.08500156551599503 -0.1326926350593567 -0.07747802883386612
v 0.10481585562229156 -0.133572056889534 -0.07050486654043198
v 0.09418772161006927 0.028770608827471733 -0.09445159882307053
v 0.10258327424526215 0.0515669509768486 -0.09535879641771317
v 0.12352559715509415 0.03909409046173096 -0.08423168957233429
v 0.1156994178891182 0.018302908167243004 -0.08425523340702057
v 0.055630527436733246 0.1937742829322815 -0.10806901007890701
v 0.05602387711405754 0.1763511449098587 -0.11034835129976273
v 0.07747842371463776 -0.4656117260456085 -0.08828519284725189
v 0.07913804799318314 -0.4951634407043457 -0.07932087033987045
v 0.044080641120672226 -0.48936033248901367 -0.07344239205121994
v 0.03540831059217453 -0.4521445035934448 -0.0793570727109909
v 0.14119496941566467 -0.5030909180641174 -0.05879354476928711
v 0.17030920088291168 -0.4744168519973755 -0.035829462110996246
v 0.16320917010307312 -0.5070754885673523 -0.034041628241539
v 0.17278069257736206 -0.5214712023735046 0.04065684229135513
v 0.1753215193748474 -0.5137867331504822 0.001031508669257164
v 0.1284516304731369 -0.5326775908470154 0.1055469959974289
v 0.09302502870559692 -0.5299407243728638 0.112973153591156
v 0.01045236736536026 -0.4918302297592163 0.07552189379930496
v 0.008422739803791046 -0.5145837664604187 0.06535135209560394
v 0.03049515374004841 -0.5193638205528259 0.08671615272760391
v 0.032992102205753326 -0.4944996237754822 0.09582359343767166
v 0.05884222686290741 -0.3494091331958771 0.11969766020774841
v 0.06859948486089706 -0.37676453590393066 0.1208987906575203
v 0.097538523375988 -0.35571199655532837 0.11229526996612549
v 0.09385168552398682 -0.3285065293312073 0.1081438735127449
v 0.040350135415792465 -0.17270173132419586 0.16018299758434296
v 0.021276256069540977 -0.17705722153186798 0.1629568636417389
v 0.07954306155443192 -0.16688084602355957 0.13623647391796112
v 0.059730369597673416 -0.1692907214164734 0.15114663541316986
v 0.05967514589428902 -0.19717274606227875 0.15140588581562042
v 0.04511405900120735 -0.06271984428167343 0.1476193517446518
v 0.04181811958551407 -0.0894332006573677 0.15084664523601532
v 0.0651898980140686 -0.08914357423782349 0.14095596969127655
v 0.0690869614481926 -0.0628458559513092 0.13797326385974884
v 0.07274708151817322 -0.03592877462506294 0.1352999359369278
v 0.04833945631980896 -0.03586844354867935 0.14385224878787994
v 0.050591565668582916 0.01696939207613468 0.13203299045562744
v 0.07502763718366623 0.013676665723323822 0.1268160343170166
v 0.07428465783596039 0.03500758856534958 0.12521886825561523
v 0.03794411942362785 0.19177736341953278 0.09394277632236481
v 0.03728041052818298 0.17538070678710938 0.10159333050251007
v 0.17180204391479492 -0.32122188806533813 0.05860118567943573
v 0.005574752576649189 -0.4606344699859619 -0.049178287386894226
v 0.013633523136377335 -0.4907068610191345 -0.052994996309280396
v -0.002732791006565094 -0.49676308035850525 -0.02283865213394165
v -0.004585606046020985 -0.472027987241745 -0.01446898840367794
v 0.17164644598960876 -0.2638980746269226 0.038725607097148895
v 0.14921335875988007 -0.171845942735672 0.06203514337539673
v 0.148783341050148 -0.19244422018527985 0.06274691224098206
v 0.15715494751930237 0.022381283342838287 0.054858941584825516
v 0.1585370898246765 -0.006022069603204727 0.05121580511331558
v 0.08556535094976425 0.08774759620428085 0.1324940323829651
v 0.08466218411922455 0.10083261877298355 0.13178229331970215
v 0.17576295137405396 -0.44058293104171753 -0.038411565124988556
v 0.12295383960008621 -0.5617758631706238 0.10025230795145035
v 0.08781293034553528 -0.5592321753501892 0.105958953499794
v 0.08170641213655472 -0.5861688852310181 0.09839969873428345
v 0.11595695465803146 -0.5882028937339783 0.09350080788135529
v -0.0019111596047878265 -0.5350122451782227 0.028150130063295364
v 0.0020977193489670753 -0.5617085695266724 0.017772357910871506
v 0.010597903281450272 -0.5657173991203308 0.0437038391828537
v 0.008731184527277946 -0.5400906801223755 0.05381658673286438
v 0.006698974408209324 -0.5880009531974792 0.0100947180762887
v 0.009423444047570229 -0.6135019063949585 0.0029289312660694122
v 0.012842870317399502 -0.6190518140792847 0.027160337194800377
v 0.012998383492231369 -0.5931628346443176 0.035794757306575775
v 0.15702952444553375 -0.5301341414451599 0.07888998091220856
v 0.160350039601326 -0.5805536508560181 0.04016633331775665
v 0.16681967675685883 -0.5532150268554688 0.04120079427957535
v 0.15146571397781372 -0.5600774884223938 0.07614311575889587
v 0.14490291476249695 -0.5868893265724182 0.07231241464614868
v 0.11211374402046204 -0.5004590749740601 -0.07303324341773987
v -0.0032502184621989727 -0.48819786310195923 0.050962626934051514
v -0.0035594506189227104 -0.5097683668136597 0.039657946676015854
v 0.010219312272965908 -0.5551161766052246 -0.03384191542863846
v 0.003186275251209736 -0.5262627005577087 -0.0288788303732872
v 0.02129233255982399 -0.5230917930603027 -0.05460590869188309
v 0.0281148012727499 -0.5526039600372314 -0.05683007836341858
v 0.13754451274871826 -0.5577918887138367 -0.05258307605981827
v 0.13914209604263306 -0.53110271692276 -0.054761603474617004
v 0.15924936532974243 -0.5359713435173035 -0.02944371849298477
v 0.1558387130498886 -0.5635766386985779 -0.0275762677192688
v 0.16895534098148346 -0.5441094636917114 0.004113165661692619
v 0.1632489562034607 -0.5716297626495361 0.0050457194447517395
v 0.14678199589252472 -0.6319023966789246 0.03661614656448364
v 0.1536300629377365 -0.6066898107528687 0.03837219625711441
v 0.13684864342212677 -0.6125450730323792 0.06809289008378983
v 0.12789705395698547 -0.6372829079627991 0.0637107565999031
v 0.15071193873882294 -0.6225873231887817 0.003940070979297161
v 0.15662327408790588 -0.5969491600990295 0.004666653461754322
v 0.1477062851190567 -0.613970160484314 -0.025114838033914566
v 0.1515641063451767 -0.5886691212654114 -0.02617812529206276
v 0.13263261318206787 -0.6074733734130859 -0.047321174293756485
v 0.1354457437992096 -0.5825504064559937 -0.050192851573228836
v 0.11260397732257843 -0.6034775972366333 -0.06343846023082733
v 0.11287865787744522 -0.5791325569152832 -0.06656786054372787
v 0.08668822795152664 -0.5771108865737915 -0.07329624891281128
v 0.08897346258163452 -0.6017462611198425 -0.07029493898153305
v 0.06444576382637024 -0.601433277130127 -0.06758800894021988
v 0.05931703746318817 -0.5769012570381165 -0.07026229798793793
v 0.023629803210496902 -0.6060770750045776 -0.041643403470516205
v 0.01768159307539463 -0.5814415812492371 -0.0377957783639431
v 0.034868113696575165 -0.5786178112030029 -0.058445315808057785
v 0.041148677468299866 -0.6033071875572205 -0.058690667152404785
v 0.04721624031662941 -0.7043306827545166 -0.05193697288632393
v 0.03887951746582985 -0.6783098578453064 -0.05202309787273407
v 0.05859589949250221 -0.6754575967788696 -0.05773928016424179
v 0.06450950354337692 -0.7008901834487915 -0.05695168673992157
v 0.08157538622617722 -0.6981670260429382 -0.06369874626398087
v 0.0772094652056694 -0.6737161874771118 -0.0620841346681118
v 0.09575577825307846 -0.6733459234237671 -0.06314605474472046
v 0.09953942894935608 -0.697206437587738 -0.06426606327295303
v 0.1273924857378006 -0.6794147491455078 -0.040357571095228195
v 0.1296236366033554 -0.7034623026847839 -0.041575632989406586
v 0.11618915945291519 -0.698794424533844 -0.05677931383252144
v 0.11303380876779556 -0.6748947501182556 -0.05555279925465584
v 0.14269055426120758 -0.6855558156967163 -0.022891219705343246
v 0.14229699969291687 -0.7088607549667358 -0.023637859150767326
v 0.14315520226955414 -0.693318784236908 0.0022025834769010544
v 0.13877801597118378 -0.7163203358650208 0.0014781615464016795
v 0.12708893418312073 -0.7004767060279846 0.029362328350543976
v 0.12721696496009827 -0.7229616641998291 0.029209714382886887
v 0.013907160609960556 -0.6935791969299316 -0.0008889036253094673
v 0.013441878370940685 -0.6882733106613159 -0.02053140476346016
v 0.021340176463127136 -0.7134131789207458 -0.026363082230091095
v 0.020102504640817642 -0.7188714146614075 -0.006668861955404282
v 0.04371245205402374 -0.7019004821777344 0.038264110684394836
v 0.04607229307293892 -0.7251036167144775 0.02899353951215744
v 0.06157441437244415 -0.7270995378494263 0.05056457594037056
v 0.06049962714314461 -0.7041674852371216 0.060415007174015045
v 0.1388569474220276 -0.6553874611854553 0.033942993730306625
v 0.14634042978286743 -0.646636426448822 0.003424626775085926
v 0.14403100311756134 -0.638218104839325 -0.023902438580989838
v 0.12926143407821655 -0.6316143870353699 -0.043760865926742554
v 0.028378628194332123 -0.629668653011322 -0.04583527892827988
v 0.04707569256424904 -0.6266340017318726 -0.059054844081401825
v 0.012741722166538239 -0.6444629430770874 0.0180012509226799
v 0.010134667158126831 -0.6386352777481079 -0.0047690956853330135
v 0.08925473690032959 -0.6849801540374756 0.07293154299259186
v 0.11499249935150146 -0.6834624409675598 0.05766397714614868
v 0.119217149913311 -0.6604178547859192 0.059642400592565536
v 0.09312618523836136 -0.6621790528297424 0.07570279389619827
v 0.14516708254814148 -0.6700974106788635 0.0025833742693066597
v 0.14240849018096924 -0.6618868708610535 -0.023193897679448128
v 0.12722770869731903 -0.6554549932479858 -0.04099620506167412
v 0.09304533153772354 -0.6495406031608582 -0.06428451836109161
v 0.11180943995714188 -0.6510546207427979 -0.05661794915795326
v 0.07317405194044113 -0.6496207118034363 -0.06303837895393372
v 0.033039841800928116 -0.6535555124282837 -0.049702152609825134
v 0.05260240659117699 -0.650722324848175 -0.059211328625679016
v 0.01322027388960123 -0.6694015860557556 0.008348328061401844
v 0.010609273798763752 -0.6635323166847229 -0.012834334746003151
v 0.087095245718956 -0.7278844714164734 0.05964752286672592
v 0.11315473169088364 -0.726742684841156 0.05100146681070328
v 0.11347673833370209 -0.7056098580360413 0.0553060919046402
v 0.08756183087825775 -0.7070667147636414 0.06835874170064926
v 0.08736386895179749 -0.7469104528427124 0.04871812462806702
v 0.06585119664669037 -0.7463220357894897 0.03928947448730469
v 0.10378536581993103 -0.7224140167236328 -0.06692540645599365
v 0.08589698374271393 -0.7230558395385742 -0.0682147815823555
v 0.11996985971927643 -0.7240570187568665 -0.059724774211645126
v 0.13757914304733276 -0.7401236891746521 0.0025900211185216904
v 0.14307966828346252 -0.7323242425918579 -0.02515849657356739
v 0.12408962845802307 -0.7460991740226746 0.028149325400590897
v 0.10830404609441757 -0.7462248802185059 0.044528212398290634
v 0.03566133603453636 -0.7640467882156372 -0.035133156925439835
v 0.03467371314764023 -0.7676448822021484 -0.017090249806642532
v 0.027882922440767288 -0.7420772910118103 -0.01205357164144516
v 0.03107965923845768 -0.7381640076637268 -0.029682863503694534
v 0.055463436990976334 -0.7564340829849243 -0.06418705731630325
v 0.05427463725209236 -0.7300202250480652 -0.05249173939228058
v 0.06896193325519562 -0.7261911034584045 -0.06215689331293106
v 0.07098345458507538 -0.7519882321357727 -0.07588673382997513
v 0.10970383882522583 -0.7486366629600525 -0.07689324021339417
v 0.09025800228118896 -0.7491933703422546 -0.07983675599098206
v 0.12783968448638916 -0.7490672469139099 -0.0682108923792839
v 0.1461198478937149 -0.7580413222312927 -0.026087962090969086
v 0.14275437593460083 -0.7517668604850769 -0.05154404416680336
v 0.13520275056362152 -0.7268526554107666 -0.04607735946774483
v 0.13959583640098572 -0.7650659084320068 0.00510729756206274
v 0.11864179372787476 -0.798202395439148 0.023428743705153465
v 0.14255544543266296 -0.7917664051055908 0.0047035543248057365
v 0.11669749766588211 -0.7717053890228271 0.027229152619838715
v 0.09414328634738922 -0.8879225850105286 0.010342416353523731
v 0.09392625093460083 -0.9193463325500488 0.004184321500360966
v 0.11725368350744247 -0.9183076024055481 0.004544632509350777
v 0.12032457441091537 -0.8866456151008606 0.011246939189732075
v 0.03421688824892044 -0.7911049723625183 -0.04346314072608948
v 0.03595592826604843 -0.7941010594367981 -0.022310994565486908
v 0.07257088273763657 -0.7794060111045837 -0.08797096461057663
v 0.0537063330411911 -0.7838476896286011 -0.07669693231582642
v 0.15712173283100128 -0.8134949803352356 -0.031611476093530655
v 0.154835045337677 -0.808269739151001 -0.06054311245679855
v 0.15001188218593597 -0.7787590622901917 -0.05558257922530174
v 0.1524248719215393 -0.7847141027450562 -0.027608472853899002
v 0.031202789396047592 -0.8827364444732666 -0.03712975233793259
v 0.02929912693798542 -0.8522672057151794 -0.0326896607875824
v 0.029089640825986862 -0.8500699400901794 -0.05629028007388115
v 0.030716199427843094 -0.8811613321304321 -0.059436000883579254
v 0.07103507220745087 -0.8095656037330627 -0.09675150364637375
v 0.07050212472677231 -0.8410241603851318 -0.10230229049921036
v 0.05080906301736832 -0.8442641496658325 -0.09129234403371811
v 0.05110946297645569 -0.8134135603904724 -0.08535383641719818
v 0.15405632555484772 -0.8777151107788086 -0.037371184676885605
v 0.15299732983112335 -0.8741252422332764 -0.06515712291002274
v 0.15606538951396942 -0.8400487303733826 -0.0643591582775116
v 0.15762394666671753 -0.8446985483169556 -0.03491814061999321
v 0.12100912630558014 -0.8258069157600403 0.020792782306671143
v 0.12255486100912094 -0.8558109402656555 0.016361743211746216
v 0.14577116072177887 -0.8502992391586304 -0.0038349623791873455
v 0.1457192450761795 -0.8201615810394287 0.0004683351144194603
v 0.09241747111082077 -0.8279842138290405 0.020560985431075096
v 0.0938783586025238 -0.8571358919143677 0.01646609604358673
v 0.04837605357170105 -0.9467389583587646 -0.05855027586221695
v 0.048011209815740585 -0.9495527148246765 -0.04052722081542015
v 0.039166659116744995 -0.9158985614776611 -0.03897719085216522
v 0.03929014131426811 -0.9135175347328186 -0.059672530740499496
v 0.07322486490011215 -0.8736407160758972 -0.10307756066322327
v 0.07711740583181381 -0.9074395298957825 -0.09854107350111008
v 0.059078045189380646 -0.9094403386116028 -0.08951225876808167
v 0.05296623706817627 -0.8764560222625732 -0.09338246285915375
v 0.14181743562221527 -0.9482995867729187 -0.04064307361841202
v 0.13920274376869202 -0.945594072341919 -0.06338869780302048
v 0.14650364220142365 -0.9097124934196472 -0.06466562300920486
v 0.1482924520969391 -0.9123450517654419 -0.03979053348302841
v 0.11396931856870651 -0.9522168636322021 -0.002129161963239312
v 0.1340251863002777 -0.9508892297744751 -0.016620345413684845
v 0.1393045336008072 -0.9155830144882202 -0.011656212620437145
v 0.09270646423101425 -0.9525529742240906 -0.001634857733733952
v 0.09148489683866501 -0.9852057099342346 -0.004731968976557255
v 0.10960210114717484 -0.9852697253227234 -0.0050706700421869755
v 0.05442450940608978 -0.9792816638946533 -0.05695980042219162
v 0.05588270723819733 -0.9811028242111206 -0.04069036617875099
v 0.06636732816696167 -0.9761402606964111 -0.0800534337759018
v 0.06474859267473221 -0.9428774118423462 -0.08396878838539124
v 0.07987134903669357 -0.9413233995437622 -0.09237184375524521
v 0.08003474026918411 -0.974316418170929 -0.08838000148534775
v 0.11641085147857666 -0.9425080418586731 -0.08997945487499237
v 0.11331690102815628 -0.9754112362861633 -0.08516868948936462
v 0.09708023071289062 -0.9739382863044739 -0.09024377167224884
v 0.09828285127878189 -0.94118732213974 -0.09464932233095169
v 0.13162973523139954 -0.9783220291137695 -0.06104704365134239
v 0.1241612657904625 -0.9765956997871399 -0.07550318539142609
v 0.13050492107868195 -0.9436382055282593 -0.08009613305330276
v 0.13493496179580688 -0.9811601638793945 -0.040679313242435455
v 0.12800069153308868 -0.9841050505638123 -0.018023544922471046
v -0.003017174545675516 -0.4359080195426941 -0.021373223513364792
v 0.002226208569481969 -0.44192811846733093 -0.036611735820770264
v -0.005133225116878748 -0.4560849070549011 -0.001740574836730957
v -0.006811234634369612 -0.448580265045166 0.013277658261358738
v 0.02822193317115307 -0.5730078816413879 0.06827306747436523
v 0.02918156422674656 -0.5458663702011108 0.07771966606378555
v 0.02408616617321968 -0.6261925101280212 0.05073411762714386
v 0.026906991377472878 -0.6005601286888123 0.06063791364431381
v 0.02412562258541584 -0.6508943438529968 0.04063550382852554
v 0.02650636062026024 -0.6994920372962952 0.01934807188808918
v 0.024848660454154015 -0.6751578450202942 0.030001617968082428
v 0.029402200132608414 -0.7230335474014282 0.011076622642576694
v 0.03570355847477913 -0.7466984987258911 0.005778861697763205
v 0.042803630232810974 -0.7714008688926697 0.0021724216639995575
v 0.045700229704380035 -0.824253499507904 -0.006703244987875223
v 0.047235023230314255 -0.7966318726539612 -0.0030315155163407326
v 0.03246188163757324 -0.822558581829071 -0.02766413986682892
v 0.044487886130809784 -0.8848633766174316 -0.01406079437583685
v 0.04349331185221672 -0.8538013100624084 -0.010211951099336147
v 0.057285770773887634 -0.9517340660095215 -0.022879648953676224
v 0.04995017126202583 -0.918111264705658 -0.018321791663765907
v 0.06415243446826935 -0.9831486344337463 -0.024982532486319542
v 0.06893684715032578 -0.44534435868263245 0.12031289935112
v 0.07148295640945435 -0.42283764481544495 0.12264162302017212
v 0.043336156755685806 -0.43488138914108276 0.11558907479047775
v 0.040025968104600906 -0.4516676664352417 0.10986638069152832
v -0.0026001089718192816 -0.43269503116607666 0.04354967176914215
v -0.004411997739225626 -0.43584370613098145 0.040941089391708374
v -0.0004737324779853225 -0.43832728266716003 0.06020650640130043
v -1.1656899005174637e-05 -0.435487300157547 0.06285331398248672
v 0.1321510672569275 -0.6777709722518921 0.031333837658166885
v 0.11224032193422318 -0.6272830963134766 -0.05942149832844734
v 0.0692366510629654 -0.6251742243766785 -0.06461159139871597
v 0.09104740619659424 -0.625589907169342 -0.06653252243995667
v 0.03795578330755234 -0.6809731721878052 0.05299660935997963
v 0.061390917748212814 -0.682938814163208 0.06837152689695358
v 0.06335359811782837 -0.6610578298568726 0.07696443051099777
v 0.04040916636586189 -0.6571252942085266 0.06248585507273674
v 0.0907435342669487 -0.8026256561279297 0.024501608684659004
v 0.06626439094543457 -0.8001037836074829 0.013236398808658123
v 0.06773103773593903 -0.8264606595039368 0.0077414000406861305
v 0.08989910781383514 -0.780743420124054 0.030936449766159058
v 0.13607187569141388 -0.7755979895591736 -0.076532743871212
v 0.1165759339928627 -0.7750537395477295 -0.08818763494491577
v 0.09558689594268799 -0.8060999512672424 -0.10126875340938568
v 0.09461145102977753 -0.7765111327171326 -0.0916624441742897
v 0.12046822905540466 -0.8044333457946777 -0.09749811887741089
v 0.04723448306322098 -0.6080194115638733 0.08060871809720993
v 0.04322822019457817 -0.6328333020210266 0.0714566707611084
v 0.069310262799263 -0.6369718313217163 0.08313481509685516
v 0.07512743026018143 -0.6121723055839539 0.09080477058887482
v 0.11398641765117645 -0.08826913684606552 -0.0578024722635746
v 0.1282995045185089 -0.09195654094219208 -0.0411277636885643
v 0.14146257936954498 0.058471012860536575 0.08775033801794052
v 0.13142681121826172 0.05174960941076279 0.096188023686409
v 0.1357346922159195 0.03578214719891548 0.08748915046453476
v 0.1473471075296402 0.042897697538137436 0.07440465688705444
v 0.15576094388961792 0.054756008088588715 0.06468328088521957
v 0.14993803203105927 0.06866084784269333 0.07981621474027634
v 0.16192543506622314 0.06980884075164795 0.05670454725623131
v 0.15656858682632446 0.08274310827255249 0.07215076684951782
v 0.18220171332359314 0.13451802730560303 0.032252341508865356
v 0.19126486778259277 0.14281149208545685 0.027408204972743988
v 0.025482233613729477 0.013780352659523487 0.13480700552463531
v 0.024286706000566483 -0.011730589903891087 0.1412929892539978
v 0.05033940076828003 -0.009624198079109192 0.13853119313716888
v 0.05761745944619179 -0.22343215346336365 0.14705532789230347
v 0.06543909013271332 -0.3135227560997009 0.11972799897193909
v 0.04345513507723808 -0.3202000856399536 0.12821809947490692
v 0.03649885207414627 -0.35244694352149963 0.13265347480773926
v 0.0032367438543587923 -0.4192388653755188 0.11364231258630753
v -0.003406380070373416 -0.4284849762916565 0.09582417458295822
v -0.0036806901916861534 -0.435409277677536 0.06718563288450241
v -0.0035178172402083874 -0.4332613945007324 0.04475921392440796
v 0.06443561613559723 -0.018442191183567047 -0.09772982448339462
v 0.0670672357082367 0.011452947743237019 -0.10033729672431946
v 0.016704458743333817 0.19779299199581146 -0.09403619915246964
v 0.03602471202611923 0.2028893679380417 -0.0988815426826477
v 0.03458083048462868 0.23249216377735138 -0.09285270422697067
v 0.016613900661468506 0.22680853307247162 -0.08940412849187851
v 0.016182174906134605 0.24034671485424042 -0.08687982708215714
v 0.033433038741350174 0.2459089308977127 -0.08962345123291016
v 0.014848379418253899 0.3057224750518799 -0.06639713793992996
v 0.016827473416924477 0.292820006608963 -0.07304305583238602
v -0.005472130607813597 -0.43011757731437683 0.02043105475604534
v -0.005812838673591614 -0.4311367869377136 0.009836899116635323
v -0.005800260696560144 -0.43917566537857056 0.035970404744148254
v 0.012974157929420471 -0.4723292291164398 0.08496010303497314
v 0.01643570140004158 -0.457267165184021 0.09281043708324432
v 0.0008990751812234521 -0.4590553045272827 0.07089497894048691
v -0.001495715812779963 -0.471444696187973 0.06185171380639076
v 0.18686021864414215 -0.40809762477874756 0.005247617140412331
v 0.17949829995632172 -0.4168500602245331 0.04751947522163391
v 0.08329462260007858 -0.4453170895576477 -0.09641574323177338
v 0.35838350653648376 0.17317697405815125 -0.04701940715312958
v 0.33534640073776245 0.1667093187570572 -0.047515902668237686
v 0.3367585837841034 0.17591170966625214 -0.05915049836039543
v 0.3594892621040344 0.18255633115768433 -0.05735474079847336
v 0.06644770503044128 0.09770245105028152 -0.10906803607940674
v 0.07670639455318451 0.06974266469478607 -0.10440126806497574
v 0.08698473870754242 0.2917177379131317 0.005037997849285603
v 0.1542942374944687 0.2861548662185669 -0.0018737450009211898
v 0.14068706333637238 0.2867235839366913 -0.005293199326843023
v 0.14458873867988586 0.27662643790245056 0.0209839828312397
v 0.15655896067619324 0.2770448923110962 0.024523166939616203
v 0.1515570878982544 0.243095263838768 -0.08146914839744568
v 0.13722708821296692 0.24104711413383484 -0.08803141862154007
v 0.1381232738494873 0.25781798362731934 -0.07613303512334824
v 0.1513175666332245 0.257907897233963 -0.06899123638868332
v 0.061079442501068115 -0.31456542015075684 -0.1286908984184265
v 0.031689975410699844 -0.31525713205337524 -0.12840969860553741
v 0.0407906100153923 -0.10148307681083679 -0.088094562292099
v 0.04061055928468704 -0.0730023980140686 -0.09214460849761963
v 0.06106406822800636 -0.07697711884975433 -0.08976401388645172
v 0.06197521835565567 -0.10440167784690857 -0.08557254821062088
v 0.09973116219043732 0.0855734795331955 -0.10219191014766693
v 0.11679582297801971 0.0699990838766098 -0.09264741092920303
v 0.03587287291884422 0.10033436119556427 0.12783929705619812
v 0.052670493721961975 0.10760576277971268 0.1303068846464157
v 0.05291285365819931 0.1270996779203415 0.12405379861593246
v 0.03539718687534332 0.12232216447591782 0.12230347096920013
v 0.3054799437522888 0.19843344390392303 -0.07222440093755722
v 0.3124636113643646 0.18237338960170746 -0.06805166602134705
v 0.29046809673309326 0.17451530694961548 -0.06545078009366989
v 0.28513360023498535 0.18462833762168884 -0.07030145823955536
v 0.15325795114040375 -0.41762062907218933 -0.07715623080730438
v 0.17877691984176636 -0.39986589550971985 -0.04290369153022766
v 0.14918886125087738 -0.04850563406944275 -0.027322513982653618
v 0.14397644996643066 -0.0727904736995697 -0.02399183064699173
v 0.13123708963394165 -0.06850367784500122 -0.04531123489141464
v 0.1363258957862854 -0.04393768683075905 -0.049458134919404984
v 0.16277064383029938 0.01726135052740574 -0.02973099611699581
v 0.15890555083751678 -0.0032511481549590826 -0.030362065881490707
v 0.16658395528793335 0.036896198987960815 -0.02882758155465126
v 0.22428473830223083 0.14599956572055817 -0.03919333964586258
v 0.21432241797447205 0.1351088583469391 -0.036411795765161514
v 0.2123347967863083 0.13847516477108002 -0.04592648521065712
v 0.03646406903862953 -0.4714314341545105 0.10337477177381516
v 0.04373254254460335 -0.40162181854248047 0.12147490680217743
v 0.03657061979174614 -0.3862627446651459 0.12572546303272247
v -0.003898391267284751 -0.42668581008911133 0.024908015504479408
v -0.0029955729842185974 -0.4273337423801422 0.02628706395626068
v 0.06371619552373886 0.3138270676136017 0.022745070978999138
v 0.06813392043113708 0.3175393044948578 0.005297771655023098
v 0.27250874042510986 0.15819348394870758 -0.025616256520152092
v 0.2553604543209076 0.15752236545085907 -0.021460840478539467
v 0.19526517391204834 0.11333971470594406 -0.018196266144514084
v 0.20468778908252716 0.12217406928539276 -0.021166782826185226
v 0.20121623575687408 0.12517569959163666 -0.005886273458600044
v 0.19214566051959991 0.11666753888130188 -0.001580963609740138
v 0.19546523690223694 0.11345488578081131 -0.03275005519390106
v 0.20464852452278137 0.12210778892040253 -0.03429535776376724
v 0.15282216668128967 0.19465069472789764 0.07503106445074081
v 0.154706671833992 0.21204829216003418 0.06702417135238647
v 0.14217525720596313 0.21535879373550415 0.06783472001552582
v 0.14028263092041016 0.19831031560897827 0.07730384916067123
v 0.12736141681671143 0.19942063093185425 0.07992088794708252
v 0.12874029576778412 0.21760885417461395 0.06930668652057648
v 0.11400680989027023 0.2180827558040619 0.07171168923377991
v 0.11236502230167389 0.1996740847826004 0.08292150497436523
v 0.08599258214235306 0.2722124755382538 0.03179704770445824
v 0.07044738531112671 0.2648688852787018 0.04852147772908211
v 0.05160778760910034 0.2583824098110199 0.058396462351083755
v 0.03356441110372543 0.25432080030441284 0.06458646804094315
v 0.017849702388048172 0.2797479033470154 -0.07821473479270935
v 0.038790345191955566 0.2839162349700928 -0.07765241712331772
v 0.03380712494254112 0.2705456018447876 -0.0830845758318901
v 0.01682310365140438 0.26625940203666687 -0.0817299485206604
v 0.0003389898920431733 0.26288411021232605 -0.07981208711862564
v 0.00012807059101760387 0.2766569256782532 -0.07680525630712509
v 0.0561525858938694 0.29794082045555115 0.03434230759739876
v 0.04202446714043617 0.2921963036060333 0.04699457809329033
v 0.029580291360616684 0.27570104598999023 0.05551288649439812
v 0.3492931127548218 0.25573810935020447 0.0032652514055371284
v 0.32636499404907227 0.2550477683544159 0.0030578458681702614
v 0.06262844800949097 0.3252161145210266 -0.029437003657221794
v 0.06793923676013947 0.32231006026268005 -0.012418868020176888
v 0.35005101561546326 0.26209017634391785 -0.014557902701199055
v 0.3266468644142151 0.2613358199596405 -0.014993924647569656
v 0.1332147866487503 0.2561664283275604 0.039428047835826874
v 0.14629797637462616 0.2580643594264984 0.04110563173890114
v 0.13196340203285217 0.2754179835319519 0.018767112866044044
v 0.053599439561367035 0.3095013201236725 0.037885572761297226
v 0.04080582410097122 0.3044767379760742 0.050684262067079544
v 0.18556000292301178 -0.3718774914741516 0.013561870902776718
v 0.17709247767925262 -0.38112446665763855 0.0502052865922451
v 0.1510302573442459 -0.10160823166370392 0.028472287580370903
v 0.14682745933532715 -0.10564890503883362 0.053314872086048126
v -0.004807087127119303 -0.0649842619895935 0.1511753350496292
v -0.006481475662440062 -0.08999064564704895 0.15463365614414215
v 0.017349407076835632 -0.09064289182424545 0.1550605446100235
v 0.02012643590569496 -0.06356154382228851 0.15168771147727966
v -0.0007508347625844181 0.010028543882071972 0.1332121044397354
v -0.002072932431474328 -0.01449443306773901 0.1397603154182434
v 0.015391472727060318 0.3099008798599243 0.06558298319578171
v 0.03858260065317154 -0.14418655633926392 0.15682843327522278
v 0.039146702736616135 -0.11634659022092819 0.1533435434103012
v 0.01505967602133751 -0.11882399022579193 0.15735599398612976
v 0.014409180730581284 -0.14915788173675537 0.16017641127109528
v 0.006392845883965492 -0.17883992195129395 0.1609683334827423
v 0.005347487051039934 -0.19316376745700836 0.16093653440475464
v 0.0151661466807127 -0.37379997968673706 0.14043103158473969
v 0.005666991695761681 -0.374885231256485 0.1422615498304367
v 0.2659597396850586 0.22759076952934265 0.0332786850631237
v 0.26522159576416016 0.24737894535064697 0.025099629536271095
v 0.24931341409683228 0.2493850588798523 0.029682064428925514
v 0.25055113434791565 0.22854986786842346 0.03691073879599571
v 0.08040162920951843 -0.1406666487455368 0.1318996548652649
v 0.05988576263189316 -0.14144562184810638 0.14718525111675262
v 0.17556306719779968 0.1348573863506317 0.05204354226589203
v 0.1757795661687851 0.1245812326669693 0.035369258373975754
v 0.024687644094228745 0.039903800934553146 0.12866444885730743
v 0.0691027119755745 0.1133982390165329 0.13039614260196686
v 0.0699252113699913 0.13047948479652405 0.124112568795681
v 0.08462328463792801 0.11667528748512268 0.12814190983772278
v 0.08607068657875061 0.13254863023757935 0.121904656291008
v -0.0026344326324760914 -0.4162360429763794 0.005117851309478283
v -0.0037601273506879807 -0.42849814891815186 0.01789223402738571
v 0.24873679876327515 0.23625007271766663 -0.06641964614391327
v 0.25082752108573914 0.22675393521785736 -0.06953871250152588
v 0.2387087047100067 0.22174938023090363 -0.07202692329883575
v 0.23685382306575775 0.23286449909210205 -0.06901028752326965
v -0.00718159694224596 -0.4817683696746826 0.020745044574141502
v -0.006221223622560501 -0.46659600734710693 0.03237143158912659
v 0.01070422399789095 -0.4266684651374817 -0.06861446797847748
v -0.0007057266193442047 -0.4229404628276825 -0.04946356266736984
v -0.000872692558914423 -0.42139163613319397 -0.05120311677455902
v -0.0014054831117391586 -0.41380083560943604 -0.06944014877080917
v 0.05913041904568672 -0.525233268737793 0.10430863499641418
v 0.06302990019321442 -0.4963540732860565 0.11164641380310059
v 0.05514903739094734 -0.5534712672233582 0.09668512642383575
v 0.051429182291030884 -0.5808719396591187 0.0890384390950203
v 0.05126198008656502 -0.7477615475654602 0.0222418662160635
v 0.06270123273134232 -0.7730934619903564 0.02111322619020939
v 0.06813342124223709 -0.855650007724762 0.003687489777803421
v 0.06915499269962311 -0.8863869905471802 -0.0006177574396133423
v 0.07164401561021805 -0.9188530445098877 -0.006061469670385122
v 0.07623988389968872 -0.984412670135498 -0.012457490898668766
v 0.07410479336977005 -0.9523508548736572 -0.010463258251547813
v 0.3514464199542999 0.2601703703403473 -0.03215760365128517
v 0.35372433066368103 0.25191304087638855 -0.04688294976949692
v 0.32956168055534363 0.25001075863838196 -0.04939744248986244
v 0.3267652988433838 0.25923866033554077 -0.03414700925350189
v 0.3100265860557556 0.16302986443042755 -0.016991857439279556
v 0.3310196101665497 0.16598762571811676 -0.01836954616010189
v 0.32938793301582336 0.17293651401996613 -0.0032306816428899765
v 0.307515412569046 0.1707720160484314 -0.0015494441613554955
v 0.3534763753414154 0.16882412135601044 -0.01962883584201336
v 0.33302944898605347 0.16326090693473816 -0.03356838971376419
v 0.35589075088500977 0.16840258240699768 -0.03427167981863022
v 0.35889142751693726 0.19590111076831818 -0.0642039105296135
v 0.3364853858947754 0.18928878009319305 -0.06659210473299026
v 0.3336208760738373 0.20522624254226685 -0.06929515302181244
v 0.357546865940094 0.2108319103717804 -0.06705711036920547
v 0.35517120361328125 0.23976077139377594 -0.05789261311292648
v 0.35664886236190796 0.22565999627113342 -0.06501409411430359
v 0.3330671489238739 0.22215865552425385 -0.06666156649589539
v 0.33214104175567627 0.237033873796463 -0.05984264984726906
v 0.350242555141449 0.19522276520729065 0.020397672429680824
v 0.32652410864830017 0.19450286030769348 0.02200288511812687
v 0.3275983929634094 0.1826983541250229 0.010827833786606789
v 0.35084620118141174 0.18323618173599243 0.009802211076021194
v 0.26509153842926025 0.26257890462875366 0.009790624491870403
v 0.24877910315990448 0.2662278711795807 0.01347873080521822
v 0.201945498585701 0.1650414764881134 0.03661361709237099
v 0.2143133282661438 0.17148759961128235 0.028386427089571953
v 0.21764938533306122 0.18568332493305206 0.04147255793213844
v 0.2048230618238449 0.1823481172323227 0.04782424494624138
v 0.3026508390903473 0.2427404373884201 0.019672514870762825
v 0.3035880923271179 0.2558497488498688 0.0038217874243855476
v 0.28272050619125366 0.2586975693702698 0.006592519581317902
v 0.28250348567962646 0.24423086643218994 0.021903950721025467
v 0.30372294783592224 0.19290180504322052 0.0242556631565094
v 0.28237470984458923 0.19083064794540405 0.027593541890382767
v 0.2833684980869293 0.17914490401744843 0.0154977822676301
v 0.3050364851951599 0.1809936910867691 0.012586410157382488
v 0.2914547026157379 0.16340477764606476 -0.05544887110590935
v 0.3135334849357605 0.1691369265317917 -0.058747511357069016
v 0.25030532479286194 0.2070353627204895 0.038738418370485306
v 0.2660656273365021 0.2071623057126999 0.03571468964219093
v 0.169808492064476 0.12385696917772293 0.055016934871673584
v 0.18562594056129456 0.10874653607606888 0.0010357884457334876
v 0.1811477541923523 0.0993049144744873 0.0031358753331005573
v 0.13111163675785065 0.06745221465826035 0.10454326868057251
v 0.1331038475036621 0.08308549970388412 0.10885430127382278
v 0.17163866758346558 0.07814281433820724 0.03041471727192402
v 0.16878697276115417 0.06010451167821884 0.0375681146979332
v 0.138298898935318 0.08362740278244019 0.10312950611114502
v 0.13918514549732208 0.07288429141044617 0.09799350798130035
v 0.09600447863340378 -0.011480608955025673 0.12106903642416
v 0.030990973114967346 0.2646350562572479 0.057727184146642685
v 0.28302323818206787 0.20709946751594543 0.03259549289941788
v 0.28319215774536133 0.22624437510967255 0.030755825340747833
v 0.2683603763580322 0.1766248643398285 -0.0670461654663086
v 0.2707674205303192 0.16759295761585236 -0.060704655945301056
v 0.2535550892353058 0.1626686304807663 -0.055515822023153305
v 0.25244566798210144 0.17033220827579498 -0.06273683905601501
v 0.1366887241601944 0.11263598501682281 -0.09355612844228745
v 0.14641326665878296 0.10157572478055954 -0.08338635414838791
v 0.13104966282844543 0.08631616830825806 -0.08821813762187958
v 0.11840064823627472 0.0987519919872284 -0.09891732782125473
v 0.25044840574264526 0.25350046157836914 -0.05516311898827553
v 0.23735763132572174 0.25346052646636963 -0.05636199936270714
v 0.23938541114330292 0.2630208134651184 -0.04497099667787552
v 0.2540931701660156 0.26151201128959656 -0.044852640479803085
v 0.24274343252182007 0.27089089155197144 -0.029112765565514565
v 0.24724051356315613 0.2744527757167816 -0.008509544655680656
v 0.2638506293296814 0.27040478587150574 -0.010381200350821018
v 0.2592991292476654 0.268049031496048 -0.029825761914253235
v 0.17961560189723969 -0.3345777094364166 -0.007934552617371082
v 0.171689972281456 -0.3318840265274048 -0.03727129474282265
v 0.11706097424030304 -0.20694348216056824 0.10223201662302017
v 0.1348809003829956 -0.20001474022865295 0.08397158980369568
v 0.09310890734195709 -0.30179935693740845 0.10951340943574905
v 0.005274055525660515 -0.4426100254058838 0.07896623760461807
v 0.021612336859107018 -0.434405118227005 0.10375318676233292
v -0.007253729738295078 -0.5040349960327148 0.009441684931516647
v 0.18150019645690918 -0.33902522921562195 0.02167055569589138
v 0.002407446503639221 -0.5581395030021667 -0.00823267363011837
v -0.003516934812068939 -0.5305443406105042 0.00015187262033578008
v 0.054690685123205185 -0.5512325167655945 -0.07135717570781708
v 0.0496763214468956 -0.5223525166511536 -0.07141560316085815
v 0.08128242939710617 -0.5245651602745056 -0.07595367729663849
v 0.08389654755592346 -0.5520066022872925 -0.07546045631170273
v 0.11264943331480026 -0.5276494026184082 -0.07024504989385605
v 0.11274152249097824 -0.5541893839836121 -0.06901850551366806
v 0.0996960997581482 -0.6381300687789917 0.08008135855197906
v 0.0957089215517044 -0.8383223414421082 -0.10657338798046112
v 0.1198117733001709 -0.8713504672050476 -0.10132381319999695
v 0.09653793275356293 -0.8720199465751648 -0.10633254051208496
v 0.1211150586605072 -0.8366858959197998 -0.10236439108848572
v 0.1411115527153015 -0.8050521612167358 -0.0834566205739975
v 0.1420654058456421 -0.837282657623291 -0.08713444322347641
v 0.14301830530166626 -0.8821569681167603 -0.006746964529156685
v 0.09806117415428162 -0.906432569026947 -0.10126692056655884
v 0.11834785342216492 -0.906838595867157 -0.09574411064386368
v 0.1400837004184723 -0.8718148469924927 -0.08656416833400726
v 0.1357485055923462 -0.9076442718505859 -0.08340182155370712
v -0.005381274502724409 -0.4567224681377411 0.04379468783736229
v -0.0017695120768621564 -0.41120898723602295 -0.08729101717472076
v 0.15888573229312897 -0.39446860551834106 0.08740954846143723
v 0.16076716780662537 -0.42512983083724976 0.08509454876184464
v 0.07161831855773926 -0.40069177746772766 0.12277977168560028
v 0.10022979229688644 -0.3847297132015228 0.11752895265817642
v 0.12174954265356064 -0.11428387463092804 0.09480239450931549
v 0.10295796394348145 -0.11572667956352234 0.11148041486740112
v 0.1268966943025589 -0.06271587312221527 0.09137696772813797
v 0.12467588484287262 -0.0893917828798294 0.09306240826845169
v 0.13911840319633484 -0.08571753650903702 0.07372169196605682
v 0.14188265800476074 -0.06008744239807129 0.07224121689796448
v 0.15748810768127441 -0.05467256158590317 0.024759242311120033
v 0.15298590064048767 -0.0785847082734108 0.026489226147532463
v 0.151610866189003 -0.07595175504684448 0.0006907666102051735
v 0.15669399499893188 -0.05219454690814018 -0.0019816686399281025
v 0.14134760200977325 -0.095514677464962 -0.02074565179646015
v 0.14969013631343842 -0.09842944890260696 0.0029978640377521515
v 0.0818183422088623 -0.0532381609082222 -0.08692222088575363
v 0.0846262276172638 -0.024680644273757935 -0.09081647545099258
v 0.10323397070169449 -0.031120549887418747 -0.08033435791730881
v 0.09984321147203445 -0.05825398117303848 -0.07597964257001877
v 0.025661110877990723 -0.37723657488822937 0.13416752219200134
v -0.002674174029380083 -0.44318708777427673 0.05713468790054321
v 0.06635095179080963 -0.46983152627944946 0.1171117052435875
v 0.10155989974737167 -0.439890593290329 0.12359824776649475
v 0.1342611163854599 -0.4346415102481842 0.11266615241765976
v 0.2530517280101776 0.16208840906620026 -0.007954440079629421
v 0.17501747608184814 0.12996597588062286 -0.0718780979514122
v 0.1713816225528717 0.14201481640338898 -0.07758751511573792
v 0.28169453144073486 0.2664910852909088 -0.013117115944623947
v 0.2772116959095001 0.26463109254837036 -0.03244699537754059
v 0.2641963064670563 0.18985924124717712 0.03139706701040268
v 0.23611347377300262 0.25149282813072205 0.03339212387800217
v 0.22358213365077972 0.2311757653951645 0.04589083045721054
v 0.2369103878736496 0.22934339940547943 0.041432157158851624
v 0.12309447675943375 -0.3145211338996887 0.09666455537080765
v 0.12639552354812622 -0.3417370915412903 0.09967681020498276
v 0.15231911838054657 -0.33021223545074463 0.08212269097566605
v -0.0028952781576663256 -0.42331016063690186 -0.029176853597164154
v -0.0006382917053997517 -0.4184851050376892 -0.03816589340567589
v 0.04562751203775406 -0.41867807507514954 0.11953648924827576
v 0.012293239124119282 -0.6096347570419312 -0.02082565426826477
v 0.008010776713490486 -0.5844800472259521 -0.014455231837928295
v 0.015126019716262817 -0.6337127089500427 -0.027301764115691185
v 0.018267150968313217 -0.658026397228241 -0.03362453356385231
v 0.022862698882818222 -0.6827586889266968 -0.03918328508734703
v 0.031302351504564285 -0.7077829241752625 -0.04317762330174446
v 0.04095624387264252 -0.7335650324821472 -0.04320475831627846
v 0.04384593293070793 -0.7602959871292114 -0.05056558921933174
v 0.03099287487566471 -0.8200746774673462 -0.050761230289936066
v 0.04089527577161789 -0.7875951528549194 -0.06163325160741806
v 0.038279369473457336 -0.816790759563446 -0.06996899843215942
v 0.037281692028045654 -0.8474037051200867 -0.07551026344299316
v 0.04664693772792816 -0.9115065336227417 -0.07638698816299438
v 0.03894222900271416 -0.8789384365081787 -0.07837830483913422
v 0.05463293567299843 -0.9444130659103394 -0.07257220894098282
v 0.05864410474896431 -0.977435290813446 -0.06978119909763336
v -0.0039313482120633125 -0.42173629999160767 0.0010635200887918472
v -0.0034073414281010628 -0.42247602343559265 -0.012982497923076153
v 0.11885765939950943 0.25485238432884216 0.03852393478155136
v 0.18673667311668396 0.12456910312175751 0.015269013121724129
v 0.19557419419288635 0.13213935494422913 0.010580746456980705
v 0.2480333149433136 0.18942967057228088 0.03448427841067314
v -0.0014481869293376803 -0.4033466577529907 -0.10236991941928864
v -0.0010213113855570555 -0.39345377683639526 -0.11371351778507233
v 0.3102301061153412 0.2330082654953003 -0.06239522993564606
v 0.30656328797340393 0.2472177892923355 -0.053422961384058
v 0.2633805274963379 0.17832234501838684 0.018199872225522995
v 0.2023218870162964 0.1526138037443161 0.021236717700958252
v 0.21447253227233887 0.16169872879981995 0.015514402650296688
v 0.5433165431022644 0.2619691789150238 -0.015338422730565071
v 0.5620430707931519 0.2574771046638489 -0.015284220688045025
v 0.5612051486968994 0.26276054978370667 -0.027902424335479736
v 0.5418505668640137 0.26661622524261475 -0.029104677960276604
v 0.5436026453971863 0.25166481733322144 -0.004814417567104101
v 0.5618765950202942 0.2471049726009369 -0.006050911732017994
v 0.5393140912055969 0.1845153570175171 -0.022080451250076294
v 0.5583646893501282 0.18594145774841309 -0.027265328913927078
v 0.5584151744842529 0.19474132359027863 -0.014397939667105675
v 0.5393358469009399 0.1944734901189804 -0.009387165307998657
v 0.5787791609764099 0.23057609796524048 -0.002672523260116577
v 0.5610268115997314 0.234103262424469 -0.0008149566128849983
v 0.559634268283844 0.22002601623535156 -0.0008704625070095062
v 0.5776225328445435 0.21767392754554749 -0.003897662041708827
v 0.5378021001815796 0.18486760556697845 -0.055373888462781906
v 0.5191318392753601 0.18150217831134796 -0.050604790449142456
v 0.5172093510627747 0.19171662628650665 -0.06368005275726318
v 0.5360912680625916 0.19585058093070984 -0.0667792409658432
v 0.4604622423648834 0.191213920712471 0.0017130790511146188
v 0.4444749653339386 0.19378989934921265 0.006932099815458059
v 0.44627365469932556 0.18186937272548676 -0.0030598642770200968
v 0.4622686207294464 0.1799488067626953 -0.009612109512090683
v 0.5037614107131958 0.2709716856479645 -0.015023351646959782
v 0.5238405466079712 0.26652324199676514 -0.015149890445172787
v 0.5217651128768921 0.2698117792606354 -0.02991846576333046
v 0.5009174346923828 0.27217239141464233 -0.03074578009545803
v 0.502251148223877 0.22953327000141144 0.007949786260724068
v 0.4809836447238922 0.23391997814178467 0.009495043195784092
v 0.47945502400398254 0.21661260724067688 0.007444849703460932
v 0.5003399848937988 0.21219250559806824 0.005546380765736103
v 0.4799380302429199 0.27263396978378296 -0.031956929713487625
v 0.48271578550338745 0.2748440206050873 -0.015903394669294357
v 0.5411526560783386 0.2225543111562729 0.002687230706214905
v 0.5221914052963257 0.2256929874420166 0.005881596356630325
v 0.5202788710594177 0.2094232589006424 0.0025480790063738823
v 0.539549708366394 0.20779399573802948 -0.0016912678256630898
v 0.5751296877861023 0.19328904151916504 -0.05978142470121384
v 0.5565438270568848 0.18903355300426483 -0.05836392566561699
v 0.554941713809967 0.19993500411510468 -0.06823849678039551
v 0.5738580822944641 0.2040228694677353 -0.06826909631490707
v 0.5769039392471313 0.20589584112167358 -0.009777314029633999
v 0.5585094094276428 0.20674313604831696 -0.005953796207904816
v 0.57679682970047 0.19542409479618073 -0.018895143643021584
v 0.5772993564605713 0.25403860211372375 -0.05224768444895744
v 0.5571964383125305 0.25506657361984253 -0.0553412064909935
v 0.559352695941925 0.26168063282966614 -0.04208071902394295
v 0.5788061618804932 0.25923410058021545 -0.03959396854043007
v 0.5000338554382324 0.18460898101329803 -0.009964303113520145
v 0.5198466777801514 0.18368878960609436 -0.01601726934313774
v 0.519741415977478 0.19490014016628265 -0.0045352354645729065
v 0.49972856044769287 0.1967969685792923 -2.0134229998802766e-05
v 0.5046122670173645 0.2612226605415344 -0.001826752908527851
v 0.5245264768600464 0.2563152015209198 -0.0032391040585935116
v 0.5366085767745972 0.25503069162368774 -0.05779045447707176
v 0.5157589912414551 0.25405728816986084 -0.059305787086486816
v 0.5186026096343994 0.26472166180610657 -0.04525785148143768
v 0.5392664670944214 0.2635803818702698 -0.043795760720968246
v 0.4938126802444458 0.23626644909381866 -0.06829504668712616
v 0.5139433145523071 0.2395566999912262 -0.0685751736164093
v 0.5136987566947937 0.2226952165365219 -0.07146819680929184
v 0.4940076172351837 0.218903586268425 -0.07004144787788391
v 0.4810020327568054 0.1782403141260147 -0.01774805784225464
v 0.47983628511428833 0.1878005415201187 -0.004168318584561348
v 0.5002893805503845 0.17862609028816223 -0.04437420889735222
v 0.4815344512462616 0.17634963989257812 -0.036532945930957794
v 0.47989940643310547 0.18405671417713165 -0.05294741317629814
v 0.4984406530857086 0.18804077804088593 -0.0591282956302166
v 0.4440001845359802 0.25809693336486816 0.007368719205260277
v 0.46146753430366516 0.255756676197052 0.00850178673863411
v 0.4622444808483124 0.2695780396461487 -0.002155067166313529
v 0.443955659866333 0.2710518538951874 -0.004500821698457003
v 0.46132153272628784 0.276339054107666 -0.017912497743964195
v 0.4426916241645813 0.2758212387561798 -0.021415308117866516
v 0.4148018956184387 0.26293498277664185 -0.040934257209300995
v 0.4261793792247772 0.2652442157268524 -0.039280038326978683
v 0.42329141497612 0.2506508529186249 -0.04788597673177719
v 0.41284897923469543 0.24935616552829742 -0.05002489313483238
v 0.45583948493003845 0.2253606617450714 -0.06858158111572266
v 0.4742249548435211 0.2316064089536667 -0.06876913458108902
v 0.47495606541633606 0.21360309422016144 -0.06816219538450241
v 0.45676425099372864 0.2075411081314087 -0.06559902429580688
v 0.4447205066680908 0.1869351863861084 -0.0531490296125412
v 0.45932427048683167 0.1921301782131195 -0.05826771631836891
v 0.46267077326774597 0.1804903894662857 -0.04566050320863724
v 0.44829481840133667 0.17717283964157104 -0.038546122610569
v 0.3950852155685425 0.17669223248958588 -0.03642059490084648
v 0.4098023474216461 0.17833378911018372 -0.03784255310893059
v 0.40939581394195557 0.1733054369688034 -0.023371368646621704
v 0.3941688537597656 0.17343121767044067 -0.022414201870560646
v 0.40632331371307373 0.18436603248119354 0.00635565398260951
v 0.40628018975257874 0.19702968001365662 0.01590588502585888
v 0.39111649990081787 0.19638127088546753 0.017782196402549744
v 0.39136266708374023 0.18421290814876556 0.007482470944523811
v 0.3933691382408142 0.2593976855278015 0.0030276086181402206
v 0.40653830766677856 0.2601154148578644 0.0033248031977564096
v 0.40536272525787354 0.2695161998271942 -0.012350641191005707
v 0.3922663927078247 0.2671429216861725 -0.014450378715991974
v 0.44073742628097534 0.2195848673582077 -0.06834132969379425
v 0.43979528546333313 0.2010207623243332 -0.06339510530233383
v 0.41962993144989014 0.18401147425174713 0.004235635977238417
v 0.43217456340789795 0.18292483687400818 0.001166513073258102
v 0.43062901496887207 0.19544924795627594 0.010607525706291199
v 0.4187886714935303 0.19654951989650726 0.01354873925447464
v 0.41746947169303894 0.22785715758800507 0.015405756421387196
v 0.42959508299827576 0.2257654368877411 0.01267176866531372
v 0.4295540452003479 0.24269406497478485 0.010992776602506638
v 0.4184734523296356 0.24388667941093445 0.011813923716545105
v 0.41767123341560364 0.2597588002681732 0.004006535746157169
v 0.4296305477619171 0.2592740058898926 0.005217576399445534
v 0.4291227459907532 0.27111589908599854 -0.007612527348101139
v 0.4167538285255432 0.27053430676460266 -0.00996162835508585
v 0.4305650591850281 0.21726951003074646 -0.06726613640785217
v 0.42286184430122375 0.21402151882648468 -0.06587907671928406
v 0.42108750343322754 0.2267317771911621 -0.06339748203754425
v 0.4291488230228424 0.23064269125461578 -0.06359586119651794
v 0.4354357123374939 0.17499881982803345 -0.03153848275542259
v 0.4331505596637726 0.18335232138633728 -0.0462774783372879
v 0.44286563992500305 0.22419480979442596 0.010290144011378288
v 0.42994242906570435 0.2104853093624115 0.013814324513077736
v 0.4433400332927704 0.2083294838666916 0.010606597177684307
v 0.428074449300766 0.2740297317504883 -0.024447530508041382
v 0.39585810899734497 0.18365252017974854 -0.047684505581855774
v 0.38053593039512634 0.17945486307144165 -0.046832166612148285
v 0.38071051239967346 0.18870899081230164 -0.05611906200647354
v 0.39564231038093567 0.19252155721187592 -0.05687974765896797
v 0.37934231758117676 0.17285498976707458 -0.03501177206635475
v 0.3773667812347412 0.1715792566537857 -0.021008314564824104
v 0.37318509817123413 0.19589026272296906 0.019211335107684135
v 0.37392327189445496 0.18390828371047974 0.008777952753007412
v 0.3730428218841553 0.2114533931016922 0.02432899922132492
v 0.3915044665336609 0.21199671924114227 0.022509083151817322
v 0.3913068175315857 0.2282034456729889 0.02148304507136345
v 0.3725510239601135 0.22780123353004456 0.024028431624174118
v 0.3722791373729706 0.25727787613868713 0.0030811610631644726
v 0.37255337834358215 0.2640298306941986 -0.014434502460062504
v 0.39203163981437683 0.26475682854652405 -0.030369047075510025
v 0.37421703338623047 0.2614704370498657 -0.03127312660217285
v 0.4080102741718292 0.1760324388742447 -0.007451629266142845
v 0.4213700294494629 0.17547082901000977 -0.010090097784996033
v 0.5344440937042236 0.24182191491127014 -0.06799659878015518
v 0.5550528764724731 0.2433120459318161 -0.06565763056278229
v 0.5536101460456848 0.2285008281469345 -0.07066622376441956
v 0.5335663557052612 0.22597286105155945 -0.07173509895801544
v 0.5536805391311646 0.21381986141204834 -0.0719485878944397
v 0.5730398297309875 0.21706359088420868 -0.07064732909202576
v 0.5239652991294861 0.24215324223041534 0.004043074790388346
v 0.5428304672241211 0.23801355063915253 0.0016083813970908523
v 0.5797394514083862 0.24304209649562836 -0.006315277889370918
v 0.4432591497898102 0.2408726066350937 0.0109935961663723
v 0.45994386076927185 0.23815061151981354 0.010424194857478142
v 0.4123457372188568 0.23638515174388885 -0.05752824991941452
v 0.40329986810684204 0.23449759185314178 -0.059223473072052
v 0.4029703736305237 0.24726982414722443 -0.05162300541996956
v 0.43943747878074646 0.2366359680891037 -0.06260938942432404
v 0.43650463223457336 0.250519335269928 -0.04876113682985306
v 0.4566267728805542 0.2577677071094513 -0.04668324813246727
v 0.4554727375507355 0.24354635179042816 -0.06124482303857803
v 0.41561359167099 0.2106664478778839 -0.06441852450370789
v 0.4064428508281708 0.20767872035503387 -0.06335027515888214
v 0.40465784072875977 0.22122804820537567 -0.06347282975912094
v 0.4134862422943115 0.22383607923984528 -0.06307925283908844
v 0.3923162817955017 0.24481627345085144 0.014792117290198803
v 0.40655702352523804 0.24465206265449524 0.012921661138534546
v 0.3768996298313141 0.24213209748268127 -0.05590284243226051
v 0.3763861656188965 0.25303250551223755 -0.04531359300017357
v 0.3921505808830261 0.25628387928009033 -0.04317908734083176
v 0.3918238878250122 0.24491310119628906 -0.0531783252954483
v 0.40391120314598083 0.25982943177223206 -0.0421045683324337
v 0.3774653971195221 0.22912397980690002 -0.06316214799880981
v 0.39220577478408813 0.23232780396938324 -0.060875218361616135
v 0.372298002243042 0.24433398246765137 0.01735050603747368
v 0.3944140374660492 0.20467813313007355 -0.06318224966526031
v 0.3795931041240692 0.20096543431282043 -0.06322485208511353
v 0.37847083806991577 0.21508090198040009 -0.06562301516532898
v 0.3932185173034668 0.2185600996017456 -0.06430602818727493
v 0.5342769026756287 0.2103586196899414 -0.0717102438211441
v 0.5150120854377747 0.2065480798482895 -0.07006894797086716
v 0.44849324226379395 0.174396350979805 -0.019901739433407784
v 0.46373337507247925 0.1746363341808319 -0.027766039595007896
v 0.43441641330718994 0.17478449642658234 -0.014070124365389347
v 0.5389799475669861 0.18033775687217712 -0.03895174339413643
v 0.5577832460403442 0.18349440395832062 -0.04352922737598419
v 0.5005835890769958 0.17724308371543884 -0.02578490413725376
v 0.5199812650680542 0.17839772999286652 -0.032835349440574646
v 0.4950724244117737 0.25234976410865784 -0.059980783611536026
v 0.420236736536026 0.18881690502166748 -0.052241671830415726
v 0.4294703006744385 0.19249863922595978 -0.057218700647354126
v 0.42217007279396057 0.1806694120168686 -0.04118577390909195
v 0.37489059567451477 0.1754562258720398 -0.0051687839441001415
v 0.3925768733024597 0.17599353194236755 -0.006575483828783035
v 0.4312169551849365 0.2064080387353897 -0.06595733761787415
v 0.35194724798202515 0.1743353009223938 -0.004295871593058109
v 0.44028744101524353 0.26768240332603455 -0.037124257534742355
v 0.404741495847702 0.2687758505344391 -0.02870730496942997
v 0.4160146713256836 0.2715984582901001 -0.026583073660731316
v 0.5799022912979126 0.2592988610267639 -0.026031112298369408
v 0.503894567489624 0.24641789495944977 0.006080423481762409
v 0.4590062201023102 0.22115474939346313 0.00890382844954729
v 0.45935431122779846 0.2051934450864792 0.007178325206041336
v 0.40936657786369324 0.18633797764778137 -0.049070537090301514
v 0.4082282483577728 0.19519832730293274 -0.05814911797642708
v 0.4178524315357208 0.198041170835495 -0.06050647422671318
v 0.4061809778213501 0.21264775097370148 0.02020130679011345
v 0.4053811728954315 0.22879786789417267 0.018508629873394966
v 0.5761491060256958 0.18742182850837708 -0.0465242974460125
v 0.41859784722328186 0.21183568239212036 0.01727813482284546
v 0.4589916169643402 0.2707514762878418 -0.03352805972099304
v 0.01688246987760067 0.21243411302566528 -0.09184040874242783
v -0.0013255373341962695 0.19496530294418335 -0.09177803248167038
v -0.0008045941940508783 0.2093452364206314 -0.08977021276950836
v 0.16411778330802917 0.04232103377580643 0.044887904077768326
v 0.12795007228851318 0.011931252665817738 0.09473282098770142
v 0.14226028323173523 0.015499762259423733 0.07808638364076614
v 0.18022221326828003 0.11619431525468826 0.018326854333281517
v 0.17594124376773834 0.10578177869319916 0.021541614085435867
v 0.21859590709209442 0.15398630499839783 0.0013003911590203643
v 0.20663724839687347 0.1432548314332962 0.005539343226701021
v 0.16586211323738098 0.08580419421195984 0.04928591847419739
v 0.08365525305271149 0.479922890663147 -0.004268509801477194
v 0.08155427128076553 0.47252771258354187 -0.007530122064054012
v 0.08565027266740799 0.4937489628791809 -0.003404468297958374
v 0.0037986612878739834 -0.16371271014213562 0.15947875380516052
v -0.007741601672023535 -0.1951521784067154 0.15755383670330048
v -0.007038149982690811 -0.21187028288841248 0.15840394794940948
v 0.0840383991599083 0.4632953107357025 0.01060459204018116
v 0.0818200558423996 0.456560879945755 0.005906593985855579
v 0.08629961311817169 0.45966631174087524 0.00922798365354538
v 0.08398796617984772 0.4654282331466675 0.012854674831032753
v 0.08363481611013412 0.46438950300216675 0.012443033047020435
v 0.0865662470459938 0.4966306984424591 0.007718406617641449
v 0.07922576367855072 0.4636007845401764 -0.008102428168058395
v 0.07705683261156082 0.4536426365375519 -0.0068742744624614716
v 0.0847405418753624 0.48263129591941833 0.012582721188664436
v 0.04864564165472984 -0.18589800596237183 -0.07932305335998535
v 0.05242028087377548 -0.20808923244476318 -0.08122389018535614
v 0.0274726040661335 -0.20947259664535522 -0.08158336579799652
v 0.02451552450656891 -0.1879827231168747 -0.07697499543428421
v 0.0010586807038635015 -0.2259017676115036 -0.08973801136016846
v 8.642384636914358e-05 -0.2080572247505188 -0.08016304671764374
v 0.030789418146014214 -0.22941677272319794 -0.09125295281410217
v 0.14356404542922974 -0.2573280930519104 -0.06714431941509247
v 0.13753072917461395 -0.23498886823654175 -0.06146761775016785
v 0.15232858061790466 -0.23161257803440094 -0.04095923900604248
v 0.15935634076595306 -0.2532649040222168 -0.04433393478393555
v 0.158100426197052 -0.21356534957885742 -0.01592451147735119
v 0.1631152480840683 -0.23103606700897217 -0.016140755265951157
v 0.14694668352603912 -0.2127283364534378 -0.03945377096533775
v 0.16237367689609528 -0.21697738766670227 0.011263176798820496
v 0.16738702356815338 -0.23515336215496063 0.01169032882899046
v 0.1595766842365265 -0.2236141711473465 0.037726327776908875
v 0.16501107811927795 -0.2432948797941208 0.03816559538245201
v 0.15626633167266846 -0.2523115575313568 0.06209846958518028
v 0.14035160839557648 -0.2609716057777405 0.08328716456890106
v 0.12064892798662186 -0.29119735956192017 0.09762083739042282
v 0.11821532994508743 -0.2700328528881073 0.09929011017084122
v 0.09386062622070312 -0.277603417634964 0.11106210947036743
v 0.06945735961198807 -0.28509873151779175 0.12093257904052734
v 0.04769705608487129 -0.2915928363800049 0.12902981042861938
v 0.028911922127008438 -0.2971044182777405 0.135356143116951
v 0.011928909458220005 -0.3008002042770386 0.13954947888851166
v -0.003418204141780734 -0.303188681602478 0.1398954540491104
v -0.003287895116955042 -0.3305807113647461 0.14031988382339478
v 0.11543501913547516 0.2366282194852829 0.0578908734023571
v 0.08637319505214691 0.29482924938201904 -0.05634477362036705
v 0.10465803742408752 0.2958298325538635 -0.03438681364059448
v 0.09602545201778412 0.2898392677307129 -0.05636243894696236
v 0.11899351328611374 0.2365739643573761 -0.09540414065122604
v 0.09804444015026093 0.22896111011505127 -0.10210736095905304
v 0.09933806210756302 0.24620383977890015 -0.09446858614683151
v 0.1204107403755188 0.2546893358230591 -0.08443024754524231
v 0.0767112597823143 0.28554442524909973 -0.07019353657960892
v 0.07182658463716507 0.2892991602420807 -0.0692000761628151
v 0.08288712054491043 0.2800460457801819 -0.07271132618188858
v 0.0680999904870987 0.2708926498889923 -0.08345425128936768
v 0.04975509271025658 0.2640988826751709 -0.08644645661115646
v 0.15202878415584564 0.2834642827510834 -0.028802694752812386
v 0.16585956513881683 0.2828338146209717 -0.024083439260721207
v 0.16239863634109497 0.27162426710128784 -0.046290185302495956
v 0.15138834714889526 0.2726559042930603 -0.05250009149312973
v 0.15097041428089142 0.22722111642360687 -0.08887879550457001
v 0.16305501759052277 0.2293725311756134 -0.0836283415555954
v 0.16309234499931335 0.21410998702049255 -0.08786238729953766
v 0.14986328780651093 0.2107592225074768 -0.09288068860769272
v 0.20691601932048798 0.28083330392837524 -0.009565934538841248
v 0.22053104639053345 0.2791840732097626 -0.007990195415914059
v 0.21543964743614197 0.2746521532535553 -0.030102023854851723
v 0.20202285051345825 0.2747059166431427 -0.032434482127428055
v 0.16230447590351105 0.2437300980091095 -0.0755983293056488
v 0.08880859613418579 0.10460428893566132 -0.10964304953813553
v 0.10911940783262253 0.11408600956201553 -0.10685759037733078
v 0.12747687101364136 0.12459412217140198 -0.10216845571994781
v 0.16795730590820312 0.15472295880317688 -0.08222274482250214
v 0.16125361621379852 0.1327107697725296 -0.08199326694011688
v 0.15685658156871796 0.1463596373796463 -0.08680318295955658
v 0.17956218123435974 0.16245737671852112 -0.0793788805603981
v 0.18981194496154785 0.16669124364852905 -0.07538630068302155
v 0.20912718772888184 0.23500995337963104 0.04923420771956444
v 0.20789872109889984 0.20692910254001617 0.05406803637742996
v 0.22182348370552063 0.2060539573431015 0.04813626781105995
v 0.21562717854976654 0.17314846813678741 -0.06794001162052155
v 0.21775288879871368 0.16732323169708252 -0.06465235352516174
v 0.2048477679491043 0.16009818017482758 -0.06502418965101242
v 0.2025771290063858 0.16686011850833893 -0.06869623810052872
v 0.1381312757730484 0.28520461916923523 -0.032965172082185745
v 0.21276965737342834 0.263639360666275 -0.04725079610943794
v 0.21047984063625336 0.25204333662986755 -0.059231579303741455
v 0.1971110999584198 0.24941591918468475 -0.06121750921010971
v 0.19913506507873535 0.2623198926448822 -0.049256835132837296
v 0.21010801196098328 0.23923470079898834 -0.06814372539520264
v 0.21040493249893188 0.22592753171920776 -0.07358511537313461
v 0.19769945740699768 0.22254207730293274 -0.07607059925794601
v 0.1974661648273468 0.2361004650592804 -0.07064104825258255
v 0.21538524329662323 0.18089863657951355 -0.07103855907917023
v 0.20023736357688904 0.17468143999576569 -0.07240115851163864
v 0.2353890836238861 0.26946648955345154 0.015410183928906918
v 0.1820027232170105 0.2831447422504425 0.00832461379468441
v 0.16824328899383545 0.2853414714336395 0.0029260816518217325
v 0.1688060462474823 0.2748803198337555 0.029125256463885307
v 0.18145793676376343 0.2706505060195923 0.03362991288304329
v 0.23516590893268585 0.158905491232872 -0.003924922551959753
v 0.2386801391839981 0.1546725183725357 -0.017889976501464844
v 0.24001333117485046 0.15214236080646515 -0.031163210049271584
v 0.20964272320270538 0.14480836689472198 -0.05452461913228035
v 0.24018879234790802 0.1527569591999054 -0.04223864898085594
v 0.23218657076358795 0.18686194717884064 0.03739410638809204
v 0.23549821972846985 0.2063339501619339 0.04239209368824959
v 0.16807565093040466 0.25329622626304626 0.047626856714487076
v 0.18043635785579681 0.2472369372844696 0.050379615277051926
v 0.23298190534114838 0.27730411291122437 -0.008260221220552921
v 0.2282838076353073 0.273106187582016 -0.029941700398921967
v 0.24681338667869568 0.1810416430234909 -0.06876930594444275
v 0.23369522392749786 0.17370164394378662 -0.06585748493671417
v 0.23134607076644897 0.1789589822292328 -0.06847904622554779
v 0.19710013270378113 0.13800475001335144 -0.06068485230207443
v 0.20666831731796265 0.15294283628463745 -0.060258809477090836
v 0.17954926192760468 0.282411128282547 -0.01882379874587059
v 0.22382988035678864 0.2521175146102905 -0.05874662846326828
v 0.22527267038822174 0.26335176825523376 -0.04663347452878952
v 0.18545404076576233 0.23309507966041565 -0.07361587136983871
v 0.17407909035682678 0.23086172342300415 -0.07806426286697388
v 0.17302021384239197 0.24510318040847778 -0.06957536935806274
v 0.1845128834247589 0.24681681394577026 -0.06477648764848709
v 0.22584903240203857 0.21660968661308289 -0.07422220706939697
v 0.22417157888412476 0.22952450811862946 -0.07149935513734818
v 0.1746184229850769 0.2161746621131897 -0.08319365233182907
v 0.18596139550209045 0.21891532838344574 -0.07932259887456894
v 0.22982750833034515 0.18595367670059204 -0.07087474316358566
v 0.15737171471118927 0.25765934586524963 0.04374416172504425
v 0.14439848065376282 0.23604212701320648 0.056071098893880844
v 0.15667033195495605 0.23491334915161133 0.05712245777249336
v 0.16795243322849274 0.22939330339431763 0.05921323969960213
v 0.18075452744960785 0.22139543294906616 0.06024010106921196
v 0.1946815401315689 0.21212069690227509 0.05861378461122513
v 0.13135294616222382 0.23631995916366577 0.056398335844278336
v 0.42574694752693176 0.2023376226425171 -0.06339912861585617
v 0.25043612718582153 0.17683522403240204 -0.06691200286149979
v 0.2590996026992798 0.1877969652414322 -0.0710032731294632
v 0.26385077834129333 0.18305489420890808 -0.06976617872714996
v 0.3102756142616272 0.2176695168018341 -0.06915701180696487
v 0.005604453384876251 0.41021060943603516 0.13123951852321625
v 0.006282888352870941 0.40391775965690613 0.12948954105377197
v 0.004290795885026455 0.4350689947605133 0.13228964805603027
v 0.004438869655132294 0.4311522841453552 0.13302084803581238
v 0.42099881172180176 0.23850128054618835 -0.056332364678382874
v 0.4280843436717987 0.2401905506849289 -0.0562431626021862
v 0.4747793674468994 0.2489313930273056 -0.06048401817679405
v 0.47700992226600647 0.26250752806663513 -0.04641314968466759
v 0.4976785480976105 0.26428842544555664 -0.046129412949085236
v 0.4835066497325897 0.2661396563053131 -0.001211264985613525
v 0.4826221466064453 0.25136977434158325 0.007718396373093128
v 0.47923365235328674 0.20047563314437866 0.003716939128935337
v 0.4770885109901428 0.19753757119178772 -0.0630374550819397
v 0.6160581707954407 0.24664294719696045 -0.01050768606364727
v 0.6341245770454407 0.24306970834732056 -0.008777846582233906
v 0.6351644992828369 0.2510221600532532 -0.01842179149389267
v 0.6165323257446289 0.25330793857574463 -0.021358691155910492
v 0.6516568064689636 0.2396582067012787 -0.006435662042349577
v 0.6328174471855164 0.2319495677947998 -0.004613957367837429
v 0.6499147415161133 0.2281225621700287 -0.004135786555707455
v 0.6316226720809937 0.2208554446697235 -0.006086146458983421
v 0.6483404636383057 0.21779361367225647 -0.006782643496990204
v 0.6473109126091003 0.20945264399051666 -0.01352947298437357
v 0.6307497620582581 0.21129214763641357 -0.011525974608957767
v 0.6305655837059021 0.20426806807518005 -0.019572434946894646
v 0.6469973921775818 0.20400643348693848 -0.022262435406446457
v 0.6129031181335449 0.19798900187015533 -0.026228157803416252
v 0.6129150986671448 0.19414587318897247 -0.037917427718639374
v 0.6306278109550476 0.19770920276641846 -0.04016302153468132
v 0.6306447982788086 0.19969865679740906 -0.029428185895085335
v 0.6472914218902588 0.2095298320055008 -0.05949283763766289
v 0.6302003860473633 0.20585574209690094 -0.06039945036172867
v 0.6300172209739685 0.21547605097293854 -0.06466077268123627
v 0.6473347544670105 0.21791648864746094 -0.06331545859575272
v 0.6128389835357666 0.23548492789268494 -0.0631527379155159
v 0.6317247748374939 0.23784950375556946 -0.06138881668448448
v 0.6305634379386902 0.22657644748687744 -0.06445077061653137
v 0.6115562915802002 0.22345010936260223 -0.06660524010658264
v 0.6490108370780945 0.2398734837770462 -0.06121748313307762
v 0.6332921981811523 0.24665671586990356 -0.05417569354176521
v 0.6503229737281799 0.24827729165554047 -0.05253738909959793
v 0.5974791646003723 0.2395375818014145 -0.005510586313903332
v 0.5980708599090576 0.2500496804714203 -0.012690968811511993
v 0.5800628066062927 0.25322601199150085 -0.014475521631538868
v 0.6131993532180786 0.21309687197208405 -0.008785346522927284
v 0.6140034794807434 0.22390520572662354 -0.00453608762472868
v 0.5963920950889587 0.22723156213760376 -0.0037239985540509224
v 0.595392107963562 0.2152508646249771 -0.006426133215427399
v 0.5766741633415222 0.18806524574756622 -0.03182153031229973
v 0.5949439406394958 0.19120515882968903 -0.035150472074747086
v 0.5947652459144592 0.19646988809108734 -0.0228847898542881
v 0.6128552556037903 0.20448622107505798 -0.01634707674384117
v 0.5948395133018494 0.2049647569656372 -0.013221582397818565
v 0.6125809550285339 0.19526274502277374 -0.050365056842565536
v 0.6304178833961487 0.19969773292541504 -0.05141306668519974
v 0.6165737509727478 0.25453877449035645 -0.033843278884887695
v 0.6352167725563049 0.2530641555786133 -0.030918819829821587
v 0.6346511840820312 0.25122979283332825 -0.04318765178322792
v 0.6159166693687439 0.25176408886909485 -0.0457732267677784
v 0.5944347977638245 0.19152460992336273 -0.048676349222660065
v 0.5977827310562134 0.2566048204898834 -0.03662918880581856
v 0.5968959331512451 0.2528913617134094 -0.048877570778131485
v 0.6145620346069336 0.2456146776676178 -0.05631290003657341
v 0.5953255891799927 0.2447822391986847 -0.059209100902080536
v 0.6526399850845337 0.2524740397930145 -0.02826833724975586
v 0.6528159379959106 0.24858714640140533 -0.01552833616733551
v 0.5982500910758972 0.2564029395580292 -0.023828675970435143
v 0.6119690537452698 0.20166371762752533 -0.06081068143248558
v 0.593571126461029 0.19755245745182037 -0.060466185212135315
v 0.5926703214645386 0.20798678696155548 -0.06759282201528549
v 0.6114037036895752 0.2118518203496933 -0.06650760024785995
v 0.5736637711524963 0.23068250715732574 -0.068386971950531
v 0.5935001969337463 0.2328052818775177 -0.0655866488814354
v 0.592451810836792 0.22018644213676453 -0.06862415373325348
v 0.6479989886283875 0.22840352356433868 -0.06400764733552933
v 0.5754550099372864 0.2439688742160797 -0.062483713030815125
v 0.730992317199707 0.20379334688186646 -0.021292367950081825
v 0.7359679937362671 0.20269657671451569 -0.011979334987699986
v 0.7266746163368225 0.1990223228931427 -0.00976518914103508
v 0.7214372754096985 0.20067700743675232 -0.01974622718989849
v 0.7058587670326233 0.19073455035686493 -0.0018596550216898322
v 0.7141662240028381 0.19235742092132568 0.007681238930672407
v 0.7069951295852661 0.19629257917404175 0.014346560463309288
v 0.6973287463188171 0.19474993646144867 0.0059905569069087505
v 0.739514172077179 0.20470093190670013 -0.0031991261057555676
v 0.7307400107383728 0.19980481266975403 -0.0012233955785632133
v 0.7384355068206787 0.21013996005058289 0.0032019559293985367
v 0.7472088932991028 0.20961609482765198 -0.00450131855905056
v 0.7466742992401123 0.21704067289829254 -0.0006850096397101879
v 0.7544031143188477 0.22031228244304657 -0.0032018437050282955
v 0.7527337074279785 0.22925052046775818 -0.006761753931641579
v 0.7411320209503174 0.22814379632472992 -0.002480813767760992
v 0.7346282005310059 0.2393847107887268 -0.02667309157550335
v 0.7489070892333984 0.2371879369020462 -0.02703387662768364
v 0.7461640238761902 0.2376195788383484 -0.037855181843042374
v 0.731666088104248 0.23947401344776154 -0.037237755954265594
v 0.7368412017822266 0.23247696459293365 -0.056513022631406784
v 0.7234811782836914 0.23469702899456024 -0.05444590747356415
v 0.7279231548309326 0.2372303158044815 -0.04581552371382713
v 0.7425870895385742 0.23490099608898163 -0.047075316309928894
v 0.7245468497276306 0.2064788043498993 -0.0360548309981823
v 0.7266058325767517 0.20572517812252045 -0.029905693605542183
v 0.7170435190200806 0.2034248262643814 -0.02944648265838623
v 0.7144358158111572 0.2046210914850235 -0.0361471101641655
v 0.7354627251625061 0.21486146748065948 0.014055946841835976
v 0.7369070053100586 0.21077345311641693 0.01215374656021595
v 0.737499475479126 0.21792283654212952 0.005027362145483494
v 0.7315882444381714 0.22191493213176727 0.006752958986908197
v 0.6886547803878784 0.19739238917827606 -0.04917502775788307
v 0.6883420348167419 0.19770397245883942 -0.04095931351184845
v 0.6778229475021362 0.19953377544879913 -0.03781595826148987
v 0.6771016120910645 0.19940263032913208 -0.047058891505002975
v 0.6824572682380676 0.19642385840415955 -0.009195249527692795
v 0.6788419485092163 0.20850729942321777 -0.0010451693087816238
v 0.6722193956375122 0.20981557667255402 -0.0055824266746640205
v 0.6772935390472412 0.19995130598545074 -0.016617536544799805
v 0.6890354752540588 0.1948578655719757 -0.0020805345848202705
v 0.6945908069610596 0.20585177838802338 0.010356342419981956
v 0.6856252551078796 0.20681887865066528 0.00427746307104826
v 0.7049934267997742 0.20551516115665436 0.01789495348930359
v 0.675538957118988 0.2023194134235382 -0.05769535154104233
v 0.6836727857589722 0.20034551620483398 -0.06148088350892067
v 0.8027979731559753 0.2104784995317459 -0.007819180376827717
v 0.797081470489502 0.2110445648431778 -0.007608913816511631
v 0.7977033257484436 0.20936466753482819 -0.012824871577322483
v 0.80359947681427 0.2091868817806244 -0.012877289205789566
v 0.6819754838943481 0.21922250092029572 -0.06941105425357819
v 0.6754773855209351 0.21817225217819214 -0.06722962111234665
v 0.6767778396606445 0.2278805375099182 -0.06567864865064621
v 0.6838727593421936 0.2287067472934723 -0.06584688276052475
v 0.6906017661094666 0.22013580799102783 -0.07233170419931412
v 0.6930335164070129 0.22951151430606842 -0.06662019342184067
v 0.8055238127708435 0.22344662249088287 -0.006145224906504154
v 0.7995436787605286 0.2247873991727829 -0.006811678409576416
v 0.7983114719390869 0.2203187495470047 -0.004496001172810793
v 0.8040656447410583 0.21890243887901306 -0.004204759374260902
v 0.7402045726776123 0.20563896000385284 -0.021277744323015213
v 0.744683027267456 0.20514898002147675 -0.012356886640191078
v 0.7624598741531372 0.20705141127109528 -0.016053715720772743
v 0.7612359523773193 0.2090374380350113 -0.009851999580860138
v 0.7531247138977051 0.20714323222637177 -0.011142918840050697
v 0.7510499358177185 0.20655512809753418 -0.020695410668849945
v 0.7433311939239502 0.20803067088127136 -0.040395334362983704
v 0.7478371262550354 0.2076321244239807 -0.0332578681409359
v 0.7372092008590698 0.20754839479923248 -0.032845716923475266
v 0.7330400347709656 0.207820862531662 -0.040399566292762756
v 0.7292548418045044 0.20551475882530212 -0.052551429718732834
v 0.7288163900375366 0.20370961725711823 -0.05862659960985184
v 0.7374029159545898 0.20469799637794495 -0.059769585728645325
v 0.7391273975372314 0.2063828557729721 -0.053010981529951096
v 0.7596993446350098 0.20838505029678345 -0.04777377471327782
v 0.7581730484962463 0.2082689106464386 -0.05337286368012428
v 0.7672592401504517 0.21107123792171478 -0.0536004900932312
v 0.7691757082939148 0.2107151448726654 -0.04844624921679497
v 0.6688631176948547 0.21810109913349152 -0.06597058475017548
v 0.6697062849998474 0.22813545167446136 -0.06546448916196823
v 0.7271468639373779 0.225169837474823 -0.07382036745548248
v 0.7363627552986145 0.22413814067840576 -0.07719714939594269
v 0.731989860534668 0.21668748557567596 -0.08354925364255905
v 0.7225804924964905 0.21761606633663177 -0.08004278689622879
v 0.6871344447135925 0.236494779586792 -0.0585247166454792
v 0.6796486377716064 0.236917182803154 -0.05900711193680763
v 0.80694180727005 0.22589871287345886 -0.010923488065600395
v 0.8009511828422546 0.2274547964334488 -0.011544862762093544
v 0.7074071764945984 0.21564826369285583 0.016540180891752243
v 0.6965901851654053 0.21762365102767944 0.00852067582309246
v 0.6874241232872009 0.21944858133792877 0.0023331898264586926
v 0.6802819967269897 0.22109375894069672 -0.0015707975253462791
v 0.6734498143196106 0.22291146218776703 -0.0026923641562461853
v 0.7560943961143494 0.20701149106025696 -0.02580421045422554
v 0.7343670725822449 0.20655210316181183 -0.02844320982694626
v 0.7226341962814331 0.20647791028022766 -0.04074237495660782
v 0.7166821956634521 0.1996583193540573 -0.07007329165935516
v 0.7195456624031067 0.2005212903022766 -0.06275147944688797
v 0.7125038504600525 0.19924014806747437 -0.06012260168790817
v 0.7085462808609009 0.19926655292510986 -0.06985346972942352
v 0.7212954163551331 0.20871604979038239 -0.08130599558353424
v 0.7307015657424927 0.20845076441764832 -0.08348880708217621
v 0.7321059703826904 0.2032875120639801 -0.0787833034992218
v 0.7234283685684204 0.20272111892700195 -0.07713375985622406
v 0.7329431176185608 0.2178111970424652 0.018168484792113304
v 0.7253270149230957 0.22271570563316345 0.01093607023358345
v 0.6817601323127747 0.2089834362268448 -0.06826536357402802
v 0.6748829483985901 0.2091786414384842 -0.06467486917972565
v 0.6684377789497375 0.21024054288864136 -0.06184755265712738
v 0.7011505365371704 0.20066945254802704 -0.039179351180791855
v 0.702919602394104 0.20022855699062347 -0.03429478779435158
v 0.6897380948066711 0.19577325880527496 -0.02883792296051979
v 0.6884235739707947 0.19736072421073914 -0.03546322509646416
v 0.7108935117721558 0.19487084448337555 -0.017428208142518997
v 0.717078447341919 0.19365186989307404 -0.007035200484097004
v 0.6985371112823486 0.19127461314201355 -0.012107467278838158
v 0.6775921583175659 0.1993361860513687 -0.029012171551585197
v 0.6691112518310547 0.2024368941783905 -0.025970248505473137
v 0.669213056564331 0.2020369917154312 -0.03593483194708824
v 0.6689413189888 0.20248126983642578 -0.04602217301726341
v 0.6684831976890564 0.2048874795436859 -0.05545864999294281
v 0.6596006155014038 0.2036816030740738 -0.024478763341903687
v 0.65962153673172 0.2025601714849472 -0.03432118892669678
v 0.6597336530685425 0.20313633978366852 -0.04476199671626091
v 0.6598786115646362 0.20616436004638672 -0.05386512726545334
v 0.6613718867301941 0.2392464131116867 -0.06019942834973335
v 0.6713613867759705 0.23793087899684906 -0.059605278074741364
v 0.6604360938072205 0.22857536375522614 -0.06523599475622177
v 0.6616029739379883 0.21391552686691284 -0.006152031943202019
v 0.660325825214386 0.20775187015533447 -0.015164743177592754
v 0.6696597337722778 0.2050703763961792 -0.01550475787371397
v 0.6641432046890259 0.22529791295528412 -0.003452231176197529
v 0.7202460169792175 0.1947900950908661 0.014666334725916386
v 0.7267398834228516 0.1972774863243103 0.009245586581528187
v 0.7313066124916077 0.19807642698287964 0.015098332427442074
v 0.726220965385437 0.19613268971443176 0.020272523164749146
v 0.754200279712677 0.21278336644172668 -0.00515394750982523
v 0.7615519762039185 0.21444807946681976 -0.005641271825879812
v 0.7622036933898926 0.22163107991218567 -0.004765452351421118
v 0.6921762228012085 0.19965632259845734 -0.06590940058231354
v 0.696702778339386 0.1977321207523346 -0.05519998446106911
v 0.7648459076881409 0.20743876695632935 -0.021720532327890396
v 0.7923446297645569 0.22577938437461853 -0.007476292550563812
v 0.7802682518959045 0.22689372301101685 -0.007956248708069324
v 0.7787547707557678 0.22134941816329956 -0.005452985875308514
v 0.791237473487854 0.22103673219680786 -0.004896672908216715
v 0.7740040421485901 0.21172676980495453 -0.025077752768993378
v 0.7816452980041504 0.21354979276657104 -0.023225920274853706
v 0.7792876958847046 0.20981310307979584 -0.01906537264585495
v 0.7714294195175171 0.20906546711921692 -0.019964370876550674
v 0.7558184266090393 0.20716659724712372 -0.05997548997402191
v 0.7633529901504517 0.20933063328266144 -0.060025300830602646
v 0.762898325920105 0.23167194426059723 -0.027522742748260498
v 0.7506422400474548 0.23604442179203033 -0.015885258093476295
v 0.7620656490325928 0.23396530747413635 -0.016537759453058243
v 0.7408221960067749 0.20747816562652588 -0.047005269676446915
v 0.7488656044006348 0.20701387524604797 -0.053296808153390884
v 0.7504138350486755 0.20759586989879608 -0.047503650188446045
v 0.7595277428627014 0.2075025588274002 -0.028380943462252617
v 0.7557436227798462 0.20772792398929596 -0.03331807255744934
v 0.7634984254837036 0.208713099360466 -0.03229748085141182
v 0.7659444212913513 0.20843906700611115 -0.026483459398150444
v 0.7100086212158203 0.2072567194700241 -0.07883258163928986
v 0.7114956974983215 0.21921201050281525 -0.07733767479658127
v 0.7973048090934753 0.21526341140270233 -0.0047672768123447895
v 0.8030595183372498 0.2143285572528839 -0.0048860423266887665
v 0.6601258516311646 0.21833112835884094 -0.06440156698226929
v 0.6600089073181152 0.2110586315393448 -0.06024797260761261
v 0.7306552529335022 0.20710355043411255 -0.04637826606631279
v 0.7373343706130981 0.2364014834165573 -0.014953792095184326
v 0.7206461429595947 0.20551797747612 -0.045736104249954224
v 0.7538500428199768 0.22394898533821106 -0.06651987880468369
v 0.7619362473487854 0.22398406267166138 -0.06716366857290268
v 0.7610711455345154 0.21761316061019897 -0.06892526894807816
v 0.7534189224243164 0.21748307347297668 -0.07051282376050949
v 0.7933474183082581 0.21515808999538422 -0.021776003763079643
v 0.8006008863449097 0.2158866822719574 -0.021089252084493637
v 0.7992450594902039 0.21145941317081451 -0.017814194783568382
v 0.7916760444641113 0.21072202920913696 -0.018061621114611626
v 0.7692639827728271 0.2086816132068634 -0.014889213256537914
v 0.7775698900222778 0.20875591039657593 -0.013945580460131168
v 0.7767613530158997 0.21081027388572693 -0.008913366124033928
v 0.768119215965271 0.21047839522361755 -0.009502480737864971
v 0.7685421109199524 0.21543991565704346 -0.006263641640543938
v 0.7774465084075928 0.21576359868049622 -0.006076783873140812
v 0.7947630286216736 0.22166532278060913 -0.022415736690163612
v 0.7836483120918274 0.22076091170310974 -0.023598073050379753
v 0.7825893759727478 0.22770994901657104 -0.02015751600265503
v 0.7946209907531738 0.2271638661623001 -0.018445609137415886
v 0.7104176878929138 0.23701882362365723 -0.05240605026483536
v 0.7195749282836914 0.23141413927078247 -0.06339502334594727
v 0.7070938944816589 0.23365238308906555 -0.060851115733385086
v 0.7492070198059082 0.23063504695892334 -0.05841129645705223
v 0.743586540222168 0.22485259175300598 -0.06762871146202087
v 0.7320127487182617 0.2290506362915039 -0.06581129133701324
v 0.7157891392707825 0.2271404266357422 -0.07071933895349503
v 0.7726745009422302 0.2212829291820526 -0.0304893609136343
v 0.7714909911155701 0.22725707292556763 -0.03189726546406746
v 0.772519052028656 0.2269347906112671 -0.023591583594679832
v 0.7185898423194885 0.20315882563591003 -0.05274337902665138
v 0.7901409864425659 0.21570329368114471 -0.005192793905735016
v 0.685615062713623 0.24093374609947205 -0.01328266877681017
v 0.6940428018569946 0.2384921908378601 -0.012883445248007774
v 0.6956352591514587 0.24486541748046875 -0.026568155735731125
v 0.6859967112541199 0.24650737643241882 -0.025372136384248734
v 0.7903204560279846 0.20914986729621887 -0.012904553674161434
v 0.789822518825531 0.21076688170433044 -0.007825999520719051
v 0.7549411058425903 0.20745214819908142 -0.06682150810956955
v 0.7560402154922485 0.2100633680820465 -0.07190684229135513
v 0.7617229223251343 0.2118549346923828 -0.06964986026287079
v 0.761631429195404 0.20978157222270966 -0.0655696913599968
v 0.7038904428482056 0.22914282977581024 -0.06824850291013718
v 0.7427274584770203 0.22329111397266388 -0.08053557574748993
v 0.7397232055664062 0.21565388143062592 -0.08630408346652985
v 0.6958137154579163 0.23560918867588043 -0.059194862842559814
v 0.6898648738861084 0.24162593483924866 -0.048935145139694214
v 0.6987095475196838 0.23950695991516113 -0.05047063156962395
v 0.7578231692314148 0.2306310534477234 -0.04768802970647812
v 0.7140505909919739 0.23944732546806335 -0.044495370239019394
v 0.7019254565238953 0.2419678270816803 -0.042540211230516434
v 0.6921225786209106 0.24439452588558197 -0.03935916721820831
v 0.6841748356819153 0.246494859457016 -0.03804356977343559
v 0.6822832226753235 0.24316775798797607 -0.048538368195295334
v 0.7936588525772095 0.22858870029449463 -0.012440087273716927
v 0.8018779754638672 0.22641877830028534 -0.017460279166698456
v 0.6628803014755249 0.2461206167936325 -0.04994894936680794
v 0.6734362244606018 0.2446635365486145 -0.04876349866390228
v 0.6645311713218689 0.24950554966926575 -0.03865588828921318
v 0.675402820110321 0.24835331737995148 -0.037933044135570526
v 0.707330048084259 0.2426339089870453 -0.024322692304849625
v 0.7051064968109131 0.24340614676475525 -0.03369368612766266
v 0.7207345962524414 0.24096357822418213 -0.026064235717058182
v 0.717586100101471 0.2413288950920105 -0.036083560436964035
v 0.7594858407974243 0.23519518971443176 -0.03808346763253212
v 0.8162406086921692 0.22051601111888885 -0.018768807873129845
v 0.8154770135879517 0.21607333421707153 -0.019974566996097565
v 0.8070479035377502 0.2160264104604721 -0.02074357122182846
v 0.8081620335578918 0.22114688158035278 -0.019774308428168297
v 0.801764965057373 0.22161765396595 -0.021015195176005363
v 0.8080013990402222 0.2253054976463318 -0.016458943486213684
v 0.7234980463981628 0.23700948059558868 -0.013823715969920158
v 0.771203875541687 0.21123769879341125 -0.03151365742087364
v 0.7079773545265198 0.2352464497089386 -0.009914754889905453
v 0.7178150415420532 0.22945283353328705 0.002404024824500084
v 0.7284114956855774 0.23133642971515656 -0.0014785900712013245
v 0.7007502317428589 0.22775346040725708 0.0028249104507267475
v 0.6907402873039246 0.23048633337020874 -0.002235034480690956
v 0.6759157776832581 0.2340225875377655 -0.0052056764252483845
v 0.6827598214149475 0.23227430880069733 -0.004865307826548815
v 0.666167140007019 0.2364579290151596 -0.0050519416108727455
v 0.7111755609512329 0.22416235506534576 0.010672695003449917
v 0.8111498951911926 0.20876063406467438 -0.01358886156231165
v 0.8103910088539124 0.20935018360614777 -0.00827251560986042
v 0.6776365041732788 0.2428053468465805 -0.013193255290389061
v 0.6668617725372314 0.2452276349067688 -0.014345964416861534
v 0.7228637337684631 0.1949000507593155 0.0020385636016726494
v 0.7108510136604309 0.2035101354122162 -0.04467526078224182
v 0.7088263034820557 0.20118388533592224 -0.05002080276608467
v 0.7051385045051575 0.1982896625995636 -0.057879284024238586
v 0.7006793022155762 0.1991937756538391 -0.06857672333717346
v 0.6662519574165344 0.2506729066371918 -0.026430483907461166
v 0.6472687721252441 0.20130513608455658 -0.032056547701358795
v 0.6472575664520264 0.20140671730041504 -0.04254186153411865
v 0.6515411138534546 0.25131478905677795 -0.04059668630361557
v 0.8108736276626587 0.2128048837184906 -0.005171231925487518
v 0.7709622383117676 0.21758036315441132 -0.05235570669174194
v 0.7725343704223633 0.21668606996536255 -0.050234273076057434
v 0.7145058512687683 0.197574183344841 0.02030252292752266
v 0.7224343419075012 0.19877739250659943 0.025034310296177864
v 0.7255784273147583 0.2119385153055191 0.027668576687574387
v 0.7163354158401489 0.21379080414772034 0.023127740249037743
v 0.7134220004081726 0.20507746934890747 0.02379065379500389
v 0.72263103723526 0.2046811580657959 0.0277106836438179
v 0.700224757194519 0.20026440918445587 -0.043240103870630264
v 0.6992843151092529 0.19924886524677277 -0.04840204864740372
v 0.7006510496139526 0.22031621634960175 -0.07485006004571915
v 0.6993333101272583 0.2085672914981842 -0.07625074684619904
v 0.7696060538291931 0.22175157070159912 -0.005592889152467251
v 0.7705220580101013 0.22765779495239258 -0.00877893902361393
v 0.7623416185379028 0.22905966639518738 -0.008368417620658875
v 0.7812579274177551 0.2299376130104065 -0.013895570300519466
v 0.7759953737258911 0.21906235814094543 -0.02569487690925598
v 0.7741299867630005 0.21658501029014587 -0.029861874878406525
v 0.706181526184082 0.1980699747800827 -0.02705845609307289
v 0.6933280825614929 0.19338490068912506 -0.02115734852850437
v 0.735389769077301 0.2042674422264099 0.011139120906591415
v 0.732320249080658 0.20224271714687347 0.005583737976849079
v 0.7523524761199951 0.20781269669532776 -0.040433354675769806
v 0.7701865434646606 0.22959056496620178 -0.045300327241420746
v 0.7700457572937012 0.23282812535762787 -0.03808121010661125
v 0.7607762813568115 0.20855958759784698 -0.040186453610658646
v 0.812250554561615 0.21708910167217255 -0.004247034899890423
v 0.8136522173881531 0.2215636968612671 -0.005989996716380119
v 0.7712205052375793 0.23139452934265137 -0.01556192897260189
v 0.7467723488807678 0.20570671558380127 -0.060260314494371414
v 0.7719907164573669 0.2235289365053177 -0.04870312288403511
v 0.7651847004890442 0.22617408633232117 -0.052053242921829224
v 0.7376106381416321 0.20855124294757843 -0.08496253937482834
v 0.6773470044136047 0.24837999045848846 -0.02524583227932453
v 0.8051372766494751 0.21122793853282928 -0.018089458346366882
v 0.8129295110702515 0.21104878187179565 -0.018365509808063507
v 0.815719485282898 0.22353240847587585 -0.015708617866039276
v 0.8145691752433777 0.22417433559894562 -0.010710185393691063
v 0.6900939345359802 0.20899492502212524 -0.07265188544988632
v 0.7125860452651978 0.20456689596176147 -0.04046488180756569
v 0.6472140550613403 0.20423023402690887 -0.05216206982731819
v 0.7202531099319458 0.22085782885551453 0.0180381890386343
v 0.7293635606765747 0.21739400923252106 0.0239152442663908
v 0.7686135768890381 0.2099791318178177 -0.04021061956882477
v 0.7479097843170166 0.2219366431236267 -0.07389776408672333
v 0.7692066431045532 0.22711022198200226 -0.05498857423663139
v 0.7649984955787659 0.22902972996234894 -0.061318185180425644
v 0.7579861283302307 0.22951306402683258 -0.06000514701008797
v 0.7721583843231201 0.2222469598054886 -0.05348461493849754
v 0.8214887380599976 0.2232101708650589 -0.010485018603503704
v 0.8223932385444641 0.22266137599945068 -0.015400785952806473
v 0.8208574056625366 0.22061122953891754 -0.005708030425012112
v 0.8187447190284729 0.2161213755607605 -0.004453486762940884
v 0.8168110847473145 0.21219640970230103 -0.00546418409794569
v 0.8226796388626099 0.21975503861904144 -0.018388476222753525
v 0.8215683102607727 0.21570967137813568 -0.01949005201458931
v 0.8187241554260254 0.2110818326473236 -0.018010279163718224
v 0.8281907439231873 0.21887415647506714 -0.01838163286447525
v 0.829135537147522 0.22157016396522522 -0.015264524146914482
v 0.8336485028266907 0.2173517346382141 -0.005026814993470907
v 0.8353163003921509 0.21944880485534668 -0.006969850044697523
v 0.8317359089851379 0.22031070291996002 -0.007340350188314915
v 0.8283511996269226 0.2197684645652771 -0.0056565250270068645
v 0.838479220867157 0.21600960195064545 -0.0057656774297356606
v 0.8398072719573975 0.21860206127166748 -0.0073488871566951275
v 0.8357207775115967 0.22110573947429657 -0.010522272437810898
v 0.8312857747077942 0.22160066664218903 -0.010218682698905468
v 0.8405983448028564 0.2205055058002472 -0.010948373936116695
v 0.8402562737464905 0.21989107131958008 -0.014781580306589603
v 0.835536003112793 0.22038087248802185 -0.014285380020737648
v 0.8318617343902588 0.22117377817630768 -0.013348283246159554
v 0.8275564312934875 0.22234892845153809 -0.010262144729495049
v 0.8426486253738403 0.21553891897201538 -0.007729757111519575
v 0.8451374173164368 0.21630629897117615 -0.01187200378626585
v 0.8444960713386536 0.21931542456150055 -0.011298811994493008
v 0.8429368734359741 0.2180761992931366 -0.008109340444207191
v 0.8250187039375305 0.21540217101573944 -0.004597923718392849
v 0.8315047025680542 0.2140204757452011 -0.005196229554712772
v 0.8370296359062195 0.2127562016248703 -0.006379395257681608
v 0.8414400815963745 0.21250787377357483 -0.00867302343249321
v 0.8305603265762329 0.21058343350887299 -0.006653629243373871
v 0.8362907767295837 0.21019211411476135 -0.008177215233445168
v 0.8399641513824463 0.21035097539424896 -0.0102755818516016
v 0.8303847312927246 0.20828764140605927 -0.009660327807068825
v 0.836186945438385 0.208836168050766 -0.010787297040224075
v 0.8227497935295105 0.21159005165100098 -0.005815155804157257
v 0.8217692971229553 0.20882511138916016 -0.008835752494633198
v 0.8388673663139343 0.20952358841896057 -0.011684401892125607
v 0.8438679575920105 0.21350952982902527 -0.012800762429833412
v 0.8346722722053528 0.219497948884964 -0.01698002777993679
v 0.8396950960159302 0.21825112402439117 -0.01725814677774906
v 0.8338993191719055 0.21733057498931885 -0.01867898926138878
v 0.8389900326728821 0.216083824634552 -0.018527228385210037
v 0.843644380569458 0.21943841874599457 -0.01477422658354044
v 0.8437818288803101 0.21736644208431244 -0.016170604154467583
v 0.8159386515617371 0.20911037921905518 -0.0085938461124897
v 0.8167240023612976 0.20888733863830566 -0.013888590969145298
v 0.8224104046821594 0.20854873955249786 -0.013790618628263474
v 0.8307281732559204 0.20801310241222382 -0.01442403718829155
v 0.8242331147193909 0.21096102893352509 -0.017789732664823532
v 0.8270848393440247 0.21507292985916138 -0.01930702105164528
v 0.8331388831138611 0.21440339088439941 -0.01912665367126465
v 0.8316464424133301 0.21070817112922668 -0.018124032765626907
v 0.8379817605018616 0.21335823833942413 -0.018550589680671692
v 0.8370227813720703 0.21072964370250702 -0.017439816147089005
v 0.8365438580513 0.20892487466335297 -0.014441470615565777
v 0.8410606384277344 0.21244597434997559 -0.01693260297179222
v 0.8426462411880493 0.21480579674243927 -0.0169448833912611
v 0.8416684865951538 0.21139125525951385 -0.013621687889099121
v 0.8395001292228699 0.2099868208169937 -0.014145184308290482
v 0.8395625948905945 0.210902601480484 -0.016384199261665344
v 0.8101166486740112 0.21284246444702148 -0.04018358513712883
v 0.8026788234710693 0.21348170936107635 -0.03885554149746895
v 0.8023362159729004 0.21257203817367554 -0.043779097497463226
v 0.8099808692932129 0.21215872466564178 -0.04522360488772392
v 0.8109301924705505 0.22575654089450836 -0.03635786473751068
v 0.8040231466293335 0.2270636111497879 -0.03580326959490776
v 0.8036856055259705 0.22148393094539642 -0.034469299018383026
v 0.810662031173706 0.22005921602249146 -0.03540793061256409
v 0.8106226325035095 0.22868044674396515 -0.041961777955293655
v 0.8037563562393188 0.2302348017692566 -0.04149004444479942
v 0.795791745185852 0.2279568612575531 -0.034863945096731186
v 0.7819454669952393 0.22751599550247192 -0.03362813591957092
v 0.7818318009376526 0.22137269377708435 -0.03283047676086426
v 0.7955217957496643 0.22216492891311646 -0.03374481201171875
v 0.7807658910751343 0.2168397307395935 -0.04989197850227356
v 0.7790828347206116 0.21292643249034882 -0.04672357067465782
v 0.8031888008117676 0.21677272021770477 -0.0360478013753891
v 0.8104550838470459 0.2155769020318985 -0.03698151186108589
v 0.7945956587791443 0.21746204793453217 -0.05087500438094139
v 0.80340576171875 0.21776656806468964 -0.0518023781478405
v 0.802737295627594 0.21405048668384552 -0.04860498756170273
v 0.7938275933265686 0.2136233150959015 -0.04761415347456932
v 0.7787650227546692 0.2115129828453064 -0.04078000783920288
v 0.7797666192054749 0.21242345869541168 -0.03488016501069069
v 0.7811654210090637 0.21635305881500244 -0.03283127024769783
v 0.7953826785087585 0.22322461009025574 -0.05109856650233269
v 0.7820086479187012 0.2233637273311615 -0.049690425395965576
v 0.7817976474761963 0.22943000495433807 -0.04586704820394516
v 0.7957385182380676 0.22861120104789734 -0.04738270863890648
v 0.7948401570320129 0.21701620519161224 -0.034764185547828674
v 0.7933903932571411 0.21229498088359833 -0.042295679450035095
v 0.794043779373169 0.213189959526062 -0.03725159168243408
v 0.795487642288208 0.2311212122440338 -0.04077937826514244
v 0.8039067387580872 0.22770105302333832 -0.04811360314488411
v 0.82064288854599 0.221803680062294 -0.052159812301397324
v 0.8206641674041748 0.2174094170331955 -0.053479328751564026
v 0.8109305500984192 0.21753588318824768 -0.052811410278081894
v 0.8112791180610657 0.2223333716392517 -0.05200574919581413
v 0.8039937615394592 0.22271092236042023 -0.05159466341137886
v 0.8108921051025391 0.22675025463104248 -0.048220761120319366
v 0.8205121755599976 0.2115459442138672 -0.047165099531412125
v 0.8203817009925842 0.21187083423137665 -0.041901011019945145
v 0.8206050395965576 0.21426907181739807 -0.038542963564395905
v 0.7816920876502991 0.23232834041118622 -0.039182376116514206
v 0.8205419778823853 0.21838505566120148 -0.03715062513947487
v 0.8204699754714966 0.22397887706756592 -0.03764205798506737
v 0.8103538751602173 0.21366187930107117 -0.050014566630125046
v 0.8203423023223877 0.21327459812164307 -0.05154469609260559
v 0.8201658725738525 0.22548188269138336 -0.048622723668813705
v 0.8197844624519348 0.227153941988945 -0.042824774980545044
v 0.8278887867927551 0.22562316060066223 -0.043996382504701614
v 0.8278920650482178 0.2242363542318344 -0.04933809116482735
v 0.8286223411560059 0.22293686866760254 -0.038954246789216995
v 0.8279011249542236 0.2177491933107376 -0.038307610899209976
v 0.8271913528442383 0.21398510038852692 -0.039685919880867004
v 0.8280777335166931 0.22121962904930115 -0.052427347749471664
v 0.8276209831237793 0.2174750566482544 -0.05370234325528145
v 0.8266512155532837 0.2134605348110199 -0.052093781530857086
v 0.8351057767868042 0.22055965662002563 -0.05326629802584648
v 0.8361575603485107 0.22337448596954346 -0.05052487924695015
v 0.8482758402824402 0.21905329823493958 -0.04251519963145256
v 0.849104106426239 0.2219836413860321 -0.043827179819345474
v 0.8439544439315796 0.22240053117275238 -0.04308634623885155
v 0.8428000211715698 0.2203773409128189 -0.04095727577805519
v 0.8402522802352905 0.22329285740852356 -0.043024346232414246
v 0.8369490504264832 0.22246213257312775 -0.04061909392476082
v 0.8439947962760925 0.22406823933124542 -0.04676832631230354
v 0.8395296335220337 0.22413983941078186 -0.04604122415184975
v 0.8495854735374451 0.22427022457122803 -0.04771934449672699
v 0.8486267328262329 0.22337891161441803 -0.0514734648168087
v 0.8430595397949219 0.22310075163841248 -0.05011371523141861
v 0.8393893241882324 0.22339384257793427 -0.049088798463344574
v 0.8531178832054138 0.219142347574234 -0.04501928389072418
v 0.8529226183891296 0.2217845469713211 -0.0449923612177372
v 0.8351688981056213 0.22486329078674316 -0.04532286152243614
v 0.8342903256416321 0.21768958866596222 -0.039650123566389084
v 0.8413668870925903 0.2167275846004486 -0.0408882275223732
v 0.847782552242279 0.21595889329910278 -0.042929019778966904
v 0.8523524403572083 0.21609845757484436 -0.04584928974509239
v 0.840411365032196 0.21304427087306976 -0.04231918230652809
v 0.8469626307487488 0.21311332285404205 -0.04438390955328941
v 0.8507047295570374 0.2138805389404297 -0.047203678637742996
v 0.8397936224937439 0.2106603980064392 -0.04565640911459923
v 0.8462886810302734 0.2115216702222824 -0.047323353588581085
v 0.8326835632324219 0.21373416483402252 -0.040862422436475754
v 0.8317295908927917 0.21139459311962128 -0.04403264448046684
v 0.8492676019668579 0.21276961266994476 -0.04854403808712959
v 0.8540220260620117 0.21758131682872772 -0.0498686321079731
v 0.8552625179290771 0.2206927239894867 -0.04917451739311218
v 0.8546385169029236 0.22398513555526733 -0.04839782416820526
v 0.8422879576683044 0.22165313363075256 -0.052137263119220734
v 0.8481746315956116 0.22121606767177582 -0.053037628531455994
v 0.8418790102005005 0.21990376710891724 -0.05423876643180847
v 0.8478866219520569 0.21935325860977173 -0.05458831787109375
v 0.8529199361801147 0.22353176772594452 -0.0520087368786335
v 0.8530282378196716 0.22134186327457428 -0.05280773714184761
v 0.8266050219535828 0.21179060637950897 -0.04304207116365433
v 0.8263815641403198 0.21155902743339539 -0.04783044382929802
v 0.831493616104126 0.2111309915781021 -0.048726607114076614
v 0.8395139575004578 0.21080346405506134 -0.05042418837547302
v 0.8319297432899475 0.2133917510509491 -0.05283219739794731
v 0.833845853805542 0.21736156940460205 -0.054407425224781036
v 0.8408280611038208 0.2171110361814499 -0.055050358176231384
v 0.839729905128479 0.21351970732212067 -0.05405062064528465
v 0.8468239903450012 0.2168755978345871 -0.05489252880215645
v 0.8458874821662903 0.2140355408191681 -0.05408996716141701
v 0.8458535671234131 0.21167373657226562 -0.05129950866103172
v 0.8506777286529541 0.21632646024227142 -0.05366631969809532
v 0.8522922992706299 0.21874813735485077 -0.05353454500436783
v 0.851891815662384 0.21507620811462402 -0.050623033195734024
v 0.8495044112205505 0.2132394164800644 -0.0511416494846344
v 0.8489958047866821 0.21444746851921082 -0.05335165187716484
v 0.7984769344329834 0.21323353052139282 -0.06361052393913269
v 0.7925969362258911 0.21387574076652527 -0.06214969605207443
v 0.7908452153205872 0.21154393255710602 -0.06639204174280167
v 0.7969194054603577 0.21086224913597107 -0.06800360977649689
v 0.7994813919067383 0.22478464245796204 -0.0637136846780777
v 0.7928047776222229 0.22619391977787018 -0.06159091368317604
v 0.7938735485076904 0.22226759791374207 -0.05983046814799309
v 0.7999998927116394 0.22151502966880798 -0.06185804679989815
v 0.7983319759368896 0.22610163688659668 -0.06837137043476105
v 0.7910860180854797 0.22753971815109253 -0.06687939167022705
v 0.7860067486763 0.22673805058002472 -0.05963560566306114
v 0.7762781977653503 0.22694911062717438 -0.057238511741161346
v 0.7778083682060242 0.2217518538236618 -0.055610448122024536
v 0.787529706954956 0.22222170233726501 -0.057773884385824203
v 0.7937701344490051 0.2178867906332016 -0.06017303466796875
v 0.7997468113899231 0.2173609733581543 -0.0619010329246521
v 0.7817608714103699 0.21376675367355347 -0.07247692346572876
v 0.7892721891403198 0.21426324546337128 -0.07409022003412247
v 0.789665162563324 0.21184147894382477 -0.0709637776017189
v 0.7822111248970032 0.2115073800086975 -0.06917788088321686
v 0.7716801762580872 0.21078355610370636 -0.06173708662390709
v 0.7744247913360596 0.2127387672662735 -0.05738668516278267
v 0.7767971754074097 0.2166730910539627 -0.055821143090724945
v 0.781972348690033 0.21884995698928833 -0.07390151172876358
v 0.7703995704650879 0.21828776597976685 -0.07083778083324432
v 0.7713733315467834 0.22467021644115448 -0.06903015822172165
v 0.7823960781097412 0.224929079413414 -0.07126446068286896
v 0.7874409556388855 0.21750105917453766 -0.058328621089458466
v 0.7837719321250916 0.21095648407936096 -0.06456337869167328
v 0.7859553098678589 0.21330858767032623 -0.060260333120822906
v 0.7837126851081848 0.2280622273683548 -0.06522459536790848
v 0.7897342443466187 0.22446392476558685 -0.07247135043144226
v 0.8064698576927185 0.21886645257472992 -0.07793153822422028
v 0.8060745000839233 0.214624285697937 -0.07813741266727448
v 0.7958434224128723 0.21415095031261444 -0.07593504339456558
v 0.796235978603363 0.21889308094978333 -0.07637656480073929
v 0.789272665977478 0.21890951693058014 -0.07530033588409424
v 0.7971234321594238 0.22370991110801697 -0.07354220002889633
v 0.8062155246734619 0.2104395180940628 -0.07059209793806076
v 0.8073840737342834 0.2121107429265976 -0.06617862731218338
v 0.808454155921936 0.21603314578533173 -0.06440936028957367
v 0.7736366391181946 0.22867466509342194 -0.06301817297935486
v 0.769839346408844 0.21295224130153656 -0.06970249861478806
v 0.8090158700942993 0.21967287361621857 -0.06437556445598602
v 0.8089457750320435 0.22288629412651062 -0.06596829742193222
v 0.7959159016609192 0.21140609681606293 -0.07273712009191513
v 0.8055433034896851 0.2113364189863205 -0.07532922923564911
v 0.8070499897003174 0.22283971309661865 -0.07506237924098969
v 0.8078256249427795 0.2247442901134491 -0.0702928900718689
v 0.8148034811019897 0.22381924092769623 -0.0717286616563797
v 0.813919186592102 0.22236329317092896 -0.07658648490905762
v 0.8161284923553467 0.22210824489593506 -0.06737412512302399
v 0.8157148957252502 0.2185879349708557 -0.06609164923429489
v 0.8145890235900879 0.2151469588279724 -0.06620696187019348
v 0.8133523464202881 0.21854399144649506 -0.07916729897260666
v 0.8128750920295715 0.2148703783750534 -0.07922276109457016
v 0.8115399479866028 0.21158741414546967 -0.07653958350419998
v 0.8184652328491211 0.218065544962883 -0.08050228655338287
v 0.8201847076416016 0.2214297503232956 -0.07784467935562134
v 0.8332872986793518 0.21854935586452484 -0.07102424651384354
v 0.8334401845932007 0.22031289339065552 -0.07260626554489136
v 0.8287044763565063 0.22028452157974243 -0.07158961147069931
v 0.8284861445426941 0.21924863755702972 -0.06956791132688522
v 0.82523113489151 0.2212519496679306 -0.07108549773693085
v 0.8226115703582764 0.2212313562631607 -0.06900209933519363
v 0.8281702995300293 0.22209018468856812 -0.07490000873804092
v 0.8239691853523254 0.22237516939640045 -0.07380213588476181
v 0.8328554630279541 0.22187210619449615 -0.07622877508401871
v 0.8311617970466614 0.22052083909511566 -0.0797366350889206
v 0.8265141248703003 0.2206697165966034 -0.07823830097913742
v 0.8232899904251099 0.22165417671203613 -0.07683119922876358
v 0.8370263576507568 0.2185281664133072 -0.07347387075424194
v 0.8364579677581787 0.22029288113117218 -0.07402631640434265
v 0.8202815651893616 0.22283625602722168 -0.07296071201562881
v 0.8210098743438721 0.2178175300359726 -0.06739047914743423
v 0.8272731304168701 0.21656779944896698 -0.06871765851974487
v 0.8325903415679932 0.2158324122428894 -0.07058072090148926
v 0.8360336422920227 0.21551315486431122 -0.07344426959753036
v 0.8258037567138672 0.21346834301948547 -0.06937804073095322
v 0.8311790823936462 0.21312443912029266 -0.071390800178051
v 0.8341345191001892 0.21297922730445862 -0.07394649088382721
v 0.8243201375007629 0.2108866572380066 -0.07115928828716278
v 0.829890251159668 0.2111247032880783 -0.07314589619636536
v 0.8194566965103149 0.21437817811965942 -0.06777755916118622
v 0.8176374435424805 0.21160897612571716 -0.06953640282154083
v 0.832462728023529 0.21181686222553253 -0.07467193156480789
v 0.8365982174873352 0.21572479605674744 -0.07806225121021271
v 0.8376860022544861 0.2190076857805252 -0.0778585821390152
v 0.8368184566497803 0.2215854525566101 -0.07737886160612106
v 0.8250147104263306 0.21942226588726044 -0.08041635900735855
v 0.830044150352478 0.21869884431362152 -0.08151059597730637
v 0.8239323496818542 0.21705974638462067 -0.08151267468929291
v 0.8293988704681396 0.21653126180171967 -0.08217966556549072
v 0.8346678614616394 0.22069218754768372 -0.08014339953660965
v 0.8345880508422852 0.21892432868480682 -0.08107984066009521
v 0.8130384087562561 0.21214596927165985 -0.06794579327106476
v 0.8116942644119263 0.2107287049293518 -0.07190348207950592
v 0.816453754901886 0.21052780747413635 -0.07302132248878479
v 0.8234396576881409 0.21006335318088531 -0.07492469251155853
v 0.8161265254020691 0.2116217166185379 -0.07741691172122955
v 0.8174101710319519 0.21465863287448883 -0.07998047024011612
v 0.8232704401016235 0.21416954696178436 -0.08105704188346863
v 0.8226327896118164 0.21153368055820465 -0.07881665229797363
v 0.8286554217338562 0.21399341523647308 -0.08161552250385284
v 0.8283132314682007 0.211753711104393 -0.0797632485628128
v 0.8289116621017456 0.21055752038955688 -0.0764511451125145
v 0.8324592709541321 0.2138526737689972 -0.0807676687836647
v 0.8336604237556458 0.2163880616426468 -0.0813901424407959
v 0.8346010446548462 0.21331192553043365 -0.07762233167886734
v 0.8323477506637573 0.21176458895206451 -0.07716123759746552
v 0.831287145614624 0.21224181354045868 -0.07963309437036514
v 0.7699859142303467 0.21115708351135254 -0.06622487306594849
v 0.773436427116394 0.20946799218654633 -0.08950821310281754
v 0.7691495418548584 0.2100222408771515 -0.08676392585039139
v 0.7671833634376526 0.20818130671977997 -0.08959268778562546
v 0.771369218826294 0.20757019519805908 -0.09230443835258484
v 0.7742564082145691 0.2197258025407791 -0.09169865399599075
v 0.7693823575973511 0.2208208292722702 -0.08865565806627274
v 0.7707840800285339 0.21757666766643524 -0.08581981062889099
v 0.7755219340324402 0.21679359674453735 -0.08892946690320969
v 0.7716246843338013 0.21991154551506042 -0.09625397622585297
v 0.7664993405342102 0.22105996310710907 -0.09353373199701309
v 0.7635599374771118 0.22106003761291504 -0.08504350483417511
v 0.7544521689414978 0.22154474258422852 -0.07896474748849869
v 0.7572397589683533 0.21718718111515045 -0.07687839865684509
v 0.765267550945282 0.21753370761871338 -0.08225873857736588
v 0.7431906461715698 0.20891793072223663 -0.08603550493717194
v 0.7495522499084473 0.20883432030677795 -0.08883032947778702
v 0.7516949772834778 0.20704881846904755 -0.08553329110145569
v 0.7445574998855591 0.20620998740196228 -0.08228845149278641
v 0.7705976366996765 0.21348623931407928 -0.08531508594751358
v 0.7750223278999329 0.21292516589164734 -0.08844555914402008
v 0.7583182454109192 0.20918986201286316 -0.09339689463376999
v 0.7635902166366577 0.2094000279903412 -0.09641129523515701
v 0.7653002142906189 0.20795938372612 -0.09307381510734558
v 0.7603598833084106 0.20751017332077026 -0.09015078842639923
v 0.7477370500564575 0.20567676424980164 -0.07818727195262909
v 0.7541382312774658 0.20714625716209412 -0.08201907575130463
v 0.7561029195785522 0.20900624990463257 -0.07868260890245438
v 0.7513492703437805 0.20678500831127167 -0.07425303012132645
v 0.757533609867096 0.21214929223060608 -0.07717465609312057
v 0.7572059035301208 0.21293680369853973 -0.0951896384358406
v 0.7482424378395081 0.21253500878810883 -0.09041493386030197
v 0.7477574944496155 0.21777361631393433 -0.08967982232570648
v 0.7579249143600464 0.21786454319953918 -0.09432938694953918
v 0.7654029726982117 0.21331506967544556 -0.0821070671081543
v 0.7624131441116333 0.20783665776252747 -0.08675556629896164
v 0.7642036080360413 0.2098838835954666 -0.08366371691226959
v 0.7603548765182495 0.22159287333488464 -0.08982700854539871
v 0.7640100121498108 0.21756049990653992 -0.09735268354415894
v 0.7737537622451782 0.21149586141109467 -0.10449481010437012
v 0.7738237977027893 0.20841699838638306 -0.10297156870365143
v 0.7679874897003174 0.20890183746814728 -0.09935205429792404
v 0.767559826374054 0.2124376893043518 -0.10121165961027145
v 0.7628356218338013 0.21299971640110016 -0.09838949143886566
v 0.76900315284729 0.2167331576347351 -0.1001073345541954
v 0.7767560482025146 0.20678405463695526 -0.09588591754436493
v 0.7792311906814575 0.2086523175239563 -0.0931578278541565
v 0.7806909680366516 0.21188682317733765 -0.09208139032125473
v 0.7503730654716492 0.2228243350982666 -0.0843093991279602
v 0.7814204692840576 0.21530847251415253 -0.09267859160900116
v 0.7804768085479736 0.21808987855911255 -0.0951547920703888
v 0.7694789171218872 0.2073885202407837 -0.09588595479726791
v 0.7750071287155151 0.20680466294288635 -0.09957682341337204
v 0.7752280235290527 0.21542170643806458 -0.10334808379411697
v 0.7777677178382874 0.21836024522781372 -0.09942744672298431
v 0.7828841805458069 0.2176586389541626 -0.10215486586093903
v 0.7804318070411682 0.21480323374271393 -0.1061161682009697
v 0.7853283286094666 0.21710848808288574 -0.09781212359666824
v 0.7857832312583923 0.21446989476680756 -0.09527861326932907
v 0.784541666507721 0.21114912629127502 -0.09481632709503174
v 0.7786406874656677 0.21075859665870667 -0.10694437474012375
v 0.7784655094146729 0.20823140442371368 -0.10516341775655746
v 0.7791256904602051 0.2069513350725174 -0.10186250507831573
v 0.7833414077758789 0.2104048728942871 -0.10909861326217651
v 0.7857457995414734 0.21414408087730408 -0.10845957696437836
v 0.7982239723205566 0.21315425634384155 -0.1031334325671196
v 0.7976125478744507 0.21456696093082428 -0.10466237366199493
v 0.7944902181625366 0.21487367153167725 -0.10336977243423462
v 0.794610857963562 0.2141280174255371 -0.10116681456565857
v 0.7914222478866577 0.21587693691253662 -0.10262180119752884
v 0.7899342179298401 0.21592043340206146 -0.10023012012243271
v 0.7929085493087769 0.21580316126346588 -0.1064613088965416
v 0.7896479368209839 0.2161361128091812 -0.10511526465415955
v 0.7965163588523865 0.2155226171016693 -0.10826732963323593
v 0.7946705222129822 0.21315595507621765 -0.11140534281730652
v 0.7911484241485596 0.21390140056610107 -0.10989805310964584
v 0.788705587387085 0.21493405103683472 -0.10810720920562744
v 0.8008753657341003 0.21266941726207733 -0.10589873045682907
v 0.8000353574752808 0.21436621248722076 -0.1063508465886116
v 0.7869271636009216 0.21675005555152893 -0.10396523773670197
v 0.7896766662597656 0.21367064118385315 -0.097602479159832
v 0.7943428754806519 0.21239358186721802 -0.09968078136444092
v 0.7987393736839294 0.21109871566295624 -0.10240848362445831
v 0.800812304019928 0.21015208959579468 -0.1058652326464653
v 0.7929582595825195 0.20998144149780273 -0.09944955259561539
v 0.7972288131713867 0.20887796580791473 -0.10240839421749115
v 0.7992026209831238 0.2082064002752304 -0.10550645738840103
v 0.7908589839935303 0.2077326476573944 -0.10007377713918686
v 0.7953208684921265 0.2071673572063446 -0.10295654833316803
v 0.7881742119789124 0.2109750211238861 -0.0968220978975296
v 0.7859861850738525 0.20842140913009644 -0.09751924872398376
v 0.7974504232406616 0.20715782046318054 -0.10511492937803268
v 0.8000808358192444 0.20962345600128174 -0.10929272323846817
v 0.8005408644676208 0.21216535568237305 -0.10992960631847382
v 0.7996045351028442 0.21485313773155212 -0.10987179726362228
v 0.7896792888641357 0.21206870675086975 -0.1112305223941803
v 0.7939931154251099 0.2110096514225006 -0.11260224133729935
v 0.788105845451355 0.20953869819641113 -0.11090751737356186
v 0.7934969663619995 0.2086871713399887 -0.11207132041454315
v 0.7975134253501892 0.21322709321975708 -0.11208967864513397
v 0.7977688312530518 0.21119989454746246 -0.11236207187175751
v 0.7828870415687561 0.20841634273529053 -0.09574970602989197
v 0.7808215618133545 0.2068168669939041 -0.09816623479127884
v 0.783974289894104 0.20660348236560822 -0.10000140964984894
v 0.7889176607131958 0.20607367157936096 -0.10225887596607208
v 0.7826732397079468 0.2066076099872589 -0.10372493416070938
v 0.7823845744132996 0.2079031616449356 -0.1070503443479538
v 0.7875903248786926 0.20734761655330658 -0.10908519476652145
v 0.7877359986305237 0.20592612028121948 -0.10593228787183762
v 0.7929878234863281 0.20690977573394775 -0.11026836931705475
v 0.7930687069892883 0.20589321851730347 -0.10768409073352814
v 0.7939092516899109 0.2059779018163681 -0.10478189587593079
v 0.7968360781669617 0.20731166005134583 -0.10982964187860489
v 0.797523021697998 0.20886766910552979 -0.11149462312459946
v 0.7987603545188904 0.20779329538345337 -0.10811198502779007
v 0.797033965587616 0.20671306550502777 -0.10673926770687103
v 0.7960363626480103 0.20649343729019165 -0.10828077048063278
v 0.7428815364837646 0.21208597719669342 -0.08776504546403885
v 0.7420677542686462 0.21552592515945435 0.024102218449115753
v 0.7438012361526489 0.21269136667251587 0.01977112516760826
v 0.7418292760848999 0.20204460620880127 0.01812315173447132
v 0.7381473779678345 0.19738566875457764 0.02141221985220909
v 0.7341926693916321 0.1963692456483841 0.02664414420723915
v 0.7325809001922607 0.1994151771068573 0.030924847349524498
v 0.7329711318016052 0.20430701971054077 0.03332243859767914
v 0.7440969944000244 0.2080014944076538 0.017638904973864555
v 0.7388195991516113 0.21561866998672485 0.029488064348697662
v 0.7351901531219482 0.21088872849941254 0.033210787922143936
v 0.7437708377838135 0.21015477180480957 0.03931911289691925
v 0.7469622492790222 0.2151777595281601 0.03513103723526001
v 0.7412757277488708 0.20353791117668152 0.03965214267373085
v 0.740088164806366 0.19839954376220703 0.03628451004624367
v 0.7404788136482239 0.19575411081314087 0.031086310744285583
v 0.74940425157547 0.21524259448051453 0.028713161125779152
v 0.7502202987670898 0.21213823556900024 0.02383005991578102
v 0.7493587136268616 0.20680446922779083 0.021452924236655235
v 0.7562108039855957 0.21499650180339813 0.033965375274419785
v 0.7565427422523499 0.21474577486515045 0.041548822075128555
v 0.7596102952957153 0.2004883885383606 0.050489917397499084
v 0.7599576711654663 0.20455347001552582 0.05236760899424553
v 0.7562964558601379 0.20460321009159088 0.05014800280332565
v 0.7549077868461609 0.20058204233646393 0.048400912433862686
v 0.7540833353996277 0.20556439459323883 0.04835646227002144
v 0.750285267829895 0.20287072658538818 0.04572969302535057
v 0.7584823369979858 0.21029309928417206 0.05026232823729515
v 0.7560636401176453 0.21006101369857788 0.048038724809885025
v 0.7613643407821655 0.2144986242055893 0.0474553108215332
v 0.7583155632019043 0.21380536258220673 0.046468835324048996
v 0.7619884610176086 0.210265651345253 0.05299781635403633
v 0.7633572220802307 0.204979807138443 0.054003432393074036
v 0.7654297351837158 0.20907412469387054 0.05406142771244049
v 0.7643347978591919 0.20225770771503448 0.05239994823932648
v 0.7523359656333923 0.20977434515953064 0.04502103850245476
v 0.7473596930503845 0.1976909339427948 0.04095504432916641
v 0.7540193200111389 0.19707463681697845 0.04469319060444832
v 0.7602444291114807 0.19766634702682495 0.04726490378379822
v 0.7655367255210876 0.20024584233760834 0.04863377660512924
v 0.7549788355827332 0.19522814452648163 0.03942583128809929
v 0.7616580128669739 0.1970192939043045 0.042511481791734695
v 0.7658636569976807 0.1999172866344452 0.04435783997178078
v 0.7567326426506042 0.19650280475616455 0.03423256427049637
v 0.7628191709518433 0.19853903353214264 0.03879395127296448
v 0.7465630173683167 0.19492897391319275 0.03482412174344063
v 0.7481505870819092 0.19602425396442413 0.02896055206656456
v 0.7658311128616333 0.20038777589797974 0.041414275765419006
v 0.769061803817749 0.20502105355262756 0.04821529984474182
v 0.7683806419372559 0.20681887865066528 0.05240250751376152
v 0.7626458406448364 0.2152918428182602 0.04331349954009056
v 0.7644877433776855 0.21409589052200317 0.05000981315970421
v 0.7665451765060425 0.21428190171718597 0.046121250838041306
v 0.7627943754196167 0.21425409615039825 0.03816845640540123
v 0.7674562931060791 0.2124965786933899 0.04207371175289154
v 0.766798198223114 0.21261411905288696 0.05203044414520264
v 0.7688738703727722 0.211776003241539 0.04936814680695534
v 0.7429494261741638 0.1966400444507599 0.025466036051511765
v 0.7465571761131287 0.20075824856758118 0.02205117791891098
v 0.7516099810600281 0.20058824121952057 0.025466488674283028
v 0.7592859268188477 0.20098499953746796 0.030950747430324554
v 0.7547767758369446 0.2067716121673584 0.025062108412384987
v 0.7562592029571533 0.2123226374387741 0.02832627296447754
v 0.762848436832428 0.21138720214366913 0.03391171246767044
v 0.7616949081420898 0.20658762753009796 0.030940204858779907
v 0.7672416567802429 0.20959332585334778 0.038751501590013504
v 0.7661758065223694 0.20607000589370728 0.03676627203822136
v 0.7646411061286926 0.20194412767887115 0.036899954080581665
v 0.7688848972320557 0.20720677077770233 0.04228225350379944
v 0.7696533203125 0.20953446626663208 0.04566492885351181
v 0.7682599425315857 0.20368842780590057 0.04431653767824173
v 0.7670655250549316 0.2028888612985611 0.04097622260451317
v 0.7677372694015503 0.20549394190311432 0.04014218971133232
v 0.7388601899147034 0.2041342854499817 -0.08030912280082703
v 0.7417912483215332 0.20359736680984497 -0.07488624006509781
v 0.7343724966049194 0.2025410532951355 -0.07307843118906021
v 0.7255696058273315 0.20083628594875336 -0.07149677723646164
v 0.7161338925361633 0.2019571214914322 -0.07585187256336212
v 0.7276847958564758 0.20192882418632507 -0.06488349288702011
v 0.7364502549171448 0.20355142652988434 -0.06683357059955597
v 0.746314287185669 0.20498335361480713 -0.06865964084863663
v 0.7223958969116211 0.20240193605422974 -0.05784254148602486
v 0.040841761976480484 0.48960429430007935 0.1046704649925232
v 0.044250428676605225 0.4886302947998047 0.10278543829917908
v 0.046027328819036484 0.48247459530830383 0.10037821531295776
v 0.04338730871677399 0.4822847545146942 0.10224045813083649
v 0.040050655603408813 0.48239752650260925 0.10383658111095428
v 0.03616531193256378 0.48275482654571533 0.1048336923122406
v 0.030796080827713013 0.4904795289039612 0.10556557774543762
v 0.03608764335513115 0.4906845688819885 0.10576847195625305
v 0.021422885358333588 0.4853924810886383 0.10318970680236816
v 0.023289017379283905 0.48674285411834717 0.10294535011053085
v 0.022171590477228165 0.48442500829696655 0.10364489257335663
v 0.028137370944023132 0.48375454545021057 0.10464100539684296
v 0.02451145276427269 0.4843224883079529 0.10373234748840332
v 0.048374809324741364 0.4859192371368408 0.0990094467997551
v 0.04923589900135994 0.4846724271774292 0.0977923646569252
v 0.04664621502161026 0.48727086186408997 0.10087103396654129
v 0.0320763923227787 0.48323988914489746 0.10500502586364746
v 0.04904844984412193 0.48353517055511475 0.09758714586496353
v 0.04792962968349457 0.48280981183052063 0.09856928884983063
v 0.026374856010079384 0.4891725480556488 0.1041206419467926
v 0.04033047333359718 0.4846895933151245 0.103640116751194
v 0.03628946468234062 0.4851202964782715 0.10472478717565536
v 0.03164852038025856 0.48811984062194824 0.10533928126096725
v 0.03636559098958969 0.48795104026794434 0.10514827072620392
v 0.028429633006453514 0.48559263348579407 0.10458148270845413
v 0.026060057803988457 0.48549941182136536 0.1039278656244278
v 0.0433739610016346 0.48435845971107483 0.10208820551633835
v 0.032125137746334076 0.485513836145401 0.10499639064073563
v 0.040641941130161285 0.4873727560043335 0.10375730693340302
v 0.02556886337697506 0.48650944232940674 0.10390002280473709
v 0.02768782153725624 0.4875606596469879 0.10461929440498352
v 0.04840368777513504 0.4845782220363617 0.0982523187994957
v 0.04827284440398216 0.48415854573249817 0.09822191298007965
v 0.019980939105153084 0.22252614796161652 0.08039934933185577
v 0.019863106310367584 0.20539146661758423 0.088567815721035
v 0.043703343719244 0.4865795075893402 0.10207896679639816
v 0.0472772978246212 0.48404455184936523 0.09905999898910522
v 0.04557362198829651 0.484223872423172 0.10036147385835648
v 0.04588421434164047 0.4858121871948242 0.10046754777431488
v 0.04749657213687897 0.48512646555900574 0.09911687672138214
v 0.3029692471027374 0.22589536011219025 0.028900273144245148
v 0.30330556631088257 0.20829500257968903 0.029819009825587273
v 0.3028940260410309 0.26289665699005127 -0.015449180267751217
v 0.29908478260040283 0.2596750855445862 -0.03821180388331413
v 0.06166551262140274 -0.11502668261528015 0.14347955584526062
v 0.1160610169172287 -0.06349756568670273 -0.06242535263299942
v 0.1203840970993042 -0.03782224282622337 -0.06692352890968323
v 0.04181781783699989 -0.04317759722471237 -0.09580976516008377
v 0.062261827290058136 -0.048184629529714584 -0.09392865002155304
v 0.15280599892139435 -0.057177238166332245 0.05008028820157051
v 0.1488872468471527 -0.08183954656124115 0.05126039311289787
v 0.10971315950155258 -0.06372858583927155 0.108253613114357
v 0.10659028589725494 -0.0906810462474823 0.10962250083684921
v 0.13681094348430634 -0.11024200171232224 0.07541150599718094
v 0.08212428539991379 -0.10662035644054413 -0.07941566407680511
v 0.0807248055934906 -0.08064748346805573 -0.0824950635433197
v 0.09830036014318466 -0.0844695195555687 -0.07165445387363434
v 0.10064844787120819 -0.10897889733314514 -0.07027821242809296
v 0.020537544041872025 -0.06918147951364517 -0.08874066919088364
v 0.02162809669971466 -0.03926112502813339 -0.09212617576122284
v 0.16220442950725555 -0.03021678514778614 0.023631663993000984
v 0.16129878163337708 -0.028284987434744835 -0.0038487527053803205
v 0.14213109016418457 -0.02000398375093937 -0.052094195038080215
v 0.1267150193452835 -0.01312048640102148 -0.06977196037769318
v 0.08878515660762787 0.0035192042123526335 -0.09301837533712387
v 0.10886042565107346 -0.004663762170821428 -0.08280956745147705
v 0.09406011551618576 -0.036600273102521896 0.12248542159795761
v 0.07486775517463684 -0.010344915091991425 0.13131621479988098
v 0.15621061623096466 -0.03176324814558029 0.05003589764237404
v 0.022705525159835815 -0.03701668977737427 0.1471390575170517
v 0.045704036951065063 0.0450114831328392 -0.10528049618005753
v 0.07056990265846252 0.03984203189611435 -0.10264844447374344
v 0.15408684313297272 -0.024826018139719963 -0.029506465420126915
v 0.036157283931970596 0.15886737406253815 0.10904640704393387
v 0.035743653774261475 0.140861377120018 0.11577722430229187
v 0.05380908027291298 0.14486977458000183 0.11665192246437073
v 0.0548776239156723 0.16203030943870544 0.10877609252929688
v 0.07128371298313141 0.14708730578422546 0.11603899300098419
v 0.08796779811382294 0.14852291345596313 0.11389857530593872
v 0.10334528982639313 0.14910247921943665 0.11065580695867538
v 0.14070358872413635 0.1446896344423294 0.0969674289226532
v 0.12969554960727692 0.1473391056060791 0.10229675471782684
v 0.15803304314613342 0.13531114161014557 0.08319465816020966
v 0.150182843208313 0.14108991622924805 0.09088162332773209
v 0.16294947266578674 0.12456323951482773 0.07258330285549164
v 0.1653262972831726 0.11184343695640564 0.05880545452237129
v 0.1683858335018158 0.09908153116703033 0.043474841862916946
v 0.17121140658855438 0.11306319385766983 0.038531336933374405
v 0.1611356884241104 0.09780775010585785 0.06435374915599823
v 0.1580052375793457 0.11083707213401794 0.07754451036453247
v 0.1528194397687912 0.12077868729829788 0.08822321891784668
v 0.019280944019556046 0.09295739978551865 0.12202635407447815
v 0.020786864683032036 0.06683217734098434 0.12488240003585815
v 0.018948540091514587 0.2388378232717514 0.07275529950857162
v 0.49587059020996094 0.20242032408714294 -0.067228302359581
v 0.6151638627052307 0.23593202233314514 -0.00457400968298316
v 0.03298930451273918 0.25825709104537964 -0.08663131296634674
v 0.015988031402230263 0.25327885150909424 -0.08430261164903641
v 6.576062878593802e-05 0.23713062703609467 -0.08501652628183365
v 0.00036481794086284935 0.24991834163665771 -0.08266731351613998
v 0.10590967535972595 0.28378525376319885 -0.05930115282535553
v 0.09151479601860046 0.2726580798625946 -0.07798799872398376
v 0.07106854021549225 0.26192134618759155 -0.08799587935209274
v 0.05162357538938522 0.2530817985534668 -0.09100274741649628
v 0.14540503919124603 -0.00896356999874115 0.07406052201986313
v 0.03545399382710457 0.2182561457157135 -0.09586770832538605
v 0.05344097688794136 0.24073688685894012 -0.0958060473203659
v 0.07526490837335587 0.250585675239563 -0.0940483808517456
v 0.09731998294591904 0.2619940936565399 -0.08467571437358856
v 0.1196519136428833 0.27467262744903564 -0.06567098945379257
v 0.13822592794895172 0.2742253243923187 -0.05827990546822548
v 0.16182073950767517 0.25857827067375183 -0.06340041756629944
v 0.1727007031440735 0.2587307393550873 -0.05721765384078026
v 0.17505140602588654 0.2718454599380493 -0.04105104133486748
v 0.18835335969924927 0.27324649691581726 -0.03626763075590134
v 0.1851128786802292 0.26048189401626587 -0.05283721536397934
v 0.26899346709251404 0.25873807072639465 -0.04682745784521103
v 0.28157949447631836 0.25281283259391785 -0.05135942995548248
v 0.2888018488883972 0.24279220402240753 -0.058847133070230484
v 0.29243186116218567 0.22985929250717163 -0.06559888273477554
v 0.2920553386211395 0.21562737226486206 -0.07033955305814743
v 0.28684544563293457 0.20193523168563843 -0.07237952947616577
v 0.2762564420700073 0.1911286562681198 -0.0717562809586525
v 0.23633283376693726 0.17087659239768982 -0.06334276497364044
v 0.22070488333702087 0.16384223103523254 -0.06123165413737297
v 0.18755321204662323 0.12900906801223755 -0.0626332014799118
v 0.17928922176361084 0.12041816115379333 -0.06453408300876617
v 0.14465920627117157 0.0768454521894455 -0.07577969133853912
v 0.15616990625858307 0.09237078577280045 -0.07218669354915619
v 0.13382364809513092 0.059115469455718994 -0.08047585934400558
v 0.09661707282066345 -0.2223612517118454 -0.08017457276582718
v 0.09298788011074066 -0.20313000679016113 -0.07536404579877853
v 0.11213186383247375 -0.20036250352859497 -0.06802625209093094
v 0.11495550721883774 -0.21908847987651825 -0.07102297246456146
v 0.02227216213941574 -0.1606268584728241 -0.07688294351100922
v 0.045434556901454926 -0.1597135066986084 -0.08016770333051682
v 0.1605592668056488 -0.1995231658220291 0.010816109366714954
v 0.15687596797943115 -0.1971840262413025 -0.01653340645134449
v 0.1458418369293213 -0.19684386253356934 -0.03891757130622864
v 0.1302948296070099 -0.19806796312332153 -0.055780570954084396
v 0.156343013048172 -0.20465168356895447 0.03769652545452118
v 0.07556488364934921 -0.24126985669136047 0.1296304166316986
v 0.09608164429664612 -0.23498423397541046 0.11601052433252335
v 0.013779036700725555 -0.2531748116016388 0.14923331141471863
v 0.033544763922691345 -0.2503613233566284 0.1464584469795227
v 0.14701011776924133 -0.21170949935913086 0.06134244054555893
v 0.05433183163404465 -0.24646928906440735 0.14018887281417847
v 0.11580570787191391 -0.22798745334148407 0.1003817617893219
v 0.1336144506931305 -0.22003763914108276 0.08205083012580872
v 0.09038981050252914 -0.18208815157413483 -0.07513253390789032
v 0.0701131597161293 -0.18383201956748962 -0.0788268893957138
v 0.06709356606006622 -0.15891383588314056 -0.07963564246892929
v 0.038037028163671494 0.11668398976325989 -0.10854791849851608
v 0.05994035303592682 0.11950304359197617 -0.11203566193580627
v 0.08166492730379105 0.12386069446802139 -0.11423597484827042
v 0.09826775640249252 0.1495315581560135 -0.11510829627513885
v 0.11716659367084503 0.15871839225292206 -0.1098756417632103
v 0.12079731374979019 0.14013968408107758 -0.10749173909425735
v 0.10198312252759933 0.1306924670934677 -0.11256498843431473
v 0.14981359243392944 0.17636212706565857 -0.09364193677902222
v 0.16361890733242035 0.18336625397205353 -0.08892324566841125
v 0.16515852510929108 0.1683080494403839 -0.08625885099172592
v 0.15259119868278503 0.1605566293001175 -0.0910113975405693
v 0.1773669719696045 0.17496758699417114 -0.08302454650402069
v 0.18791420757770538 0.17940600216388702 -0.07885979861021042
v 0.2004856914281845 0.184036985039711 -0.07568525522947311
v 0.2146659642457962 0.18984100222587585 -0.0737520083785057
v 0.2116449922323227 0.21332602202892303 -0.07634685933589935
v 0.1985291838645935 0.20898675918579102 -0.07846204191446304
v 0.14915606379508972 0.19367985427379608 -0.09435777366161346
v 0.1326497495174408 0.1867164522409439 -0.10169432312250137
v 0.03574668988585472 0.15339940786361694 -0.10575155913829803
v 0.015966231003403664 0.15011419355869293 -0.10034457594156265
v 0.17326471209526062 0.09214261174201965 0.025506457313895226
v 0.17777793109416962 0.08691676706075668 0.006000395864248276
v 0.1797807514667511 0.08489825576543808 -0.012720271944999695
v 0.1788378357887268 0.08583459258079529 -0.029597008600831032
v 0.17585641145706177 0.08973771333694458 -0.04448271915316582
v 0.17062151432037354 0.09506439417600632 -0.0577404648065567
v 0.16426993906497955 0.1025436744093895 -0.06925633549690247
v 0.17160502076148987 0.11168412864208221 -0.06704316288232803
v 0.15763327479362488 0.11156409233808517 -0.07915490865707397
v 0.16632050275802612 0.12092811614274979 -0.07556084543466568
v 0.1505010426044464 0.12236832827329636 -0.08753663301467896
v 0.14297686517238617 0.1352650672197342 -0.09470093250274658
v 0.13746319711208344 0.1506275087594986 -0.099586620926857
v 0.13378533720970154 0.16800539195537567 -0.1018158495426178
v 0.0960102528333664 0.1698915660381317 -0.11501799523830414
v 0.11478997766971588 0.1784784495830536 -0.10942048579454422
v 0.07533538341522217 0.18292585015296936 -0.11428999900817871
v 0.07536161690950394 0.20179760456085205 -0.11046474426984787
v 0.07754234224557877 0.14323021471500397 -0.11649496853351593
v 0.07624419033527374 0.16313280165195465 -0.1165519431233406
v 0.07374788075685501 0.29857131838798523 -0.05915842205286026
v 0.05706802010536194 0.2920183837413788 -0.07010240852832794
v 0.26519447565078735 0.201902374625206 -0.07234881818294525
v 0.2749815583229065 0.2032296508550644 -0.07225240767002106
v 0.26872116327285767 0.19463619589805603 -0.07216019928455353
v 0.2632063627243042 0.1958724558353424 -0.07218170911073685
v 0.2777300477027893 0.21404661238193512 -0.07101529836654663
v 0.2650110721588135 0.22154544293880463 -0.06980563700199127
v 0.2775493860244751 0.22622188925743103 -0.06799530982971191
v 0.2659502625465393 0.21141625940799713 -0.07185570150613785
v 0.2746417820453644 0.23727433383464813 -0.06348492205142975
v 0.26274412870407104 0.23220551013946533 -0.0669412687420845
v 0.26943856477737427 0.24610501527786255 -0.05886981636285782
v 0.2595977485179901 0.2406066209077835 -0.06348647177219391
v 0.256645530462265 0.24597732722759247 -0.06052824482321739
v 0.2613307237625122 0.2516104578971863 -0.055780939757823944
v 0.2237081229686737 0.24088932573795319 -0.06637035310268402
v 0.23649407923221588 0.2435605525970459 -0.06377475708723068
v 0.24850714206695557 0.2450500875711441 -0.061737239360809326
v 0.2290760725736618 0.1946609616279602 -0.07295499742031097
v 0.242671936750412 0.20149163901805878 -0.07288551330566406
v 0.25484228134155273 0.20676475763320923 -0.07252092659473419
v 0.25334516167640686 0.21703864634037018 -0.07156984508037567
v 0.24115793406963348 0.21126790344715118 -0.07305490225553513
v 0.22767044603824615 0.2047872245311737 -0.07443123310804367
v 0.03549359738826752 0.13636517524719238 -0.10820574313402176
v 0.05626648664474487 0.1392352283000946 -0.1128750666975975
v 0.17613695561885834 0.18831956386566162 -0.08488184958696365
v 0.18742865324020386 0.19182218611240387 -0.0813724622130394
v 0.19925551116466522 0.195253387093544 -0.07837221026420593
v 0.21270714700222015 0.20034366846084595 -0.0759768933057785
v 0.18690194189548492 0.20540118217468262 -0.08166072517633438
v 0.1754666119813919 0.20246568322181702 -0.08523374050855637
v 0.16302597522735596 0.19875237345695496 -0.08949114382266998
v 0.056163303554058075 0.1580045372247696 -0.1119285374879837
v 0.015806835144758224 0.13392610847949982 -0.1036064401268959
v 0.19468890130519867 0.24039191007614136 0.05112270265817642
v 0.19551920890808105 0.2646785378456116 0.03652840480208397
v 0.19646920263767242 0.27962836623191833 0.013123259879648685
v 0.19340327382087708 0.2817767858505249 -0.01348129753023386
v -0.00023339770268648863 0.29082566499710083 -0.07281094789505005
v 0.42270198464393616 0.17383968830108643 -0.02666356787085533
v -0.0004429146647453308 0.07335285097360611 -0.10100824385881424
v -0.0012900675646960735 0.09505688399076462 -0.1018470898270607
v 0.0026450699660927057 -0.007048569619655609 -0.09053875505924225
v 0.0019156960770487785 0.021728472784161568 -0.09513738006353378
v 0.04264646768569946 -0.13063234090805054 -0.08321002125740051
v 0.02017347514629364 -0.12904170155525208 -0.0802089050412178
v 0.019720027223229408 -0.09869346022605896 -0.08462498337030411
v -0.0009628998232074082 -0.18829816579818726 -0.0731327012181282
v -0.001346495351754129 -0.16011130809783936 -0.07106262445449829
v 0.00022708819597028196 -0.09573902934789658 -0.07900098711252213
v 0.0014981119893491268 -0.06564926356077194 -0.08373483270406723
v 0.022257234901189804 0.04745979234576225 -0.1018601506948471
v 0.017364121973514557 0.115304134786129 -0.10435079783201218
v -0.001998834079131484 0.13335493206977844 -0.101630300283432
v -0.0021502915769815445 0.14931322634220123 -0.0987003818154335
v -0.0019579133950173855 0.1649385541677475 -0.09632567316293716
v 0.11102066189050674 0.11688743531703949 0.12088924646377563
v 0.11373233795166016 0.13275282084941864 0.1143835186958313
v 0.10072511434555054 0.13317537307739258 0.11842533200979233
v 0.09874153882265091 0.11732613295316696 0.12494923919439316
v 0.1318920999765396 0.11505602300167084 0.10942508280277252
v 0.13589440286159515 0.1298770010471344 0.10339982062578201
v 0.12550434470176697 0.13174371421337128 0.10929598659276962
v 0.12204844504594803 0.11630116403102875 0.1155896708369255
v 0.14493553340435028 0.12642337381839752 0.0966218039393425
v 0.14049139618873596 0.11211876571178436 0.102290578186512
v 0.10927826911211014 0.10041102021932602 0.12613919377326965
v 0.11990363895893097 0.1000722125172615 0.12080216407775879
v 0.09723812341690063 0.10096956044435501 0.12969613075256348
v 0.13642019033432007 0.09760361164808273 0.10721338540315628
v 0.1288628727197647 0.09937509894371033 0.11427852511405945
v 0.013688507489860058 0.3620379567146301 0.10736404359340668
v 0.012648476287722588 0.3690990209579468 0.12235422432422638
v 0.005181410349905491 0.4154280722141266 0.13208502531051636
v 0.004892234690487385 0.41997024416923523 0.13022899627685547
v 0.0074135251343250275 0.34295251965522766 0.08561985939741135
v 0.0070192040875554085 0.3319680392742157 0.07996250689029694
v 0.003046507015824318 0.39514315128326416 0.13245363533496857
v 0.0033386312425136566 0.37989526987075806 0.13380184769630432
v 0.0026178485713899136 0.4432283341884613 0.13356129825115204
v 0.0026004440151154995 0.4392869472503662 0.1321221888065338
v 0.0027265644166618586 0.42746469378471375 0.13339120149612427
v 0.0028363685123622417 0.42347151041030884 0.13208432495594025
v 0.006469747982919216 0.3200283646583557 0.0730704590678215
v 0.0070832218043506145 0.352946400642395 0.09431305527687073
v 0.004957675002515316 0.29466360807418823 0.06263705343008041
v 0.004429711028933525 0.2833344340324402 0.058990027755498886
v 0.016166193410754204 0.2740964889526367 0.05817776173353195
v 0.016793355345726013 0.26316139101982117 0.06091569736599922
v 0.018668200820684433 0.1157606989145279 0.11789160966873169
v 0.019174912944436073 0.1704605370759964 0.10160020738840103
v 0.018709301948547363 0.15390680730342865 0.10803134739398956
v 0.01948397420346737 0.18795834481716156 0.0955277681350708
v 0.01784750446677208 0.2518979609012604 0.06612733751535416
v 0.0058539193123579025 0.30735260248184204 0.06707362830638885
v 0.0028709745965898037 0.4104118049144745 0.13126422464847565
v 0.0028926017694175243 0.40425214171409607 0.12947121262550354
v 0.0026594309601932764 0.43503230810165405 0.13214577734470367
v 0.0026855897158384323 0.431235134601593 0.13280531764030457
v 0.0033765591215342283 0.22085057199001312 0.08026110380887985
v 0.0029344381764531136 0.20354078710079193 0.08883354067802429
v 0.018660372123122215 0.13517537713050842 0.11282671242952347
v 0.0023116255179047585 0.08877547085285187 0.11800021678209305
v 0.0010556523920968175 0.06234174594283104 0.12228380888700485
v 0.003699950175359845 0.23728658258914948 0.07211678475141525
v 0.0005791035946458578 0.03549148142337799 0.12750449776649475
v 0.1642058789730072 -0.3841942846775055 -0.06886039674282074
v 0.14627021551132202 -0.40159109234809875 -0.09085641801357269
v 0.13850075006484985 -0.38897302746772766 -0.10024983435869217
v 0.15214648842811584 -0.37572595477104187 -0.08512521535158157
v 0.16023391485214233 -0.3326745331287384 -0.06271576136350632
v 0.16074241697788239 -0.30684974789619446 -0.05396229028701782
v 0.16130582988262177 -0.2793963849544525 -0.04795258492231369
v 0.11812209337949753 -0.3975512683391571 -0.1130422055721283
v 0.09088577330112457 -0.3826747536659241 -0.1267939805984497
v 0.09280800074338913 -0.40125948190689087 -0.12294722348451614
v 0.14634928107261658 -0.2831750512123108 -0.07211747765541077
v 0.14686289429664612 -0.309909850358963 -0.07796660810709
v 0.14410977065563202 -0.37167027592658997 -0.09361377358436584
v 0.14637060463428497 -0.35712623596191406 -0.09046787768602371
v 0.15946133434772491 -0.3565131723880768 -0.07366614788770676
v 0.115197092294693 -0.3809073567390442 -0.11733654886484146
v 0.13324877619743347 -0.37698495388031006 -0.10480522364377975
v 0.05647343397140503 -0.22833251953125 -0.08946498483419418
v 0.05992443859577179 -0.24814674258232117 -0.09987509995698929
v 0.03352349251508713 -0.24937792122364044 -0.10154298692941666
v 0.13215899467468262 -0.21523907780647278 -0.05696236342191696
v 0.12023245543241501 -0.23858040571212769 -0.07705535739660263
v -0.0006322323461063206 -0.38405829668045044 -0.12068788707256317
v 0.13202930986881256 -0.35996806621551514 -0.106112539768219
v 0.08872193843126297 -0.3616337776184082 -0.12907356023788452
v 0.11321558803319931 -0.3613474369049072 -0.11927095800638199
v 0.08747144043445587 -0.2896728813648224 -0.11544961482286453
v 0.10955678671598434 -0.28849902749061584 -0.10533642023801804
v 0.11024288088083267 -0.3135349452495575 -0.11307423561811447
v 0.08751807361841202 -0.3135848641395569 -0.12344812601804733
v 0.12888966500759125 -0.2868778109550476 -0.09117421507835388
v 0.125814750790596 -0.26141273975372314 -0.0845746248960495
v 0.08561627566814423 -0.266733318567276 -0.10594110935926437
v 0.10670215636491776 -0.26446548104286194 -0.09696947038173676
v 0.10169990360736847 -0.2420109212398529 -0.08792748302221298
v 0.13009808957576752 -0.31304797530174255 -0.09806056320667267
v 0.08736248314380646 -0.3383016288280487 -0.1283305585384369
v 0.059044282883405685 -0.3384103775024414 -0.1330215483903885
v 0.02979767881333828 -0.33801376819610596 -0.13159871101379395
v 0.0007057114271447062 -0.33950722217559814 -0.13107380270957947
v 0.0009577528107911348 -0.3159129023551941 -0.12844997644424438
v 0.08180564641952515 -0.24533793330192566 -0.09502865374088287
v 0.07327788323163986 -0.20539605617523193 -0.07927179336547852
v 0.07743021100759506 -0.22562739253044128 -0.08574649691581726
v 0.0642375722527504 -0.13173408806324005 -0.08126284927129745
v 0.10764623433351517 -0.6131759285926819 0.08660492300987244
v -0.005405219737440348 -0.4335705041885376 -0.0037707695737481117
v -0.006801470182836056 -0.44361433386802673 0.027152586728334427
v 0.17507188022136688 -0.3513043224811554 0.056240495294332504
v 0.18204107880592346 -0.3644862473011017 -0.021895866841077805
v 0.17069309949874878 -0.35892900824546814 -0.050230734050273895
v 0.0031407633796334267 -0.45040053129196167 0.07683925330638885
v 0.019479766488075256 -0.4452759325504303 0.09949343651533127
v 0.15559592843055725 -0.36076119542121887 0.08477111160755157
v 0.10189211368560791 -0.41243627667427063 0.12171205878257751
v -0.004693678114563227 -0.4496389627456665 0.05283384025096893
v 0.14745581150054932 -0.3348199129104614 -0.08415156602859497
v 0.13096068799495697 -0.33825668692588806 -0.10294480621814728
v 0.11150233447551727 -0.33855924010276794 -0.11776039004325867
v 0.06004052609205246 -0.361014187335968 -0.13334612548351288
v 0.028974711894989014 -0.35958826541900635 -0.13138164579868317
v 0.00022273404465522617 -0.36009177565574646 -0.12870889902114868
v 0.01470611710101366 -0.39605826139450073 0.1316153109073639
v 0.0041817594319581985 -0.3904776871204376 0.13839948177337646
v 0.01094661932438612 -0.38736316561698914 0.13904039561748505
v -0.0031694683711975813 -0.3765745162963867 0.14126279950141907
v -0.003211492905393243 -0.3928964138031006 0.13617777824401855
v 0.004446846432983875 -0.4043135941028595 0.12805727124214172
v -0.0030018805991858244 -0.40702685713768005 0.12551100552082062
v -0.00308787589892745 -0.4227057099342346 0.1156403198838234
v 0.07249493896961212 -0.2627064287662506 0.12457523494958878
v 0.09431237727403641 -0.2563042640686035 0.11287321895360947
v 0.012957556173205376 -0.27544844150543213 0.14273378252983093
v 0.031061185523867607 -0.2722681164741516 0.1394074410200119
v 0.15048840641975403 -0.23209969699382782 0.06111536920070648
v 0.050894878804683685 -0.2681710720062256 0.1335638463497162
v 0.11604952067136765 -0.2491113245487213 0.09955649822950363
v 0.13615231215953827 -0.2407773733139038 0.08184604346752167
v 0.0016594231128692627 -0.26889491081237793 -0.11268666386604309
v 0.0017138340044766665 -0.2468794286251068 -0.10088265687227249
v -0.004103609826415777 -0.2778209149837494 0.1432010382413864
v 0.004032576456665993 0.3686927855014801 0.12290434539318085
v 0.005620044656097889 0.36071303486824036 0.10764192044734955
v 0.002227757591754198 0.5589982271194458 0.098748117685318
v -0.0017974586226046085 0.3489666283130646 -0.04661651700735092
v 0.002687120344489813 0.5043860673904419 0.11920366436243057
v 0.0027895306702703238 0.4198349416255951 0.1301274448633194
v 0.0026655783876776695 0.4458748996257782 0.1365124136209488
v 0.004270208068192005 0.2722635269165039 0.056726276874542236
v 0.004275584127753973 0.2607944905757904 0.05871189385652542
v -0.0019526765681803226 -0.41755035519599915 -0.007119929883629084
v 0.0040738219395279884 0.2498069405555725 0.06495757400989532
v -0.001121437642723322 -0.41809800267219543 -0.020984260365366936
v 0.002273228717967868 -0.036435261368751526 -0.08726057410240173
v 0.060165055096149445 -1.0094388723373413 -0.03788415342569351
v 0.05895277485251427 -1.0082091093063354 -0.05398140847682953
v 0.06108621135354042 -1.0347141027450562 -0.04921601340174675
v 0.05916593596339226 -1.0348411798477173 -0.03351788595318794
v 0.07836762815713882 -1.0042388439178467 -0.08513730019330978
v 0.06601695716381073 -1.0062127113342285 -0.07641642540693283
v 0.0945216566324234 -1.0036338567733765 -0.08693406730890274
v 0.10894392430782318 -1.0044372081756592 -0.08109955489635468
v 0.10352982580661774 -1.0320805311203003 -0.07689942419528961
v 0.09145953506231308 -1.031601905822754 -0.08466826379299164
v 0.11838288605213165 -1.0054616928100586 -0.07085888087749481
v 0.1210828572511673 -1.0333105325698853 -0.05612528324127197
v 0.1250300407409668 -1.0069619417190552 -0.05842851474881172
v 0.12747043371200562 -1.0091829299926758 -0.03901153802871704
v 0.12207624316215515 -1.0339140892028809 -0.03757350146770477
v 0.12016455829143524 -1.0117685794830322 -0.01800796389579773
v 0.1164027526974678 -1.0357738733291626 -0.016676150262355804
v 0.10507254302501678 -1.0129998922348022 -0.0055902572348713875
v 0.06634481996297836 -1.011144757270813 -0.02197282947599888
v 0.06282377243041992 -1.0354901552200317 -0.016145406290888786
v 0.07677404582500458 -1.032072901725769 -0.08335915952920914
v 0.06702425330877304 -1.0338685512542725 -0.07355926185846329
v 0.06363546848297119 -1.0344209671020508 -0.06078469753265381
v 0.060934025794267654 -1.0075408220291138 -0.06609358638525009
v 0.05857141315937042 -1.060388207435608 -0.04507054015994072
v 0.0521964505314827 -1.0589933395385742 -0.027415335178375244
v 0.07440590113401413 -1.0588960647583008 -0.08291718363761902
v 0.06819082796573639 -1.0600615739822388 -0.06846362352371216
v 0.09930302202701569 -1.0584782361984253 -0.07499117404222488
v 0.08908675611019135 -1.0581254959106445 -0.08536424487829208
v 0.12176519632339478 -1.058712124824524 -0.05562683194875717
v 0.11079385876655579 -1.0585755109786987 -0.06587497144937515
v 0.11301828920841217 -1.0324673652648926 -0.06710297614336014
v 0.12368366122245789 -1.0580188035964966 -0.03634013235569
v 0.11568717658519745 -1.05789053440094 -0.012270469218492508
v 0.0585193857550621 -1.058611512184143 -0.008503101766109467
v 0.06341233104467392 -1.0609081983566284 -0.05706202611327171
v 0.11590767651796341 -1.1429754495620728 0.14251667261123657
v 0.11435537040233612 -1.1386288404464722 0.14211884140968323
v 0.10960717499256134 -1.1387066841125488 0.14286163449287415
v 0.10853210836648941 -1.1438477039337158 0.14361804723739624
v 0.07152651995420456 -1.1450841426849365 0.15318000316619873
v 0.06886469572782516 -1.1345120668411255 0.1551702618598938
v 0.060322653502225876 -1.1364749670028687 0.15281935036182404
v 0.059694159775972366 -1.148816466331482 0.1505800038576126
v 0.09213214367628098 -1.1450834274291992 0.15113207697868347
v 0.09335606545209885 -1.1480735540390015 0.1478099524974823
v 0.09852931648492813 -1.147830843925476 0.14735165238380432
v 0.10057155787944794 -1.1446282863616943 0.150911346077919
v 0.13936960697174072 -1.1394984722137451 0.11194571107625961
v 0.13985951244831085 -1.1440638303756714 0.10920548439025879
v 0.14429037272930145 -1.1435555219650269 0.10773386806249619
v 0.14521761238574982 -1.1396558284759521 0.10926229506731033
v 0.12485865503549576 -1.1429455280303955 0.13065148890018463
v 0.12561315298080444 -1.1470847129821777 0.1274079829454422
v 0.129865825176239 -1.1463974714279175 0.1260424703359604
v 0.13125327229499817 -1.143185019493103 0.12774604558944702
v 0.0732857957482338 -1.1302849054336548 0.13166823983192444
v 0.05856141448020935 -1.1294705867767334 0.12916436791419983
v 0.05886419489979744 -1.1344220638275146 0.14327508211135864
v 0.07167220860719681 -1.1315690279006958 0.14591410756111145
v 0.05287942662835121 -1.144158124923706 0.13914789259433746
v 0.052613817155361176 -1.1415092945098877 0.12365705519914627
v 0.060643382370471954 -1.1493593454360962 0.12191339582204819
v 0.060732875019311905 -1.148969292640686 0.13611151278018951
v 0.07391530275344849 -1.1487452983856201 0.12513665854930878
v 0.07280109077692032 -1.1484830379486084 0.13812355697155
v 0.08050793409347534 -1.1410419940948486 0.1299007385969162
v 0.08114463090896606 -1.1405445337295532 0.14459629356861115
v 0.10185709595680237 -1.1391558647155762 0.13125057518482208
v 0.09679003804922104 -1.1322191953659058 0.13229498267173767
v 0.09845637530088425 -1.1363269090652466 0.14452412724494934
v 0.1048254519701004 -1.1419142484664917 0.14304015040397644
v 0.08521082997322083 -1.1333168745040894 0.13357043266296387
v 0.09014897793531418 -1.1370935440063477 0.14521297812461853
v 0.08178900927305222 -1.14347505569458 0.1319240778684616
v 0.08762218803167343 -1.1484386920928955 0.12845876812934875
v 0.0902400016784668 -1.1483039855957031 0.14124497771263123
v 0.08446064591407776 -1.1437115669250488 0.14510643482208252
v 0.09733806550502777 -1.1471234560012817 0.12807387113571167
v 0.09968502819538116 -1.1479300260543823 0.14009761810302734
v 0.11547930538654327 -1.1320167779922485 0.12546537816524506
v 0.10443597286939621 -1.1332294940948486 0.12770506739616394
v 0.10751494020223618 -1.1372958421707153 0.13708259165287018
v 0.11543454974889755 -1.136607050895691 0.1361801028251648
v 0.10313569754362106 -1.1450436115264893 0.1369297206401825
v 0.10143201798200607 -1.1432656049728394 0.12700964510440826
v 0.10725972056388855 -1.1473183631896973 0.12410304695367813
v 0.10889020562171936 -1.1477159261703491 0.1348246932029724
v 0.11692856252193451 -1.1459753513336182 0.12301058322191238
v 0.11682388186454773 -1.1473565101623535 0.13414379954338074
v 0.12089365720748901 -1.1378912925720215 0.12533345818519592
v 0.1208556741476059 -1.1415997743606567 0.13584701716899872
v 0.13693642616271973 -1.13729989528656 0.11180844902992249
v 0.1329796314239502 -1.1309049129486084 0.11270494759082794
v 0.13188780844211578 -1.1358824968338013 0.12227071076631546
v 0.1354469209909439 -1.1415053606033325 0.12095974385738373
v 0.1248428225517273 -1.1318334341049194 0.1163783073425293
v 0.1256444752216339 -1.1359198093414307 0.12440494447946548
v 0.12101314216852188 -1.1403748989105225 0.12508060038089752
v 0.12169930338859558 -1.137602686882019 0.11817481368780136
v 0.12472917139530182 -1.1456788778305054 0.11378295719623566
v 0.12387114763259888 -1.1473603248596191 0.12210895866155624
v 0.13321064412593842 -1.1452791690826416 0.11047032475471497
v 0.131745845079422 -1.1470515727996826 0.12002217769622803
v 0.14788591861724854 -1.1298753023147583 0.09654363989830017
v 0.1464879810810089 -1.1330945491790771 0.10475603491067886
v 0.14876049757003784 -1.1386735439300537 0.10305074602365494
v 0.14958201348781586 -1.1368310451507568 0.09323379397392273
v 0.14090749621391296 -1.1298059225082397 0.10126173496246338
v 0.1405748575925827 -1.1327804327011108 0.10720794647932053
v 0.13671322166919708 -1.137794017791748 0.10714759677648544
v 0.1382962316274643 -1.1356834173202515 0.10236728936433792
v 0.13890986144542694 -1.1438642740249634 0.09831608086824417
v 0.13812610507011414 -1.1449882984161377 0.10434743762016296
v 0.1456506997346878 -1.1429717540740967 0.09431087225675583
v 0.14555993676185608 -1.144432783126831 0.10214365273714066
v 0.07875528186559677 -1.1299570798873901 0.11736425012350082
v 0.059619978070259094 -1.1253528594970703 0.11490966379642487
v 0.06241985782980919 -1.1487470865249634 0.14598225057125092
v 0.054052308201789856 -1.1390968561172485 0.10923951119184494
v 0.06928899884223938 -1.1484150886535645 0.1469728648662567
v 0.07989425957202911 -1.1486842632293701 0.11323834210634232
v 0.06304404884576797 -1.1486504077911377 0.10762269049882889
v 0.0803241953253746 -1.1410717964172363 0.12350088357925415
v 0.09832234680652618 -1.1395184993743896 0.1505206972360611
v 0.10125289112329483 -1.1474356651306152 0.11195264756679535
v 0.10066892206668854 -1.1409544944763184 0.12142658978700638
v 0.09332451969385147 -1.1399588584899902 0.1507635861635208
v 0.0989631861448288 -1.1291329860687256 0.11640749871730804
v 0.11828277260065079 -1.1299593448638916 0.10784228146076202
v 0.11077795177698135 -1.1474192142486572 0.14072638750076294
v 0.11512196063995361 -1.1473122835159302 0.1402418315410614
v 0.1208937019109726 -1.1463011503219604 0.10575968772172928
v 0.12188950926065445 -1.1364587545394897 0.11611111462116241
v 0.1304265558719635 -1.1387898921966553 0.12796789407730103
v 0.13658858835697174 -1.1448280811309814 0.0950981006026268
v 0.1385112702846527 -1.1352779865264893 0.10259692370891571
v 0.1267055720090866 -1.138572335243225 0.129103884100914
v 0.13593989610671997 -1.1279762983322144 0.09698889404535294
v 0.14393210411071777 -1.1362030506134033 0.10891643911600113
v 0.14681373536586761 -1.1435678005218506 0.08399329334497452
v 0.1511925607919693 -1.1356403827667236 0.08133283257484436
v 0.14086639881134033 -1.1357001066207886 0.11066574603319168
v 0.1482408344745636 -1.1269261837005615 0.08598154038190842
v 0.0736808255314827 -1.0362131595611572 -0.00350503739900887
v 0.07601703703403473 -1.0123286247253418 -0.00945882685482502
v 0.0891774594783783 -1.0133442878723145 -0.0036715553142130375
v 0.08705233037471771 -1.0366525650024414 0.0016687365714460611
v 0.10225189477205276 -1.0365698337554932 -0.002292562974616885
v 0.07153071463108063 -1.0579746961593628 0.005098583642393351
v 0.08583229780197144 -1.0571177005767822 0.009300466626882553
v 0.1007484421133995 -1.0580716133117676 0.003000029129907489
v 0.12481559067964554 -1.078804612159729 -0.037932127714157104
v 0.12136980891227722 -1.0785471200942993 -0.05778312683105469
v 0.10980918258428574 -1.0787471532821655 -0.06835063546895981
v 0.09964810311794281 -1.0790165662765503 -0.07889510691165924
v 0.08863361924886703 -1.078512191772461 -0.08946751058101654
v 0.05945435166358948 -1.0794275999069214 -0.0038617614191025496
v 0.06978988647460938 -1.0753469467163086 0.0150229437276721
v 0.08505004644393921 -1.0719327926635742 0.022178806364536285
v 0.10356669127941132 -1.0731308460235596 0.013973645865917206
v 0.0561760850250721 -1.1197829246520996 0.09845053404569626
v 0.07585540413856506 -1.1175167560577393 0.0999399945139885
v 0.07219266891479492 -1.1074955463409424 0.0815381184220314
v 0.056681953370571136 -1.118180751800537 0.07767752557992935
v 0.09538781642913818 -1.1202553510665894 0.0967494323849678
v 0.09283827245235443 -1.1075716018676758 0.07841280847787857
v 0.11432007700204849 -1.121582269668579 0.08951912075281143
v 0.11147944629192352 -1.111193060874939 0.07107184082269669
v 0.13190901279449463 -1.1227234601974487 0.07990581542253494
v 0.12821313738822937 -1.115525484085083 0.061749786138534546
v 0.1469084620475769 -1.124538779258728 0.07119958847761154
v 0.14294464886188507 -1.121506690979004 0.05242343246936798
v 0.1541920006275177 -1.134337067604065 0.06641461700201035
v 0.15186141431331635 -1.1320303678512573 0.04695102199912071
v 0.051407694816589355 -1.1375329494476318 0.09250432997941971
v 0.0536220408976078 -1.134698748588562 0.07189582288265228
v 0.06283493340015411 -1.14954674243927 0.08940446376800537
v 0.06452290713787079 -1.149267554283142 0.06906259804964066
v 0.08098480105400085 -1.1493643522262573 0.08865738660097122
v 0.08190132677555084 -1.1490939855575562 0.06744134426116943
v 0.14627079665660858 -1.144548773765564 0.04852549359202385
v 0.14787301421165466 -1.1455005407333374 0.0684695839881897
v 0.10101015120744705 -1.1481598615646362 0.08496633917093277
v 0.10118407756090164 -1.1472654342651367 0.0634571835398674
v 0.11948495358228683 -1.1482048034667969 0.07954248040914536
v 0.11866732686758041 -1.1476068496704102 0.058112502098083496
v 0.13503749668598175 -1.1477959156036377 0.07351510226726532
v 0.13372622430324554 -1.1475298404693604 0.05273449048399925
v 0.0686786025762558 -1.1001145839691162 0.058844584971666336
v 0.0895315557718277 -1.0938971042633057 0.058892615139484406
v 0.10770194977521896 -1.0989681482315063 0.050310175865888596
v 0.12423375248908997 -1.1062244176864624 0.03939352184534073
v 0.1381288468837738 -1.1167662143707275 0.029072949662804604
v 0.1474912464618683 -1.1284563541412354 0.02393779344856739
v 0.12475442886352539 -1.0950876474380493 0.011331882327795029
v 0.13263319432735443 -1.1153395175933838 0.0030631073750555515
v 0.13880407810211182 -1.1277629137039185 0.00047243895824067295
v 0.1323271095752716 -1.1279795169830322 -0.023455021902918816
v 0.12947316467761993 -1.1149146556854248 -0.023292144760489464
v 0.12074548006057739 -1.1157454252243042 -0.0658724457025528
v 0.1250978708267212 -1.114848017692566 -0.04721662774682045
v 0.1288488805294037 -1.1281455755233765 -0.047362394630908966
v 0.12467920780181885 -1.1301196813583374 -0.06659741699695587
v 0.12653668224811554 -1.0965980291366577 -0.018214866518974304
v 0.12176860123872757 -1.0969974994659424 -0.042666662484407425
v 0.11566853523254395 -1.0970467329025269 -0.060478392988443375
v 0.10714277625083923 -1.1313008069992065 -0.08925571292638779
v 0.10633495450019836 -1.1153700351715088 -0.09049390256404877
v 0.11516109853982925 -1.1160343885421753 -0.07890155166387558
v 0.11819006502628326 -1.1310386657714844 -0.0795101523399353
v 0.09032440185546875 -1.1325701475143433 -0.09350725263357162
v 0.08927614986896515 -1.1162155866622925 -0.09686878323554993
v 0.07194650173187256 -1.1179029941558838 -0.08625999838113785
v 0.07295616716146469 -1.1336151361465454 -0.08502784371376038
v 0.10332777351140976 -1.0962333679199219 -0.0850512757897377
v 0.10959171503782272 -1.0973502397537231 -0.07322899252176285
v 0.08935248851776123 -1.0959868431091309 -0.09318788349628448
v 0.07292139530181885 -1.0981603860855103 -0.0839763730764389
v 0.06419296562671661 -1.119028925895691 -0.06773443520069122
v 0.06647133827209473 -1.099989891052246 -0.06697417050600052
v 0.06401310861110687 -1.1339119672775269 -0.06753457337617874
v 0.05796274170279503 -1.1167420148849487 0.05342326685786247
v 0.05893048271536827 -1.130480170249939 0.04825970530509949
v 0.10622789710760117 -1.0847431421279907 0.031126325950026512
v 0.08615469187498093 -1.081655740737915 0.03936656191945076
v 0.06545672565698624 -1.0911955833435059 0.03099815547466278
v 0.056482791900634766 -1.1141998767852783 0.026725279167294502
v 0.062459368258714676 -1.128799319267273 0.02217545546591282
v 0.05666851997375488 -1.1156216859817505 0.0009365372825413942
v 0.06454624980688095 -1.128350019454956 -0.0017142060678452253
v 0.06837940216064453 -1.1414068937301636 0.045209743082523346
v 0.07261408865451813 -1.1357976198196411 0.01967492885887623
v 0.0731741338968277 -1.1349971294403076 -0.003793003736063838
v 0.05745881050825119 -1.1169227361679077 -0.021084275096654892
v 0.06321363896131516 -1.1298688650131226 -0.022514821961522102
v 0.06073960289359093 -1.1175748109817505 -0.038798123598098755
v 0.062414176762104034 -1.1314103603363037 -0.0391940176486969
v 0.06175844371318817 -1.132912516593933 -0.05291902273893356
v 0.062428247183561325 -1.1186840534210205 -0.05289822071790695
v 0.06117696315050125 -1.0994555950164795 -0.03993185609579086
v 0.06410575658082962 -1.0994101762771606 -0.052823759615421295
v 0.057870279997587204 -1.099577784538269 -0.021835682913661003
v 0.05736157298088074 -1.097120761871338 0.0014953783247619867
v 0.14291995763778687 -1.1419163942337036 0.025155404582619667
v 0.1367771029472351 -1.1394273042678833 0.0013489529956132174
v 0.12994103133678436 -1.1375993490219116 -0.021934175863862038
v 0.12516723573207855 -1.1393283605575562 -0.04501834884285927
v 0.11922810971736908 -1.1412173509597778 -0.06282949447631836
v 0.11289229989051819 -1.142046570777893 -0.07421618700027466
v 0.10368967801332474 -1.1417052745819092 -0.08244555443525314
v 0.0900324285030365 -1.1410934925079346 -0.08476091176271439
v 0.0775313451886177 -1.1419886350631714 -0.07930068671703339
v 0.07107606530189514 -1.1432422399520874 -0.06573277711868286
v 0.0689178854227066 -1.1439001560211182 -0.05287783220410347
v 0.07096607238054276 -1.1382949352264404 -0.024213450029492378
v 0.06871326267719269 -1.1423523426055908 -0.03989415243268013
v 0.05421636253595352 -1.0808086395263672 -0.02420356497168541
v 0.0576506182551384 -1.0809189081192017 -0.04231463372707367
v 0.062187280505895615 -1.080938458442688 -0.05442105606198311
v 0.07360069453716278 -1.079818844795227 -0.08202788233757019
v 0.06761494278907776 -1.0804758071899414 -0.06596586853265762
v 0.08354189246892929 -1.1452395915985107 0.04268990829586983
v 0.10120134055614471 -1.1445996761322021 0.038735054433345795
v 0.11757102608680725 -1.1451191902160645 0.0335974358022213
v 0.1313842236995697 -1.145203709602356 0.02878459356725216
v 0.12753939628601074 -1.143309235572815 0.0042657796293497086
v 0.11498559266328812 -1.1432353258132935 0.008024018257856369
v 0.09960044175386429 -1.1427655220031738 0.01249026320874691
v 0.08458682149648666 -1.1399695873260498 0.016905048862099648
v 0.12149429321289062 -1.1427001953125 -0.01888808235526085
v 0.11034826189279556 -1.1434444189071655 -0.015225979499518871
v 0.09631966799497604 -1.1430071592330933 -0.011556548066437244
v 0.08344079554080963 -1.1403802633285522 -0.006800482049584389
v 0.08011369407176971 -1.1440516710281372 -0.027269449084997177
v 0.09156440943479538 -1.14531672000885 -0.03241525590419769
v 0.10433163493871689 -1.1450330018997192 -0.03596778213977814
v 0.11491581797599792 -1.143622875213623 -0.04047733172774315
v 0.10939953476190567 -1.1446318626403809 -0.05713718757033348
v 0.09946803748607635 -1.1455557346343994 -0.05196082219481468
v 0.08799703419208527 -1.1461683511734009 -0.04808655381202698
v 0.07825597375631332 -1.1458978652954102 -0.04333275184035301
v 0.10480377823114395 -1.1448227167129517 -0.06700511276721954
v 0.09051524102687836 -1.1445797681808472 -0.07708901911973953
v 0.09892775118350983 -1.1447111368179321 -0.07384300976991653
v 0.08224164694547653 -1.1454483270645142 -0.07414223253726959
v 0.07887358218431473 -1.1460148096084595 -0.06464534252882004
v 0.07792290300130844 -1.1463205814361572 -0.0544055812060833
v 0.08599381148815155 -1.145833969116211 -0.06501805782318115
v 0.08662880957126617 -1.1460710763931274 -0.057537924498319626
v 0.09655244648456573 -1.1454224586486816 -0.06140843778848648
v 0.09364988654851913 -1.1451762914657593 -0.06797967851161957
v 0.08629150688648224 -1.145382046699524 -0.07056495547294617
v 0.09020224213600159 -1.1451057195663452 -0.07196391373872757
v 0.11733170598745346 -1.078443169593811 -0.008366569876670837
v -0.0014211663510650396 0.30579787492752075 -0.06640267372131348
v -0.00033560668816789985 0.22359217703342438 -0.08767413347959518
v 0.0730646550655365 -0.7605713605880737 0.032824866473674774
v 0.0881614163517952 -0.7626628875732422 0.03788462281227112
v 0.10494346171617508 -0.7611276507377625 0.039090193808078766
v 0.12933871150016785 -0.37179622054100037 0.10646238923072815
v 0.08303631842136383 -0.11507846415042877 0.12816071510314941
v 0.09088186174631119 -0.06337827444076538 0.12400217354297638
v 0.0868285596370697 -0.08984585106372833 0.125833660364151
v 0.13249537348747253 -0.4040035903453827 0.11139226704835892
v 0.14395014941692352 -0.03429894149303436 0.07232294976711273
v -6.316956569207832e-05 -0.37569746375083923 -0.12343057245016098
v -0.0018090386874973774 0.1804703176021576 -0.0942576676607132
v 0.11725689470767975 0.14881250262260437 0.1066737100481987
v 0.0012672499287873507 -0.292097270488739 -0.12192009389400482
v 0.08580704033374786 0.46580949425697327 0.018851205706596375
v 0.08324655890464783 0.4639604389667511 0.017237331718206406
v 0.08261161297559738 0.4603787064552307 0.016039583832025528
v 0.08180034905672073 0.458365261554718 0.01208948902785778
v 0.08130784332752228 0.45635539293289185 0.00874115340411663
v 0.08079081028699875 0.4555111825466156 0.006185009144246578
v 0.08426779508590698 0.4610547721385956 0.013497084379196167
v 0.08228375762701035 0.4639630913734436 0.010236227884888649
v 0.08344981074333191 0.4640911817550659 0.01350406277924776
v 0.08476163446903229 0.4629935622215271 0.01514764130115509
v 0.00289510702714324 0.18504244089126587 0.09482448548078537
v 0.0029812150169163942 0.16685231029987335 0.09995017200708389
v 0.0031919367611408234 0.15020409226417542 0.10634836554527283
v 0.0032128659076988697 0.13119958341121674 0.11021244525909424
v 0.0027659342158585787 0.4153550863265991 0.13224615156650543
v -0.008725970983505249 -0.17882759869098663 0.15576410293579102
v -0.009025080129504204 -0.16159042716026306 0.15524666011333466
v -0.0010093083838000894 -0.1273140013217926 -0.07405316084623337
v -0.00636624451726675 -0.23375160992145538 0.1550917774438858
v -0.009294729679822922 -0.14242303371429443 0.1575755476951599
v 0.0009035810362547636 0.0487465038895607 -0.09886840730905533
v 0.003070608712732792 0.11145056784152985 0.11415522545576096
v -0.005272919777780771 -0.255519837141037 0.14901214838027954
v -0.0015965814236551523 0.11526647955179214 -0.10215858370065689
v -0.007938524708151817 -0.11604243516921997 0.15701371431350708
v -0.002975460607558489 -0.3556349277496338 0.14161670207977295
v -0.003542774822562933 -0.03913047909736633 0.1459333747625351
v -0.041959963738918304 0.5295769572257996 0.09439045190811157
v -0.053538694977760315 0.5199877619743347 0.08576464653015137
v -0.0479581318795681 0.5115162134170532 0.09661915153265
v -0.03639783337712288 0.5172147750854492 0.10468257963657379
v -0.04426135495305061 0.503864586353302 0.10461849719285965
v -0.03374416008591652 0.5068088173866272 0.11072894185781479
v -0.06042845547199249 0.5082808136940002 0.07676294445991516
v -0.055448710918426514 0.5035065412521362 0.08832006901502609
v -0.061989836394786835 0.46687981486320496 0.0847853273153305
v -0.059949252754449844 0.4759155213832855 0.08364570885896683
v -0.0657963827252388 0.47236156463623047 0.07548780739307404
v -0.06647997349500656 0.46010836958885193 0.07628297805786133
v -0.06115107983350754 0.44027867913246155 0.08696770668029785
v -0.06337349116802216 0.4295227825641632 0.07796825468540192
v -0.058281127363443375 0.4226377010345459 0.08928541839122772
v -0.055040761828422546 0.4337388873100281 0.09643371403217316
v -0.021463509649038315 0.45290708541870117 0.11694928258657455
v -0.024757614359259605 0.45849841833114624 0.1143803745508194
v -0.03102755919098854 0.4525209367275238 0.11455705761909485
v -0.02703033573925495 0.44603127241134644 0.11711005866527557
v -0.012226185761392117 0.4646332263946533 0.12125413119792938
v -0.00805760733783245 0.4693591892719269 0.1270686239004135
v -0.008573036640882492 0.4739832580089569 0.12148347496986389
v -0.01346298586577177 0.46888235211372375 0.11684295535087585
v -0.015844475477933884 0.44775882363319397 0.11881779879331589
v -0.021735649555921555 0.44045230746269226 0.11835022270679474
v -0.014631830155849457 0.45536112785339355 0.1210913211107254
v -0.016715047881007195 0.45910534262657166 0.1175728589296341
v -0.011186748743057251 0.4521748125553131 0.13276784121990204
v -0.008304557763040066 0.45362597703933716 0.13763755559921265
v -0.009409387595951557 0.4592740535736084 0.1369362473487854
v -0.012480250559747219 0.45660528540611267 0.1303156614303589
v -0.014528300613164902 0.4488791525363922 0.12362568080425262
v -0.01103922724723816 0.44630998373031616 0.12646174430847168
v -0.012217224575579166 0.4495409429073334 0.12880823016166687
v -0.0142784109339118 0.45276710391044617 0.12576279044151306
v -0.011611532419919968 0.46077316999435425 0.12566642463207245
v -0.008385058492422104 0.46473172307014465 0.13224713504314423
v -0.004342080559581518 0.4675881266593933 0.13924945890903473
v -0.00507869478315115 0.46031486988067627 0.14431527256965637
v -0.038123976439237595 0.43105173110961914 0.11339427530765533
v -0.03285357356071472 0.42779305577278137 0.11644966900348663
v -0.027721349149942398 0.4340076148509979 0.11791864037513733
v -0.03294890746474266 0.4386967420578003 0.11598550528287888
v -0.012163455598056316 0.44215941429138184 0.12354880571365356
v -0.01540888100862503 0.42566779255867004 0.1270771473646164
v -0.00974621344357729 0.4274442493915558 0.13063184916973114
v -0.009666872210800648 0.4315890669822693 0.13016243278980255
v -0.015981215983629227 0.4298626184463501 0.12637819349765778
v -0.04430698603391647 0.4144100248813629 0.107179656624794
v -0.044498659670352936 0.40467408299446106 0.10519982874393463
v -0.037899043411016464 0.4062643051147461 0.11129365116357803
v -0.038059551268815994 0.41400566697120667 0.11248978227376938
v -0.03525988757610321 0.39918845891952515 0.11179140210151672
v -0.04196086898446083 0.3949708640575409 0.10476065427064896
v -0.031007952988147736 0.3791910409927368 0.11005275696516037
v -0.02595776505768299 0.38835033774375916 0.11888570338487625
v -0.03096858225762844 0.3933667838573456 0.11400193721055984
v -0.037093233317136765 0.38645389676094055 0.10651575028896332
v -0.013408503495156765 0.39593207836151123 0.1263129711151123
v -0.019817925989627838 0.3841330111026764 0.12557461857795715
v -0.01256742887198925 0.38142308592796326 0.13124853372573853
v -0.007457063999027014 0.39507901668548584 0.13002756237983704
v -0.014486058615148067 0.4187895953655243 0.12383466213941574
v -0.014766312204301357 0.4220442771911621 0.12598392367362976
v -0.019006475806236267 0.4204862415790558 0.12280836701393127
v -0.01853090524673462 0.41816356778144836 0.12116973102092743
v -0.02287702076137066 0.4172525405883789 0.11868856102228165
v -0.02278054878115654 0.4181636869907379 0.1193469762802124
v -0.024615315720438957 0.4187754988670349 0.1192483901977539
v -0.02486209012567997 0.4168413579463959 0.11802949756383896
v -0.020830953493714333 0.4176700711250305 0.11976513266563416
v -0.021716728806495667 0.41628387570381165 0.11910349130630493
v -0.019381221383810043 0.41558825969696045 0.12056909501552582
v -0.015876295045018196 0.4153757393360138 0.12361780554056168
v -0.0026724461931735277 0.4151979684829712 0.13144291937351227
v -0.0017713906709104776 0.4198744297027588 0.12989841401576996
v -0.005092478357255459 0.4196300208568573 0.1287764012813568
v -0.00659601716324687 0.4152180552482605 0.13010890781879425
v -0.02290579117834568 0.4209391474723816 0.12090782076120377
v -0.020086659118533134 0.4231986701488495 0.12336236983537674
v -0.021578028798103333 0.42648932337760925 0.12312345951795578
v -0.02544531412422657 0.42292216420173645 0.12056674808263779
v -0.028656676411628723 0.42508581280708313 0.11930154263973236
v -0.031202875077724457 0.4202609956264496 0.11732349544763565
v -0.027420679107308388 0.4195772409439087 0.11870218068361282
v -0.02371056191623211 0.4147912561893463 0.11795798689126968
v -0.027938012033700943 0.41603490710258484 0.11719703674316406
v -0.026897745206952095 0.412602961063385 0.11647011339664459
v -0.024416491389274597 0.4094787836074829 0.11779706180095673
v -0.021220220252871513 0.41305068135261536 0.11956748366355896
v -0.01762397028505802 0.41179022192955017 0.1226736530661583
v -0.02059444785118103 0.407033771276474 0.12076307833194733
v -0.015309441834688187 0.4053437411785126 0.12415521591901779
v -0.012834284454584122 0.41079023480415344 0.12640473246574402
v -0.02384479157626629 0.4302371144294739 0.12128768116235733
v -0.032392289489507675 0.41499778628349304 0.11550283432006836
v -0.03605258837342262 0.42138028144836426 0.11434942483901978
v -0.03177962079644203 0.40945446491241455 0.11462169885635376
v -0.02926115319132805 0.4046473801136017 0.11558865010738373
v -0.01968848705291748 0.39792871475219727 0.12206896394491196
v -0.025199683383107185 0.4007888436317444 0.11820409446954727
v -0.02283301390707493 0.3735201358795166 0.11583694815635681
v -0.01367554347962141 0.36983922123908997 0.12058631330728531
v -0.04000426083803177 0.49735596776008606 0.10605285316705704
v -0.031313441693782806 0.4992406666278839 0.10899834334850311
v -0.03995358571410179 0.48963165283203125 0.1022820919752121
v -0.036109574139118195 0.49107831716537476 0.10422791540622711
v -0.03695201128721237 0.49361705780029297 0.10480139404535294
v -0.04170101881027222 0.49154114723205566 0.1017514243721962
v -0.05357629433274269 0.4791826009750366 0.08871515840291977
v -0.055791713297367096 0.4726867377758026 0.08974751085042953
v -0.04935508221387863 0.47790423035621643 0.09278600662946701
v -0.04837804660201073 0.48193350434303284 0.09292116016149521
v -0.042031895369291306 0.47172653675079346 0.10155458748340607
v -0.039252057671546936 0.47890010476112366 0.10196822881698608
v -0.04246562719345093 0.4792572855949402 0.0994279682636261
v -0.046517614275217056 0.4723585247993469 0.09831299632787704
v -0.03535863012075424 0.4789268970489502 0.10389676690101624
v -0.036860913038253784 0.4723559617996216 0.10407659411430359
v -0.03169713541865349 0.4738655090332031 0.105717234313488
v -0.031116442754864693 0.47952014207839966 0.10508323460817337
v -0.030106544494628906 0.49499207735061646 0.10633116960525513
v -0.030607180669903755 0.492032527923584 0.10567367076873779
v -0.024368038401007652 0.491845965385437 0.10536567866802216
v -0.022717662155628204 0.49508291482925415 0.10611675679683685
v -0.014180938713252544 0.48504364490509033 0.10309047996997833
v -0.011126554571092129 0.4850464463233948 0.10507921874523163
v -0.011598431505262852 0.489241361618042 0.10466519743204117
v -0.015074731782078743 0.4874637722969055 0.10307938605546951
v -0.015609964728355408 0.48314204812049866 0.10407364368438721
v -0.013691218569874763 0.4816645383834839 0.10571430623531342
v -0.03354203701019287 0.5518292784690857 0.08936542272567749
v -0.04824338108301163 0.5418768525123596 0.08040590584278107
v -0.027980463579297066 0.53584223985672 0.10202638804912567
v -0.05975032597780228 0.5286079049110413 0.07184606045484543
v -0.06631963700056076 0.5133271813392639 0.06385519355535507
v -0.059889331459999084 0.4117753505706787 0.08297087252140045
v -0.05245385691523552 0.4064849019050598 0.0953768640756607
v -0.05133064091205597 0.41738277673721313 0.09916379302740097
v -0.058017998933792114 0.39953935146331787 0.07946640998125076
v -0.04984734579920769 0.3947737514972687 0.09386042505502701
v -0.03403005748987198 0.3733255863189697 0.09519337117671967
v -0.04387654364109039 0.382852703332901 0.09372623264789581
v -0.0645001232624054 0.4073779582977295 0.06295312941074371
v -0.06142700836062431 0.3967854082584381 0.057314641773700714
v -0.05226714536547661 0.38656336069107056 0.07594218105077744
v -0.0667068213224411 0.40862706303596497 0.04132487624883652
v -0.06441772729158401 0.40328213572502136 0.032903190702199936
v -0.0561039000749588 0.3845699727535248 0.04847400262951851
v -0.037930287420749664 0.34211695194244385 0.05520022660493851
v -0.051607295870780945 0.34729284048080444 0.042456578463315964
v -0.05314593017101288 0.33270761370658875 0.038223933428525925
v -0.03976394236087799 0.3278248608112335 0.05137629806995392
v -0.06522444635629654 0.41834351420402527 0.06904131174087524
v -0.06831583380699158 0.48204246163368225 0.0658537968993187
v -0.07045088708400726 0.4680779278278351 0.0642518401145935
v -0.06284695863723755 0.48365694284439087 0.07714476436376572
v -0.07070273905992508 0.5413840413093567 0.03513976186513901
v -0.07616715133190155 0.5236710906028748 0.03297705203294754
v -0.07162793725728989 0.5190578103065491 0.049175016582012177
v -0.06507343798875809 0.5363658666610718 0.05451010912656784
v -0.04170803725719452 0.5773597955703735 0.041563041508197784
v -0.058340415358543396 0.5615923404693604 0.038526423275470734
v -0.053370214998722076 0.5533417463302612 0.06160975247621536
v -0.03817852586507797 0.5666925311088562 0.0678446888923645
v -0.08006908744573593 0.5240656733512878 0.016854194924235344
v -0.07430942356586456 0.542543351650238 0.013808433897793293
v -0.07663934677839279 0.5376439094543457 -0.00846925936639309
v -0.08166074752807617 0.5209901928901672 -0.0004934412427246571
v -0.06192222982645035 0.5631019473075867 0.010107358917593956
v -0.06486209481954575 0.556902289390564 -0.01822955720126629
v -0.06507966667413712 0.4049902856349945 0.019356459379196167
v -0.062254466116428375 0.38544970750808716 0.026193268597126007
v -0.06051665544509888 0.3678722381591797 0.028579242527484894
v -0.05102330818772316 0.3650186359882355 0.04661983251571655
v -0.04681074619293213 0.5730800628662109 -0.02560151368379593
v -0.043642621487379074 0.5793145298957825 0.008443880826234818
v -0.07011298090219498 0.4895477294921875 -0.04563494399189949
v -0.07602348178625107 0.4814153015613556 -0.0297562126070261
v -0.07956493645906448 0.49811768531799316 -0.02209187112748623
v -0.0738871693611145 0.5094067454338074 -0.03951733931899071
v -0.06020524725317955 0.497300922870636 -0.06190609559416771
v -0.06351200491189957 0.5209769010543823 -0.055804669857025146
v -0.057614460587501526 0.43100661039352417 -0.038255833089351654
v -0.04767991229891777 0.43219926953315735 -0.05263112485408783
v -0.042626090347766876 0.4145694971084595 -0.042264994233846664
v -0.05123981460928917 0.4141876697540283 -0.028527747839689255
v -0.051269832998514175 0.4987037181854248 0.09751617163419724
v -0.05490599200129509 0.49202805757522583 0.09073645621538162
v -0.049404043704271317 0.4901234209537506 0.09608613699674606
v -0.046011313796043396 0.4941607415676117 0.10127235949039459
v -0.06484796851873398 0.4957539737224579 0.07024861127138138
v -0.05989385023713112 0.49395981431007385 0.08153217285871506
v -0.07455068081617355 0.5031700730323792 0.04426391422748566
v -0.07856850326061249 0.5079302191734314 0.030667461454868317
v -0.08305753022432327 0.5069639682769775 0.0037573978770524263
v -0.08173402398824692 0.5088308453559875 0.017794575542211533
v -0.0789996087551117 0.4747428297996521 -0.017862593755126
v -0.0810483992099762 0.48577722907066345 -0.012922980822622776
v -0.06654077768325806 0.41288474202156067 0.0013778654392808676
v -0.05933566391468048 0.4129873812198639 -0.015195290558040142
v -0.056718334555625916 0.392653226852417 -0.009447181597352028
v -0.06366248428821564 0.38964366912841797 0.006251105573028326
v -0.04033830016851425 0.3962310254573822 -0.03338330239057541
v -0.0481916218996048 0.3948206901550293 -0.022169137373566628
v -0.061544500291347504 0.3543567657470703 0.007892613299190998
v -0.055630385875701904 0.3574703335762024 -0.008098294958472252
v -0.05718112736940384 0.3423800468444824 -0.010988201014697552
v -0.061313923448324203 0.3398329019546509 0.004895894788205624
v -0.049838587641716 0.3432301878929138 -0.025079943239688873
v -0.047536078840494156 0.35938069224357605 -0.02110878936946392
v -0.039122506976127625 0.3595714569091797 -0.031792618334293365
v -0.04016612097620964 0.3434716761112213 -0.03538663312792778
v -0.013916976749897003 0.32202157378196716 0.06827764958143234
v -0.025952192023396492 0.32478034496307373 0.06070447340607643
v -0.028370337560772896 0.31276288628578186 0.0569315180182457
v -0.01532647293061018 0.31059330701828003 0.06320607662200928
v -0.06229688227176666 0.32650527358055115 -0.0002460667456034571
v -0.06035603582859039 0.3303729295730591 -0.01705077476799488
v -0.06422679126262665 0.4307273328304291 -0.02307649701833725
v -0.07045575976371765 0.43198567628860474 -0.010571226477622986
v -0.05317194014787674 0.330554336309433 -0.031477127224206924
v -0.055443521589040756 0.37312525510787964 -0.007274795323610306
v -0.04750490188598633 0.37558048963546753 -0.019745539873838425
v -0.02926083281636238 0.3970724940299988 -0.042912647128105164
v -0.031705137342214584 0.41485124826431274 -0.05244416743516922
v -0.018898148089647293 0.46371620893478394 0.11446881294250488
v -0.021605119109153748 0.4775499999523163 0.1064361184835434
v -0.01730150170624256 0.47935983538627625 0.10615904629230499
v -0.018331026658415794 0.48223644495010376 0.10494781285524368
v -0.022168030962347984 0.4812507927417755 0.10558055341243744
v -0.01012290921062231 0.519537091255188 0.1160113662481308
v -0.0236244834959507 0.5198478102684021 0.11165282130241394
v -0.021606381982564926 0.506661057472229 0.11548405885696411
v -0.008480243384838104 0.5032361149787903 0.11736354976892471
v -0.04982714354991913 0.44735875725746155 0.10409173369407654
v -0.04397433251142502 0.43722349405288696 0.10949142277240753
v -0.03766867145895958 0.4454994797706604 0.11333349347114563
v -0.04048733040690422 0.45434069633483887 0.10976409912109375
v -0.04527541249990463 0.4836711287498474 0.09566409140825272
v -0.04415641352534294 0.4858027398586273 0.09763877838850021
v -0.0466386154294014 0.4857081174850464 0.09520178288221359
v -0.0418245755136013 0.4233286678791046 0.11027340590953827
v -0.04833253473043442 0.42757031321525574 0.10423991084098816
v -0.0699252188205719 0.4531511962413788 0.06463752686977386
v -0.05718119814991951 0.4847286343574524 0.08549024164676666
v -0.02062876708805561 0.5884406566619873 0.04456571117043495
v -0.019315753132104874 0.5758376121520996 0.07433190196752548
v -0.021677067503333092 0.5909532308578491 0.007975637912750244
v -0.023832866922020912 0.5845516324043274 -0.02927369624376297
v -0.04773690551519394 0.5311667323112488 -0.06944923847913742
v -0.025909660384058952 0.5398006439208984 -0.07854121923446655
v -0.02338860183954239 0.5091245770454407 -0.08594468235969543
v -0.044952142983675 0.5041601061820984 -0.07639803737401962
v -0.03443218767642975 0.4337661564350128 -0.06383944302797318
v -0.0281369648873806 0.36192259192466736 -0.03965933620929718
v -0.029117809608578682 0.3443785309791565 -0.04131990671157837
v -0.017217038199305534 0.5574509501457214 0.09525153785943985
v -0.01304295938462019 0.5377291440963745 0.10648362338542938
v -0.06954606622457504 0.4983590841293335 0.05670430511236191
v -0.06131429970264435 0.4585539996623993 0.08854462951421738
v -0.05769387260079384 0.45189234614372253 0.094506174325943
v -0.05325371026992798 0.4630748927593231 0.0980033427476883
v -0.056064847856760025 0.4669829308986664 0.0931345522403717
v -0.06480138748884201 0.4489123225212097 0.08010388910770416
v -0.06716009974479675 0.43918663263320923 0.06834205985069275
v -0.06986504048109055 0.42934632301330566 0.05405408889055252
v -0.06908930838108063 0.4167514741420746 0.047441814094781876
v -0.07616502791643143 0.5268151760101318 -0.027695512399077415
v -0.08089303225278854 0.5132037997245789 -0.015172955580055714
v -0.04896153509616852 0.5559849143028259 -0.05286781117320061
v -0.06570770591497421 0.542312741279602 -0.0417017862200737
v -0.08245989680290222 0.502413272857666 -0.008910277858376503
v -0.026210954412817955 0.5675996541976929 -0.06022186949849129
v -0.009272698312997818 0.43623796105384827 0.12892121076583862
v -0.007570512592792511 0.44087162613868713 0.12828223407268524
v -0.016531987115740776 0.43563249707221985 0.12362757325172424
v -0.007847629487514496 0.4103092849254608 0.12889018654823303
v -0.009634580463171005 0.40433797240257263 0.12668496370315552
v -0.004406183958053589 0.4039762616157532 0.12830857932567596
v -0.003257401054725051 0.4102028012275696 0.13030382990837097
v -0.012021537870168686 0.3622816801071167 0.10519303381443024
v -0.02259686589241028 0.36652567982673645 0.1003023162484169
v -0.013054607436060905 0.33399632573127747 0.07551814615726471
v -0.024793941527605057 0.3369229733943939 0.06676269322633743
v -0.00718750711530447 0.450583815574646 0.13185586035251617
v -0.007545998319983482 0.4496475160121918 0.12989042699337006
v -0.005511712748557329 0.4500190317630768 0.1304129660129547
v -0.005570845678448677 0.4509119987487793 0.1323614865541458
v -0.021486056968569756 0.4193670451641083 0.12065453827381134
v -0.0047386870719492435 0.4277769923210144 0.13265569508075714
v -0.0048605650663375854 0.4238942265510559 0.13112136721611023
v -0.0015543487388640642 0.4237341582775116 0.1318204700946808
v -0.0014361204812303185 0.4275125563144684 0.13322216272354126
v -0.040983568876981735 0.37067335844039917 0.07368825376033783
v -0.0378727912902832 0.3568350374698639 0.0615178644657135
v -0.06034144014120102 0.33602991700172424 0.022526226937770844
v -0.06024138629436493 0.3510628640651703 0.026322949677705765
v -0.06227674335241318 0.3706834614276886 0.008914245292544365
v -0.04055982083082199 0.37689071893692017 -0.0317738875746727
v -0.028651311993598938 0.37915825843811035 -0.04005266726016998
v -0.01595461741089821 0.38095611333847046 -0.04582516849040985
v -0.016599953174591064 0.39810749888420105 -0.04986249655485153
v -0.024090562015771866 0.3593323826789856 0.08528105914592743
v -0.024474473670125008 0.3486146330833435 0.07397953420877457
v -0.012814683839678764 0.3454745411872864 0.08171829581260681
v -0.011973138898611069 0.3551127314567566 0.09155076742172241
v -0.0015097082359716296 0.4477737247943878 0.13393960893154144
v -0.0024931421503424644 0.4463578462600708 0.13191118836402893
v -0.0005870629101991653 0.44399696588516235 0.13278739154338837
v -3.914767876267433e-05 0.4466792345046997 0.13555124402046204
v -0.008449584245681763 0.447445273399353 0.12830431759357452
v -0.006461676675826311 0.4442528784275055 0.12843096256256104
v -0.006017610896378756 0.4465487599372864 0.12851937115192413
v -0.009268350899219513 0.4489191472530365 0.1297655999660492
v -0.008656259626150131 0.4505446255207062 0.13237565755844116
v -0.003836216637864709 0.45164668560028076 0.1373313069343567
v -0.003696187399327755 0.4525142312049866 0.1424967646598816
v -0.006831113249063492 0.45149415731430054 0.13544140756130219
v -0.0033560232259333134 0.44910040497779846 0.13232457637786865
v -0.0036821935791522264 0.4476448893547058 0.1306251436471939
v -0.005579811986535788 0.448441743850708 0.12893645465373993
v -0.007324215956032276 0.44861796498298645 0.12874187529087067
v -0.004138405434787273 0.4514700174331665 0.13511089980602264
v -0.00599723681807518 0.4512423276901245 0.13374672830104828
v -0.0036616981960833073 0.473233699798584 0.1331465244293213
v -0.002142987446859479 0.3322184681892395 0.07926033437252045
v -0.0021666763350367546 0.34384429454803467 0.08541574329137802
v -0.022110844030976295 0.41767990589141846 0.11906847357749939
v -0.021670471876859665 0.4991731345653534 0.10990367084741592
v -0.04718400910496712 0.46181488037109375 0.10340403020381927
v -0.026244930922985077 0.46417587995529175 0.11104277521371841
v -0.026520684361457825 0.4699572026729584 0.10839617252349854
v -0.032738927751779556 0.46682992577552795 0.10768536478281021
v -0.03276658058166504 0.45955362915992737 0.1108773946762085
v -0.012655911035835743 0.49647340178489685 0.11011973023414612
v -0.007590700872242451 0.49120137095451355 0.10947024822235107
v -0.004015753045678139 0.4931395649909973 0.1163012906908989
v -0.007546935696154833 0.48485320806503296 0.11013254523277283
v -0.010912280529737473 0.4795750379562378 0.10917338728904724
v -0.009421857073903084 0.47753554582595825 0.11534834653139114
v -0.004721795674413443 0.4847090244293213 0.11933664977550507
v -0.044637735933065414 0.4888889789581299 0.09838326275348663
v -0.042492203414440155 0.48778215050697327 0.09994849562644958
v -0.014492522925138474 0.4724896252155304 0.11241483688354492
v -0.015595192089676857 0.47584325075149536 0.10849181562662125
v -0.02079492062330246 0.47292986512184143 0.10839889943599701
v -0.02010207436978817 0.4682167172431946 0.11123832315206528
v -0.03968752175569534 0.463890016078949 0.10645570605993271
v -0.051323529332876205 0.48525846004486084 0.09127949178218842
v -0.04890989884734154 0.4744493365287781 0.09500371664762497
v -0.06982337683439255 0.4271814823150635 0.006115064024925232
v -0.07362783700227737 0.4386662244796753 -0.0021577286534011364
v -0.07236166298389435 0.42027193307876587 0.028163915500044823
v -0.0714348703622818 0.42229241132736206 0.023694010451436043
v -0.06630900502204895 0.4166884422302246 0.026374436914920807
v -0.06946144253015518 0.41658759117126465 0.03131750226020813
v -0.08158034086227417 0.4756828546524048 0.003745556576177478
v -0.08076641708612442 0.4765327274799347 0.00797104649245739
v -0.08124597370624542 0.48369383811950684 0.008608914911746979
v -0.08150073885917664 0.4823269248008728 0.0006467168568633497
v -0.08079072088003159 0.47948092222213745 0.014963202178478241
v -0.0804709643125534 0.4755156636238098 0.015286493115127087
v -0.07992550730705261 0.475250244140625 0.01889410801231861
v -0.08033864945173264 0.4829239845275879 0.01724255084991455
v -0.0784812867641449 0.4805084466934204 0.025233877822756767
v -0.07892780750989914 0.4928242862224579 0.028548000380396843
v -0.08134335279464722 0.4948345422744751 0.01766509935259819
v -0.07275254279375076 0.4794127643108368 0.049868419766426086
v -0.07530365139245987 0.487802118062973 0.03867018595337868
v -0.07587499171495438 0.4750208854675293 0.03170618414878845
v -0.0742088034749031 0.4666714668273926 0.03707050159573555
v -0.07163653522729874 0.4305543303489685 0.03867093101143837
v -0.07156677544116974 0.4215458929538727 0.035864561796188354
v -0.06689842790365219 0.4198419153690338 0.016993703320622444
v -0.05667481571435928 0.4741556942462921 -0.06291811168193817
v -0.06611837446689606 0.46925368905067444 -0.046741560101509094
v -0.07237272709608078 0.46471691131591797 -0.03184579312801361
v -0.07648186385631561 0.4612957835197449 -0.018893985077738762
v -0.042601197957992554 0.4784294664859772 -0.07707573473453522
v -0.022706570103764534 0.4805491864681244 -0.08621838688850403
v -0.0731465220451355 0.4618425965309143 0.05119726061820984
v -0.07330002635717392 0.45462024211883545 0.03915765881538391
v -0.061701953411102295 0.4498087167739868 -0.044267743825912476
v -0.05198798328638077 0.45267853140830994 -0.05941883474588394
v -0.0682605504989624 0.44745752215385437 -0.02944650873541832
v -0.0735921636223793 0.44719380140304565 -0.016564849764108658
v -0.03842076659202576 0.45570218563079834 -0.07222186028957367
v -0.020257756114006042 0.45471975207328796 -0.08002244681119919
v -0.018805908039212227 0.43350517749786377 -0.0698690116405487
v -0.07652037590742111 0.4301948845386505 0.027363616973161697
v -0.07754773646593094 0.42407992482185364 0.029080316424369812
v -0.07440895587205887 0.4230803847312927 0.030841698870062828
v -0.07400545477867126 0.42964768409729004 0.03186009079217911
v -0.07253775745630264 0.4423041045665741 0.03901459276676178
v -0.07193521410226822 0.4462524652481079 0.051542624831199646
v -0.00411645695567131 0.4788587987422943 0.1270633190870285
v -0.004589003510773182 0.3804636001586914 0.13368265330791473
v -0.0020005686674267054 0.39502665400505066 0.1318725347518921
v -0.004099136684089899 0.43621882796287537 0.13166417181491852
v -0.004575076512992382 0.4318986237049103 0.13235415518283844
v -0.0012167028617113829 0.4313044548034668 0.13288575410842896
v -0.0008394087199121714 0.43549707531929016 0.13225695490837097
v -0.01593177393078804 0.4931500554084778 0.10505637526512146
v -0.01761816442012787 0.41570350527763367 -0.059797775000333786
v -0.015348571352660656 0.36425670981407166 -0.04394116625189781
v -0.016224566847085953 0.3467264473438263 -0.044940073043107986
v -0.042490649968385696 0.3289656639099121 -0.04159235209226608
v -0.030220583081245422 0.3285699784755707 -0.04722954332828522
v -0.0004879552870988846 0.43986421823501587 0.13203275203704834
v -0.0033991150557994843 0.440395712852478 0.13105125725269318
v -0.0035268294159322977 0.450747549533844 0.13396897912025452
v -0.009568583220243454 0.4233543276786804 0.12927201390266418
v -0.0038438308984041214 0.44610145688056946 0.1302885115146637
v -0.003196745878085494 0.44370096921920776 0.13072440028190613
v 0.001523841405287385 0.443383127450943 0.13353443145751953
v 0.001257392461411655 0.4394720494747162 0.13225144147872925
v -0.02655263990163803 0.475816547870636 0.10644947737455368
v -0.026607709005475044 0.4803592264652252 0.10557261109352112
v -0.0019636834040284157 0.449817031621933 0.13622255623340607
v -0.000883251428604126 0.44901955127716064 0.13896746933460236
v -0.042590197175741196 0.31582361459732056 0.047595590353012085
v -0.055255454033613205 0.3193589448928833 0.03358997777104378
v 0.0008195160771720111 0.42365238070487976 0.13199342787265778
v 0.0008029410964809358 0.42735904455184937 0.13338185846805573
v -0.07455573230981827 0.45869022607803345 0.028844689950346947
v -0.07636728137731552 0.4662870764732361 0.026353102177381516
v -0.07790165394544601 0.46061038970947266 0.021064015105366707
v -0.07612904161214828 0.45391401648521423 0.02328614890575409
v -0.0031576319597661495 0.3207847476005554 0.07231423258781433
v -0.060898493975400925 0.32275447249412537 0.0167666245251894
v -0.016971901059150696 0.3306959569454193 -0.04972945153713226
v -0.044596172869205475 0.4801645576953888 0.09719143807888031
v -0.0455072745680809 0.48168450593948364 0.095669686794281
v -0.01887291483581066 0.49035143852233887 0.10391133278608322
v -0.011250805109739304 0.4152413606643677 0.12747669219970703
v -0.00963705126196146 0.4194142818450928 0.12694966793060303
v -0.0022209780290722847 0.35340413451194763 0.09455247223377228
v 0.0015976205468177795 0.4461233913898468 0.13650211691856384
v -0.07927635312080383 0.4680200517177582 0.011630319058895111
v -0.07877994328737259 0.4640829563140869 0.012718603014945984
v -0.08126581460237503 0.4631950557231903 0.01493859477341175
v -0.08150678128004074 0.46676304936408997 0.015341044403612614
v -0.0827261433005333 0.47076648473739624 0.02028043568134308
v -0.08436860144138336 0.4742312431335449 0.01837334781885147
v -0.0854296088218689 0.47028011083602905 0.01678583212196827
v -0.08376927673816681 0.46723902225494385 0.017777103930711746
v -0.07889045774936676 0.47215205430984497 0.023021098226308823
v -0.08036714047193527 0.46654999256134033 0.021123716607689857
v -0.08696020394563675 0.47545307874679565 0.016454055905342102
v -0.0864797830581665 0.47248420119285583 0.015082787722349167
v -0.08057817816734314 0.47635695338249207 0.012360469438135624
v -0.08391763269901276 0.47706910967826843 0.015173226594924927
v -0.08542977273464203 0.4783877730369568 0.010334821417927742
v -0.08987648785114288 0.4762341380119324 0.012403363361954689
v -0.08780904859304428 0.47763651609420776 0.0038710301741957664
v -0.09296082705259323 0.4752441942691803 0.006870861165225506
v -0.08855043351650238 0.47309932112693787 -0.001608705148100853
v -0.09437140822410583 0.4715077877044678 0.0009741552639752626
v -0.07380450516939163 0.4384123682975769 0.031230546534061432
v -0.07374857366085052 0.4378719627857208 0.02403809130191803
v -0.08871213346719742 0.46631962060928345 -0.004320867825299501
v -0.0948304757475853 0.4656534790992737 -0.002524904441088438
v -0.08824928849935532 0.4580908417701721 -0.005831466987729073
v -0.0942341759800911 0.45791131258010864 -0.0038748732767999172
v -0.0874766856431961 0.44926249980926514 -0.004729075822979212
v -0.09282597154378891 0.4498717784881592 -0.0027943295426666737
v -0.08621343970298767 0.4405618906021118 -0.0013031745329499245
v -0.09137464314699173 0.44220370054244995 0.0005710707046091557
v -0.08420970290899277 0.4309968948364258 0.004121801815927029
v -0.08934592455625534 0.4351245164871216 0.006063241045922041
v -0.09009859710931778 0.4695226550102234 0.0018876546528190374
v -0.08869417756795883 0.4729914665222168 0.005804657936096191
v -0.08069845288991928 0.47126510739326477 0.0018797919619828463
v -0.08737674355506897 0.47396421432495117 0.01098579354584217
v -0.0781283900141716 0.45745283365249634 0.005704149603843689
v -0.07700717449188232 0.4552854299545288 0.006368070840835571
v -0.07946870476007462 0.45650625228881836 0.009630527347326279
v -0.07744927704334259 0.45865190029144287 0.007762908935546875
v -0.07725753635168076 0.4511606693267822 0.019577283412218094
v -0.07721911370754242 0.4453694522380829 0.020018432289361954
v -0.07590462267398834 0.445884108543396 0.024477176368236542
v -0.07544772326946259 0.44097888469696045 0.01987517438828945
v -0.07427237927913666 0.44579005241394043 0.018117684870958328
v -0.07453371584415436 0.4422932267189026 0.018129121512174606
v -0.07355475425720215 0.4498332738876343 0.017453975975513458
v -0.07514076679944992 0.44048160314559937 0.016633039340376854
v -0.0764119103550911 0.4386352598667145 0.018160350620746613
v -0.07394493371248245 0.4416000247001648 0.015820778906345367
v -0.07339833676815033 0.4427313804626465 0.016643468290567398
v -0.07261444628238678 0.44464340806007385 0.015574063174426556
v -0.07278844714164734 0.44757646322250366 0.01300596073269844
v -0.0744367316365242 0.4488387703895569 0.030260618776082993
v -0.07408749312162399 0.4343244135379791 0.009128022938966751
v -0.07747377455234528 0.442641019821167 0.003973510582000017
v -0.0861186534166336 0.4297439455986023 0.012507721781730652
v -0.08249504864215851 0.42360690236091614 0.012580923736095428
v -0.07989734411239624 0.42032408714294434 0.02694851905107498
v -0.08157040923833847 0.41974204778671265 0.020744089037179947
v -0.08014395087957382 0.4654061794281006 0.0005777718033641577
v -0.08018434047698975 0.4582452178001404 -0.0007604006677865982
v -0.07212509214878082 0.42812851071357727 0.017492469400167465
v -0.07925765216350555 0.45073002576828003 0.0005295164883136749
v -0.08715268969535828 0.43930408358573914 0.007056398782879114
v -0.08422102779150009 0.43560582399368286 0.0117733683437109
v -0.08986180275678635 0.44440075755119324 0.0030686636455357075
v -0.07779576629400253 0.4349730312824249 0.02086447924375534
v -0.08125868439674377 0.4341648519039154 0.01656956598162651
v -0.08345476537942886 0.4281112551689148 0.019011732190847397
v -0.08039142936468124 0.42857009172439575 0.0242764949798584
v -0.08151482045650482 0.43958720564842224 0.011696315370500088
v -0.08514672517776489 0.44249412417411804 0.008782729506492615
v -0.07767937332391739 0.4420127272605896 0.010263245552778244
v -0.08101849257946014 0.44488751888275146 0.00782102346420288
v -0.07611000537872314 0.4405527412891388 0.013858507387340069
v -0.0784120112657547 0.4381400942802429 0.01496799848973751
v -0.07350683212280273 0.4441223740577698 0.009485078975558281
v -0.07646644860506058 0.4482520520687103 0.006335305981338024
v -0.07361776381731033 0.44224780797958374 0.013521440327167511
v -0.08416116237640381 0.4484589397907257 0.007069062441587448
v -0.0805092379450798 0.45175430178642273 0.006141213700175285
v -0.08416128903627396 0.45539507269859314 0.0077276285737752914
v -0.08688582479953766 0.4526159465312958 0.00684077525511384
v -0.08794932812452316 0.44643187522888184 0.005974705331027508
v -0.08998320996761322 0.4511643648147583 0.003917509689927101
v -0.09037797898054123 0.45069462060928345 0.00017325252701994032
v -0.09043998271226883 0.45696693658828735 0.0025677536614239216
v -0.09071563184261322 0.45774900913238525 -0.0009370003826916218
v -0.08815759420394897 0.456796795129776 0.005442279390990734
v -0.08630800992250443 0.4580024778842926 0.00775997806340456
v -0.09087257087230682 0.4644570052623749 -0.00044251466169953346
v -0.09002076834440231 0.46263790130615234 0.002765018492937088
v -0.08909858763217926 0.46707525849342346 0.004236965905874968
v -0.08857280015945435 0.46108537912368774 0.005520219448953867
v -0.08749572932720184 0.4645428955554962 0.006604778580367565
v -0.08713052421808243 0.46044981479644775 0.007158002350479364
v -0.08606401830911636 0.4623670279979706 0.008283054456114769
v -0.08391433209180832 0.4715246856212616 0.013407839462161064
v -0.0826181173324585 0.4696935713291168 0.015035889111459255
v -0.0855606272816658 0.4714822471141815 0.010404296219348907
v -0.08402259647846222 0.46883058547973633 0.010537232272326946
v -0.08294451236724854 0.47060316801071167 0.011800790205597878
v -0.0814918801188469 0.4694685637950897 0.012148221954703331
v -0.08299165219068527 0.4664303958415985 0.011241651140153408
v -0.08085069060325623 0.4641934037208557 0.010083340108394623
v -0.01914057694375515 0.2863246202468872 0.058053042739629745
v -0.00642096484079957 0.2847062051296234 0.05944264680147171
v -0.005175694357603788 0.2960945963859558 0.06265420466661453
v -0.01724524237215519 0.29806268215179443 0.059705156832933426
v -0.08573924005031586 0.4670277237892151 0.008468256331980228
v -0.08467564731836319 0.4642680883407593 0.010168037377297878
v -0.08726579695940018 0.4700440466403961 0.0069280038587749004
v -0.08241903781890869 0.4599016010761261 0.007936351001262665
v -0.08324944972991943 0.46185219287872314 0.009394812397658825
v -0.08492373675107956 0.46002283692359924 0.008907264098525047
v -0.08396614342927933 0.45843181014060974 0.008287898264825344
v -0.07690752297639847 0.45550739765167236 0.018072029575705528
v -0.0749921202659607 0.45334696769714355 0.014579626731574535
v -0.07514189928770065 0.45045891404151917 0.010494567453861237
v -0.056967657059431076 0.2714792788028717 0.0402231365442276
v -0.0523858480155468 0.28169482946395874 0.03777279704809189
v -0.06865755468606949 0.2875819802284241 0.0244610458612442
v -0.07458008080720901 0.2786868214607239 0.026739424094557762
v -0.07016739994287491 0.2488991767168045 0.05748028680682182
v -0.09513188898563385 0.2543751001358032 0.041529878973960876
v -0.09426425397396088 0.2329156994819641 0.060424089431762695
v -0.0726223811507225 0.23010142147541046 0.06700462847948074
v -0.09267376363277435 0.21367725729942322 0.07285203039646149
v -0.0728212520480156 0.21166150271892548 0.07571727782487869
v -0.08445781469345093 0.1631653904914856 0.10188550502061844
v -0.06687895208597183 0.16214455664157867 0.10408610105514526
v -0.06935154646635056 0.17852309346199036 0.09468772262334824
v -0.08770079165697098 0.17971380054950714 0.09279519319534302
v -0.10009567439556122 0.08126775920391083 0.12472100555896759
v -0.09536013007164001 0.06190968304872513 0.12102531641721725
v -0.0824458971619606 0.06536037474870682 0.12506186962127686
v -0.0882144644856453 0.08317998051643372 0.12717631459236145
v -0.16441500186920166 0.1840343475341797 0.07292188704013824
v -0.16811200976371765 0.2031964361667633 0.0658494159579277
v -0.18120892345905304 0.193429633975029 0.0641322135925293
v -0.17538879811763763 0.1734151840209961 0.06935218721628189
v -0.1067582219839096 0.2856845557689667 -0.009068144485354424
v -0.10279333591461182 0.2713305652141571 0.014721113257110119
v -0.09253101795911789 0.2776857316493988 0.010243402794003487
v -0.09798452258110046 0.29109251499176025 -0.010942074470221996
v -0.14742162823677063 0.09597155451774597 0.0884944275021553
v -0.14125876128673553 0.08162251859903336 0.09464867413043976
v -0.1363721340894699 0.09170209616422653 0.1013987585902214
v -0.14144256711006165 0.10572952777147293 0.0961313247680664
v -0.12535272538661957 -0.012517949566245079 0.08524675667285919
v -0.12706045806407928 -0.034898508340120316 0.08319751173257828
v -0.11100425571203232 -0.03594684973359108 0.09902337938547134
v -0.1101057305932045 -0.013292417861521244 0.10000742971897125
v -0.1621941775083542 0.015686796978116035 0.025078468024730682
v -0.16602131724357605 0.014955973252654076 -0.0010571497259661555
v -0.16238774359226227 -0.004823570139706135 -0.00297013227827847
v -0.16021184623241425 -0.006230310536921024 0.022654326632618904
v -0.11595809459686279 0.1625583916902542 0.09596714377403259
v -0.10090736299753189 0.1633937954902649 0.09907697141170502
v -0.10493145138025284 0.17978937923908234 0.09052307158708572
v -0.12075911462306976 0.17878542840480804 0.08760801702737808
v -0.34794852137565613 0.22765745222568512 0.023302091285586357
v -0.34784001111984253 0.2101789116859436 0.02460280992090702
v -0.3242652714252472 0.20959460735321045 0.02652258239686489
v -0.3244357109069824 0.2271755486726761 0.02463964931666851
v -0.15934495627880096 -0.12036497890949249 0.02193179912865162
v -0.15717822313308716 -0.11554529517889023 -0.0035159236285835505
v -0.1637081801891327 -0.13721810281276703 -0.003142649307847023
v -0.16411703824996948 -0.1425512135028839 0.024456605315208435
v -0.22109729051589966 0.2561505436897278 0.03367047384381294
v -0.2073976844549179 0.25959575176239014 0.03522394597530365
v -0.20602208375930786 0.27511730790138245 0.013233660720288754
v -0.219446063041687 0.2728722095489502 0.013807655312120914
v -0.16032268106937408 0.14575019478797913 0.07904530316591263
v -0.15203025937080383 0.15334302186965942 0.08469942212104797
v -0.15919317305088043 0.1677490621805191 0.07908552885055542
v -0.16779819130897522 0.15824149549007416 0.0744653195142746
v -0.17439661920070648 0.054511766880750656 -0.001196315628476441
v -0.17024077475070953 0.05668247863650322 0.021136822178959846
v -0.17358280718326569 0.07573093473911285 0.016330188140273094
v -0.1779998391866684 0.07362319529056549 -0.00375078315846622
v -0.1666824221611023 0.03574146702885628 0.023660490289330482
v -0.17052249610424042 0.03412475436925888 -0.0006588664837181568
v -0.14175592362880707 0.15823900699615479 0.08889897167682648
v -0.12967422604560852 0.16082648932933807 0.09264050424098969
v -0.13510464131832123 0.17709007859230042 0.08486828207969666
v -0.14746002852916718 0.17432497441768646 0.08241000771522522
v -0.09160880744457245 0.044193025678396225 0.11595591902732849
v -0.07582296431064606 0.04877924174070358 0.12157796323299408
v -0.1586541384458542 -0.1481134444475174 0.050397664308547974
v -0.14729593694210052 -0.15373580157756805 0.07285281270742416
v -0.1459888070821762 -0.1295994222164154 0.06952813267707825
v -0.15551017224788666 -0.12501177191734314 0.047152526676654816
v -0.09251554310321808 0.008025605231523514 0.11290492117404938
v -0.09058349579572678 0.02751360647380352 0.11338894814252853
v -0.105445995926857 0.02611044980585575 0.10435759276151657
v -0.10809008777141571 0.007028804626315832 0.10142219066619873
v -0.13166579604148865 -0.15850770473480225 0.0922999456524849
v -0.11386916786432266 -0.16248254477977753 0.11118610203266144
v -0.11330296844244003 -0.13606148958206177 0.1072048768401146
v -0.1312369406223297 -0.13333840668201447 0.08929724991321564
v -0.09057962894439697 0.19627536833286285 0.08312677592039108
v -0.07150391489267349 0.19460414350032806 0.08496639132499695
v -0.11981194466352463 0.08058525621891022 0.1150493398308754
v -0.11735851317644119 0.06187741458415985 0.11081485450267792
v -0.10714023560285568 0.06113339588046074 0.11619747430086136
v -0.11087896674871445 0.08072558045387268 0.1205158606171608
v -0.18173424899578094 0.14375039935112 0.04972896724939346
v -0.18230395019054413 0.15886741876602173 0.06201450154185295
v -0.19455774128437042 0.17882505059242249 0.057100843638181686
v -0.19195550680160522 0.1544896811246872 0.04352312535047531
v -0.16725900769233704 -0.1586838960647583 -0.0007340735173784196
v -0.16705210506916046 -0.16411583125591278 0.027413716539740562
v -0.13120035827159882 -0.18431377410888672 0.09487466514110565
v -0.11320217698812485 -0.18948635458946228 0.11367343366146088
v -0.22673064470291138 0.14183002710342407 -0.029040822759270668
v -0.21560171246528625 0.13058128952980042 -0.02474662847816944
v -0.21279937028884888 0.1331639289855957 -0.008654462173581123
v -0.2245924174785614 0.14502018690109253 -0.013480562716722488
v -0.05041753500699997 0.08294693380594254 0.12799444794654846
v -0.06454210728406906 0.09354931116104126 0.12856394052505493
v -0.07128958404064178 0.07577657699584961 0.12811118364334106
v -0.06054738536477089 0.06115811690688133 0.1258307844400406
v -0.11653789132833481 0.044193100184202194 0.10310142487287521
v -0.11854993551969528 0.027646787464618683 0.09504374116659164
v -0.10503223538398743 0.04310215264558792 0.10973776876926422
v -0.03579076752066612 0.07163384556770325 0.12512430548667908
v -0.04846659302711487 0.04294886812567711 0.12423978745937347
v -0.05202784389257431 0.19286905229091644 0.08759617805480957
v -0.050509873777627945 0.1767476201057434 0.09661779552698135
v -0.05267620086669922 0.20978063344955444 0.0799688771367073
v -0.03304746001958847 0.20755639672279358 0.08415784686803818
v -0.03184330463409424 0.2246359884738922 0.07685786485671997
v -0.0515746995806694 0.2268470823764801 0.07227868586778641
v -0.02881002426147461 0.24120132625102997 0.07018740475177765
v -0.04824180528521538 0.24411053955554962 0.06548832356929779
v -0.03792499005794525 0.26672500371932983 0.050499580800533295
v -0.03476513922214508 0.27758854627609253 0.048501525074243546
v -0.17308178544044495 0.1464078575372696 0.06670263409614563
v -0.16553379595279694 0.135467991232872 0.07097388803958893
v -0.14772504568099976 -0.17809294164180756 0.07581125199794769
v -0.11737366765737534 0.21592386066913605 -0.10011253505945206
v -0.11545954644680023 0.1967422068119049 -0.1052926778793335
v -0.13400377333164215 0.20310711860656738 -0.0981433317065239
v -0.13602302968502045 0.22128921747207642 -0.09368879348039627
v -0.11686865240335464 0.28413528203964233 -0.00805854145437479
v -0.11698447912931442 0.27107158303260803 0.01742880418896675
v -0.19530290365219116 0.1544015258550644 -0.07332056760787964
v -0.18237514793872833 0.14803987741470337 -0.07543214410543442
v -0.18579638004302979 0.13618512451648712 -0.07008928060531616
v -0.196125328540802 0.14435313642024994 -0.06843642145395279
v -0.22521600127220154 0.14573225378990173 -0.050755590200424194
v -0.23990803956985474 0.15349070727825165 -0.053844768553972244
v -0.2391442507505417 0.16137929260730743 -0.06082506850361824
v -0.22335481643676758 0.1531648337841034 -0.05749731883406639
v -0.1561710089445114 -0.13337503373622894 -0.028178755193948746
v -0.14827582240104675 -0.1117398664355278 -0.0270302165299654
v -0.14350901544094086 0.031162092462182045 -0.06826798617839813
v -0.1565176546573639 0.023120097815990448 -0.047511689364910126
v -0.1633247435092926 0.04327981919050217 -0.04478026181459427
v -0.15241855382919312 0.051498159766197205 -0.06392576545476913
v -0.01921546831727028 0.18189950287342072 -0.09708276391029358
v -0.019084054976701736 0.166103333234787 -0.09930219501256943
v -0.03825881704688072 0.1693577766418457 -0.10422822833061218
v -0.03838284686207771 0.18584409356117249 -0.10180997103452682
v -0.07686184346675873 0.2184913158416748 -0.10387321561574936
v -0.07691993564367294 0.23511403799057007 -0.0983237624168396
v -0.05559367313981056 0.22502826154232025 -0.09921010583639145
v -0.05647267773747444 0.20926928520202637 -0.10352117568254471
v -0.0970517098903656 0.208643838763237 -0.10595591366291046
v -0.09576202183961868 0.1894112378358841 -0.11094237864017487
v -0.17836447060108185 0.07505615800619125 -0.0231801625341177
v -0.1742372065782547 0.057062700390815735 -0.022342771291732788
v -0.18541477620601654 0.09686727076768875 -0.028073051944375038
v -0.1846649944782257 0.09711837023496628 -0.010987002402544022
v -0.18910425901412964 0.10477705299854279 -0.013744378462433815
v -0.1895895004272461 0.10442671179771423 -0.030031373724341393
v -0.09008616209030151 0.2975291311740875 -0.012615472078323364
v -0.08783546090126038 0.3016357421875 -0.03616946563124657
v -0.09659969806671143 0.29622146487236023 -0.03396942466497421
v -0.05108845233917236 0.278228223323822 -0.07754037529230118
v -0.050725605338811874 0.2711421549320221 -0.08137958496809006
v -0.0647430345416069 0.27617934346199036 -0.07706446945667267
v -0.06291067600250244 0.2821562886238098 -0.07364410161972046
v -0.045380864292383194 0.09508761763572693 -0.10876746475696564
v -0.0222761407494545 0.0943516194820404 -0.10622452944517136
v -0.022335171699523926 0.0721043273806572 -0.10602883249521255
v -0.04770202562212944 0.07121635973453522 -0.1081116572022438
v -0.19459618628025055 0.11354589462280273 -0.04530654102563858
v -0.20365473628044128 0.12089373171329498 -0.04659254848957062
v -0.20155012607574463 0.1269117146730423 -0.05570055544376373
v -0.19188237190246582 0.11882585287094116 -0.05565665662288666
v -0.18501661717891693 0.11153185367584229 -0.05519266426563263
v -0.1791514754295349 0.10377780348062515 -0.05520236864686012
v -0.18316024541854858 0.09932194650173187 -0.04241245612502098
v -0.1882779598236084 0.1069708988070488 -0.04362209513783455
v -0.16190071403980255 0.0698915645480156 -0.059196438640356064
v -0.17012834548950195 0.06280312687158585 -0.04181265830993652
v -0.17548924684524536 0.07939570397138596 -0.040904443711042404
v -0.16915152966976166 0.08520660549402237 -0.05679642781615257
v -0.01803058385848999 -0.00979620311409235 -0.09791208803653717
v -0.04067934677004814 -0.013560924679040909 -0.10230160504579544
v -0.042958810925483704 0.016254078596830368 -0.10467629134654999
v -0.019219622015953064 0.01954195834696293 -0.10123611986637115
v -0.23386476933956146 0.16452385485172272 0.010398602113127708
v -0.23284535109996796 0.1738751232624054 0.024555770680308342
v -0.2473835051059723 0.17701426148414612 0.020479463040828705
v -0.24999679625034332 0.16737204790115356 0.004532392602413893
v -0.24730022251605988 0.18576453626155853 -0.07274734228849411
v -0.2579214870929718 0.19131971895694733 -0.07385352998971939
v -0.2569936513900757 0.1983294039964676 -0.07478264719247818
v -0.24585939943790436 0.19316448271274567 -0.07430727779865265
v -0.2704976797103882 0.1608285754919052 -0.0146405678242445
v -0.26665589213371277 0.16892877221107483 0.00035086460411548615
v -0.2852785587310791 0.1695278435945511 -0.0023628761991858482
v -0.2887573540210724 0.16135373711585999 -0.018157223239541054
v -0.12532959878444672 0.2838832437992096 -0.03529372066259384
v -0.12755773961544037 0.2836865782737732 -0.00696417735889554
v -0.11527588218450546 0.28751450777053833 -0.03415203467011452
v -0.256849080324173 0.15197311341762543 -0.03771677240729332
v -0.2729889750480652 0.1550803780555725 -0.042408037930727005
v -0.2723056972026825 0.1582358479499817 -0.05406445264816284
v -0.2561792731285095 0.15442092716693878 -0.04933927208185196
v -0.3476209044456482 0.2435905784368515 0.013937704265117645
v -0.3243585228919983 0.24273239076137543 0.014860983937978745
v -0.3107534646987915 0.15906459093093872 -0.0357184037566185
v -0.3126890957355499 0.1616685837507248 -0.049877118319272995
v -0.29203861951828003 0.15751250088214874 -0.0466809943318367
v -0.2912715673446655 0.1573469489812851 -0.033234480768442154
v -0.13614080846309662 0.00976151879876852 -0.07035671919584274
v -0.14971324801445007 0.0032695468980818987 -0.04968154430389404
v -0.1256675273180008 -0.12996770441532135 -0.0659160315990448
v -0.1429111659526825 -0.13102783262729645 -0.049255795776844025
v -0.13477441668510437 -0.10835342109203339 -0.047042980790138245
v -0.11903519183397293 -0.10615941882133484 -0.06365972012281418
v -0.1606735736131668 -0.15507808327674866 -0.026927080005407333
v -0.1299688071012497 -0.15404526889324188 -0.06494376808404922
v -0.14785006642341614 -0.15367254614830017 -0.048836831003427505
v -0.07189622521400452 0.31275874376296997 -0.03104526363313198
v -0.06283943355083466 0.3126397132873535 -0.04652383551001549
v -0.06875738501548767 0.30457454919815063 -0.052220750600099564
v -0.07988478243350983 0.3072291314601898 -0.03509029000997543
v -0.180284321308136 -0.27271562814712524 -0.02764487825334072
v -0.17952367663383484 -0.30034732818603516 -0.033423829823732376
v -0.18619519472122192 -0.30050793290138245 -0.004004412330687046
v -0.1861160844564438 -0.27606162428855896 0.002482018433511257
v -0.03580629453063011 0.29451784491539 -0.06897155940532684
v -0.05401314049959183 0.29920491576194763 -0.0625152662396431
v -0.049318406730890274 0.3085861802101135 -0.05644308775663376
v -0.03430350497364998 0.30485284328460693 -0.06215103715658188
v -0.18171609938144684 -0.2523965537548065 0.004265035502612591
v -0.17553099989891052 -0.24756857752799988 -0.024424487724900246
v -0.07540937513113022 0.30763477087020874 -0.010970895178616047
v -0.08327972143888474 0.30228427052497864 -0.012933196499943733
v -0.07950807362794876 0.2943592965602875 0.006561599671840668
v -0.0711999461054802 0.3016165494918823 0.007824419066309929
v -0.06227893382310867 0.29705002903938293 0.02505534328520298
v -0.18842282891273499 -0.3107188045978546 0.025988956913352013
v -0.1854710578918457 -0.2849280536174774 0.029585346579551697
v -0.05802085995674133 0.3199424743652344 -0.03946932405233383
v -0.045977409929037094 0.3174537718296051 -0.04950277879834175
v -0.03217512369155884 0.31637799739837646 -0.054814063012599945
v -0.01751893386244774 0.31706568598747253 -0.05785241723060608
v -0.16205354034900665 -0.17602846026420593 -0.024605076760053635
v -0.1682012677192688 -0.17946000397205353 0.0015147773083299398
v -0.12617772817611694 -0.41186121106147766 -0.11387402564287186
v -0.0978814959526062 -0.41778624057769775 -0.12224164605140686
v -0.09452643245458603 -0.4298285245895386 -0.1141943410038948
v -0.12799367308616638 -0.42764922976493835 -0.10309833288192749
v -0.027745362371206284 -0.40393009781837463 -0.12305397540330887
v -0.024977928027510643 -0.41452476382255554 -0.1110004410147667
v -0.05876104533672333 -0.4251583218574524 -0.11542606353759766
v -0.06442280113697052 -0.4136248528957367 -0.12594309449195862
v -0.030557002872228622 -0.2902034819126129 -0.12246766686439514
v -0.05934818089008331 -0.2884364426136017 -0.12225795537233353
v -0.058490052819252014 -0.26654210686683655 -0.11196235567331314
v -0.03072011098265648 -0.2679833769798279 -0.11283747851848602
v -0.13196365535259247 -0.17592397332191467 -0.0627124160528183
v -0.14923252165317535 -0.17508044838905334 -0.04653991386294365
v -0.1664752960205078 -0.18545670807361603 0.02894059754908085
v -0.18648578226566315 -0.4530045986175537 0.038720451295375824
v -0.19232675433158875 -0.44320279359817505 -0.0035167066380381584
v -0.18751752376556396 -0.47953420877456665 -0.0035244300961494446
v -0.1834491491317749 -0.4890878200531006 0.0361211895942688
v -0.15220555663108826 -0.47263285517692566 -0.06644358485937119
v -0.15619924664497375 -0.4439292252063751 -0.07343707233667374
v -0.12451731413602829 -0.4477291405200958 -0.09236328303813934
v -0.12078483402729034 -0.4714016318321228 -0.08431144058704376
v -0.09475179761648178 -0.19415976107120514 0.13232305645942688
v -0.11125869303941727 -0.2149171233177185 0.11226736754179001
v -0.09187471121549606 -0.22042685747146606 0.12919649481773376
v -0.032185666263103485 -0.20539315044879913 0.16092222929000854
v -0.05567770078778267 -0.20210307836532593 0.15685251355171204
v -0.05022118613123894 -0.22858946025371552 0.15156009793281555
v -0.028411585837602615 -0.2315216064453125 0.15530607104301453
v -0.02920716442167759 -0.3529018461704254 0.13535799086093903
v -0.015292740426957607 -0.35483479499816895 0.13958188891410828
v -0.01704385131597519 -0.3289653956890106 0.13798749446868896
v -0.033129893243312836 -0.32605603337287903 0.13292807340621948
v -0.17730073630809784 -0.2953597903251648 0.055282335728406906
v -0.1580135077238083 -0.30563369393348694 0.07718826830387115
v -0.155317023396492 -0.28376632928848267 0.07681966572999954
v -0.1728399097919464 -0.27351218461990356 0.056276965886354446
v -0.021259350702166557 -0.42319774627685547 -0.09450628608465195
v -0.05320506915450096 -0.4361102283000946 -0.09942968189716339
v -0.16709032654762268 -0.4979228675365448 0.07455644756555557
v -0.16879022121429443 -0.4619973301887512 0.07780485600233078
v -0.13777610659599304 -0.5040568113327026 0.10349547117948532
v -0.10178687423467636 -0.5021782517433167 0.11256660521030426
v -0.10515233874320984 -0.4720905125141144 0.11687140166759491
v -0.14045017957687378 -0.47093716263771057 0.10622330009937286
v -0.013090750202536583 -0.43055588006973267 0.08238033950328827
v -0.02425416372716427 -0.4132629632949829 0.1099105253815651
v -0.02984428219497204 -0.42401790618896484 0.10148188471794128
v -0.013877982273697853 -0.43638941645622253 0.0763939619064331
v -0.029992923140525818 -0.3772313594818115 -0.1318063735961914
v -0.029843192547559738 -0.39300858974456787 -0.127738818526268
v -0.06397086381912231 -0.39781540632247925 -0.13309349119663239
v -0.062408916652202606 -0.3803356885910034 -0.1360015869140625
v -0.10965295881032944 -0.15512454509735107 -0.0755307525396347
v -0.11177501082420349 -0.17837685346603394 -0.07394010573625565
v -0.08868944644927979 -0.156557098031044 -0.08159992843866348
v -0.10635066032409668 -0.13024048507213593 -0.07744185626506805
v -0.08581255376338959 -0.13073799014091492 -0.0832296758890152
v -0.09622213989496231 0.028569774702191353 -0.09596556425094604
v -0.11814785748720169 0.01833648607134819 -0.08547817170619965
v -0.12620171904563904 0.03947462886571884 -0.08439220488071442
v -0.1056617721915245 0.05138793960213661 -0.09606534987688065
v -0.05758053809404373 0.1751307249069214 -0.1101861521601677
v -0.056944556534290314 0.1925828754901886 -0.10749490559101105
v -0.08345015347003937 -0.46529918909072876 -0.09272219240665436
v -0.041672490537166595 -0.45207589864730835 -0.08461304754018784
v -0.0519835539162159 -0.48990052938461304 -0.07833362370729446
v -0.08736716210842133 -0.4951261281967163 -0.08307154476642609
v -0.14836129546165466 -0.5017266273498535 -0.061798565089702606
v -0.1701330840587616 -0.5053117871284485 -0.037704043090343475
v -0.17638742923736572 -0.47329723834991455 -0.039791274815797806
v -0.18110743165016174 -0.5131840705871582 -0.003331488696858287
v -0.17812828719615936 -0.5224643349647522 0.03512348234653473
v -0.13279564678668976 -0.5354668498039246 0.09931065887212753
v -0.0971275195479393 -0.5326808094978333 0.10686874389648438
v -0.014228848740458488 -0.49196574091911316 0.06984946131706238
v -0.03701727092266083 -0.49602174758911133 0.08925514668226242
v -0.03407209739089012 -0.5199345946311951 0.08055739849805832
v -0.013115921057760715 -0.5141634941101074 0.05839497968554497
v -0.06793893128633499 -0.34958574175834656 0.11339563876390457
v -0.10267946124076843 -0.3299172818660736 0.10275554656982422
v -0.10591290891170502 -0.3564062714576721 0.10616040974855423
v -0.0761931836605072 -0.3764262795448303 0.11361172795295715
v -0.03932506591081619 -0.17721974849700928 0.16123874485492706
v -0.05851229652762413 -0.1726580411195755 0.15709684789180756
v -0.07525704801082611 -0.19824367761611938 0.147569477558136
v -0.07695342600345612 -0.16883713006973267 0.14708873629570007
v -0.09560448676347733 -0.1658102422952652 0.13091924786567688
v -0.0529736690223217 -0.06167935952544212 0.14348842203617096
v -0.07510776072740555 -0.061695754528045654 0.13237635791301727
v -0.07412324845790863 -0.08715888857841492 0.13523398339748383
v -0.052653875201940536 -0.08783979713916779 0.14659889042377472
v -0.05322308465838432 -0.0354938805103302 0.13936452567577362
v -0.07561983168125153 -0.03572416678071022 0.12907126545906067
v -0.051118768751621246 0.01493560615926981 0.12826892733573914
v -0.07173548638820648 0.03193629905581474 0.12051967531442642
v -0.07351736724376678 0.010973828844726086 0.12212139368057251
v -0.03284186124801636 0.19047196209430695 0.09097777307033539
v -0.0319497287273407 0.17378553748130798 0.09815636277198792
v -0.18006934225559235 -0.3201332986354828 0.05293479189276695
v -0.01359315775334835 -0.4594179093837738 -0.05415806174278259
v -0.0013755162945017219 -0.4708285927772522 -0.020969178527593613
v -0.005035651382058859 -0.4954652190208435 -0.02994425967335701
v -0.022094452753663063 -0.48982787132263184 -0.05926327407360077
v -0.1805438995361328 -0.2621740996837616 0.031222788617014885
v -0.16004523634910583 -0.17092914879322052 0.05342061072587967
v -0.15848597884178162 -0.19326987862586975 0.05394844710826874
v -0.15138234198093414 0.02036917395889759 0.05443874001502991
v -0.15206512808799744 -0.006897027604281902 0.047740638256073
v -0.0775987058877945 0.10006389766931534 0.1271442174911499
v -0.07939813286066055 0.0867445096373558 0.1281428039073944
v -0.18167845904827118 -0.43951138854026794 -0.04311583191156387
v -0.1271415650844574 -0.5650390386581421 0.0938057154417038
v -0.11923545598983765 -0.5913172364234924 0.0871693566441536
v -0.08446307480335236 -0.5884910225868225 0.0923565998673439
v -0.09061907231807709 -0.5617324113845825 0.10041370987892151
v -0.0035513387992978096 -0.5346269607543945 0.020908568054437637
v -0.013102895580232143 -0.5398578643798828 0.0467551089823246
v -0.01535030733793974 -0.5655030608177185 0.03604690730571747
v -0.008119878359138966 -0.5613130927085876 0.010179391130805016
v -0.012477796524763107 -0.5878164768218994 0.002285466529428959
v -0.017605096101760864 -0.5927597880363464 0.02821551449596882
v -0.017341509461402893 -0.6193761825561523 0.019593119621276855
v -0.014918172731995583 -0.6136950850486755 -0.00545309204608202
v -0.16213348507881165 -0.532425045967102 0.07307220250368118
v -0.16576844453811646 -0.5822171568870544 0.034213557839393616
v -0.14947766065597534 -0.5899355411529541 0.06612920761108398
v -0.1565777212381363 -0.5626897811889648 0.07005517184734344
v -0.1723654419183731 -0.5543033480644226 0.03537154197692871
v -0.12057091295719147 -0.49962180852890015 -0.07625816017389297
v -0.0009137899614870548 -0.50932377576828 0.031994596123695374
v -0.0006069098017178476 -0.487924188375473 0.04409316927194595
v -0.01815570518374443 -0.5547294020652771 -0.04164972901344299
v -0.0368853360414505 -0.5523688793182373 -0.06322714686393738
v -0.030189555138349533 -0.5225403904914856 -0.06106382980942726
v -0.01104189082980156 -0.5254420042037964 -0.03635028377175331
v -0.14468738436698914 -0.5575253367424011 -0.05667373165488243
v -0.16137857735157013 -0.5633620619773865 -0.03236750140786171
v -0.16557607054710388 -0.5354066491127014 -0.0339299812912941
v -0.14672425389289856 -0.5302169322967529 -0.05837465077638626
v -0.17458021640777588 -0.5441043972969055 -0.0009061693563126028
v -0.16849187016487122 -0.5722924470901489 -0.0004887739196419716
v -0.15107592940330505 -0.6345334649085999 0.03045954555273056
v -0.13209271430969238 -0.6402490735054016 0.05712287127971649
v -0.14142921566963196 -0.6155859231948853 0.061808910220861435
v -0.15840677917003632 -0.6086634397506714 0.03258594870567322
v -0.1559063047170639 -0.6243491172790527 -0.0011992668733000755
v -0.1615453064441681 -0.5982987880706787 -0.0006487201899290085
v -0.15681035816669464 -0.5893535017967224 -0.031197771430015564
v -0.15245209634304047 -0.6152020692825317 -0.02992243692278862
v -0.13805757462978363 -0.6081012487411499 -0.051761604845523834
v -0.14166951179504395 -0.5825753211975098 -0.054564401507377625
v -0.11996353417634964 -0.579073429107666 -0.07067771255970001
v -0.11888325959444046 -0.603724479675293 -0.06769273430109024
v -0.09433230757713318 -0.5772072672843933 -0.07755524665117264
v -0.06769729405641556 -0.5768411755561829 -0.07446084916591644
v -0.07227802276611328 -0.601494312286377 -0.0720798596739769
v -0.09608238190412521 -0.6019572615623474 -0.07465599477291107
v -0.031517259776592255 -0.6059614419937134 -0.04846009239554405
v -0.04924039542675018 -0.6029840111732483 -0.06405381858348846
v -0.04338708147406578 -0.5785202980041504 -0.06373434513807297
v -0.02550184167921543 -0.5813196897506714 -0.04521438479423523
v -0.05225440114736557 -0.7055836319923401 -0.05720715969800949
v -0.0694839209318161 -0.7024499773979187 -0.062372300773859024
v -0.0639757439494133 -0.6763911843299866 -0.06297051161527634
v -0.044540904462337494 -0.6792714595794678 -0.057733677327632904
v -0.08642064034938812 -0.700471818447113 -0.06969479471445084
v -0.10464177280664444 -0.700010359287262 -0.0696263387799263
v -0.1007532924413681 -0.674780011177063 -0.06753209978342056
v -0.08232303708791733 -0.6748641133308411 -0.06691718846559525
v -0.13173295557498932 -0.6817305088043213 -0.045235756784677505
v -0.11776500940322876 -0.6768149733543396 -0.06035129353404045
v -0.12097498029470444 -0.7018925547599792 -0.06237805262207985
v -0.1341748833656311 -0.7065246105194092 -0.04735381156206131
v -0.14698652923107147 -0.7125832438468933 -0.029401235282421112
v -0.14699576795101166 -0.6885654926300049 -0.028073277324438095
v -0.14440535008907318 -0.7202242016792297 -0.004930286202579737
v -0.1480494886636734 -0.6971901059150696 -0.004114373587071896
v -0.1324048638343811 -0.7046440243721008 0.022796466946601868
v -0.13310572504997253 -0.7273629903793335 0.022864051163196564
v -0.019330725073814392 -0.6954846382141113 -0.008958232589066029
v -0.02546824887394905 -0.7213314175605774 -0.014254395850002766
v -0.026340914890170097 -0.7154352068901062 -0.03373675048351288
v -0.01889612525701523 -0.6897777915000916 -0.028050612658262253
v -0.04840407148003578 -0.7039503455162048 0.030936185270547867
v -0.06407488882541656 -0.7076555490493774 0.05391599237918854
v -0.06531789153814316 -0.7306328415870667 0.04316745325922966
v -0.05021858587861061 -0.728257954120636 0.02186097577214241
v -0.15172179043293 -0.64902663230896 -0.0022044365759938955
v -0.14298555254936218 -0.6584274768829346 0.02698558010160923
v -0.13433149456977844 -0.632958173751831 -0.048514559864997864
v -0.14868976175785065 -0.6399864554405212 -0.02858567424118519
v -0.03569840267300606 -0.6300399303436279 -0.052318960428237915
v -0.054412540048360825 -0.6271077990531921 -0.06436383724212646
v -0.017590565606951714 -0.6449665427207947 0.010639511048793793
v -0.015814388170838356 -0.6391539573669434 -0.012809142470359802
v -0.09360203891992569 -0.6880990266799927 0.06724586337804794
v -0.09699805080890656 -0.6647807359695435 0.06988827884197235
v -0.12362556159496307 -0.6636085510253906 0.05310006067156792
v -0.11980456858873367 -0.6871596574783325 0.05215946584939957
v -0.15052291750907898 -0.6734666228294373 -0.0030265143141150475
v -0.14692257344722748 -0.6642705202102661 -0.02805216796696186
v -0.13193407654762268 -0.65739506483078 -0.04591813683509827
v -0.11688793450593948 -0.6523206830024719 -0.06120551750063896
v -0.09862785041332245 -0.6502483487129211 -0.06811093538999557
v -0.07933209091424942 -0.649968147277832 -0.06735016405582428
v -0.05925890803337097 -0.6513373851776123 -0.0638127252459526
v -0.0397334098815918 -0.654171347618103 -0.055586859583854675
v -0.016378598287701607 -0.664195716381073 -0.020900148898363113
v -0.0179047342389822 -0.6705474257469177 0.0007433387800119817
v -0.09083428978919983 -0.7323081493377686 0.05254807695746422
v -0.09155409783124924 -0.71098393201828 0.062274299561977386
v -0.11857806891202927 -0.7097139954566956 0.049360763281583786
v -0.11753693968057632 -0.7314375638961792 0.04476791247725487
v -0.09108801931142807 -0.7511759400367737 0.041512034833431244
v -0.06999429315328598 -0.7499385476112366 0.031569719314575195
v -0.09079264104366302 -0.7260737419128418 -0.07370275259017944
v -0.10868185758590698 -0.7259050011634827 -0.07261014729738235
v -0.12500961124897003 -0.7276917099952698 -0.06565564125776291
v -0.1484537571668625 -0.7361114025115967 -0.03164166957139969
v -0.14307203888893127 -0.7442519068717957 -0.004057230893522501
v -0.13016919791698456 -0.7506409287452698 0.021791839972138405
v -0.11345905065536499 -0.7508867383003235 0.038343776017427444
v -0.038830701261758804 -0.7654513716697693 -0.042065735906362534
v -0.0346943661570549 -0.7400078773498535 -0.03667621314525604
v -0.033054184168577194 -0.7446811199188232 -0.019462523981928825
v -0.03906415030360222 -0.7691079378128052 -0.02413298562169075
v -0.05947127938270569 -0.7583833932876587 -0.06972898542881012
v -0.07552845776081085 -0.754696786403656 -0.08070741593837738
v -0.07350748032331467 -0.7284238338470459 -0.06798458099365234
v -0.05867151916027069 -0.7316412925720215 -0.05800339952111244
v -0.09521584957838058 -0.7529470920562744 -0.08502897620201111
v -0.11438745260238647 -0.7526453733444214 -0.08186526596546173
v -0.13256123661994934 -0.7529856562614441 -0.0737328976392746
v -0.15253666043281555 -0.7616782784461975 -0.033151403069496155
v -0.1403474658727646 -0.7306036353111267 -0.05213835462927818
v -0.14768105745315552 -0.7556392550468445 -0.0577065646648407
v -0.14521820843219757 -0.7695513963699341 -0.001461072824895382
v -0.12433948367834091 -0.8032270669937134 0.0182403065264225
v -0.12259472906589508 -0.7763758301734924 0.022003771737217903
v -0.14880943298339844 -0.7966500520706177 -0.0018888218328356743
v -0.09823226183652878 -0.8908029198646545 0.0050453245639801025
v -0.12630434334278107 -0.8902055621147156 0.005989362485706806
v -0.12265615165233612 -0.9218685030937195 -0.0009008971974253654
v -0.09788418561220169 -0.9224639534950256 -0.0013909423723816872
v -0.04030560329556465 -0.7956701517105103 -0.0290718711912632
v -0.03765912726521492 -0.7928469777107239 -0.04989595711231232
v -0.057304732501506805 -0.7864868640899658 -0.08256778866052628
v -0.07680368423461914 -0.7831671833992004 -0.09288734197616577
v -0.1625283658504486 -0.817426860332489 -0.038589078933000565
v -0.1586059033870697 -0.7889392971992493 -0.03411995619535446
v -0.1548270285129547 -0.783086895942688 -0.06151691824197769
v -0.15844620764255524 -0.8122497797012329 -0.06647133827209473
v -0.03582525998353958 -0.8860832452774048 -0.0425589457154274
v -0.03417706489562988 -0.8843486309051514 -0.06417116522789001
v -0.03204013407230377 -0.8526976704597473 -0.06181039661169052
v -0.03368310630321503 -0.8548918962478638 -0.03852670267224312
v -0.07519285380840302 -0.8125283718109131 -0.10127806663513184
v -0.05506579950451851 -0.8161709308624268 -0.09049804508686066
v -0.05437494441866875 -0.8471412062644958 -0.09608939290046692
v -0.07465839385986328 -0.843620777130127 -0.10634590685367584
v -0.1590738743543625 -0.8811489343643188 -0.044193387031555176
v -0.1628771275281906 -0.8483051657676697 -0.04188957065343857
v -0.15908390283584595 -0.8437650799751282 -0.06987657397985458
v -0.1562129110097885 -0.8775303959846497 -0.07089869678020477
v -0.1268937736749649 -0.8299723863601685 0.01591319404542446
v -0.1524294763803482 -0.8243853449821472 -0.006087854970246553
v -0.15244871377944946 -0.8540985584259033 -0.010743565857410431
v -0.12876547873020172 -0.8592950105667114 0.01146007515490055
v -0.0971391350030899 -0.8316361308097839 0.014592984691262245
v -0.09844242036342621 -0.8603275418281555 0.010732295922935009
v -0.051552582532167435 -0.9507007598876953 -0.06234222650527954
v -0.04259598255157471 -0.9172089695930481 -0.0636281669139862
v -0.043297719210386276 -0.9192769527435303 -0.04449284449219704
v -0.05218736082315445 -0.9529753923416138 -0.04560504108667374
v -0.0772547647356987 -0.8767889142036438 -0.10663732141256332
v -0.05635004863142967 -0.8796117901802063 -0.09689705073833466
v -0.06272745132446289 -0.9131883382797241 -0.09266495704650879
v -0.08055893331766129 -0.9112910032272339 -0.10155192017555237
v -0.1462722271680832 -0.9518491625785828 -0.04642495885491371
v -0.1530947983264923 -0.9158344268798828 -0.04569549113512039
v -0.1501784473657608 -0.9131912589073181 -0.0699981302022934
v -0.1427447646856308 -0.9492669701576233 -0.06850571930408478
v -0.11910559237003326 -0.9558036923408508 -0.007319876458495855
v -0.14468520879745483 -0.919249951839447 -0.018019864335656166
v -0.13936550915241241 -0.9544116854667664 -0.022423643618822098
v -0.11433222889900208 -0.9890076518058777 -0.01064112689346075
v -0.09568558633327484 -0.9890699982643127 -0.010109230875968933
v -0.0967811644077301 -0.9559439420700073 -0.0070584318600595
v -0.060418352484703064 -0.9845457673072815 -0.046548597514629364
v -0.05710913613438606 -0.9831652045249939 -0.061211712658405304
v -0.06911269575357437 -0.9805930256843567 -0.0836097002029419
v -0.08261168003082275 -0.9788134694099426 -0.09142478555440903
v -0.08277308195829391 -0.9457647204399109 -0.09562652558088303
v -0.06769359856843948 -0.9474901556968689 -0.08768436312675476
v -0.11937279999256134 -0.9464144110679626 -0.09433317929506302
v -0.10120117664337158 -0.9453037977218628 -0.09832842648029327
v -0.09959260374307632 -0.9783678650856018 -0.09339911490678787
v -0.11572615802288055 -0.9796106219291687 -0.08882918953895569
v -0.13423816859722137 -0.982170581817627 -0.06592943519353867
v -0.13341586291790009 -0.9474119544029236 -0.08442741632461548
v -0.1267372965812683 -0.9807220697402954 -0.07975777238607407
v -0.13811993598937988 -0.9844725728034973 -0.04585780203342438
v -0.13246136903762817 -0.9877070784568787 -0.023048344999551773
v -0.0014409844297915697 -0.43512165546417236 -0.025521140545606613
v 0.0012400490231812 -0.4474925696849823 0.008255304768681526
v 0.00017246033530682325 -0.45501917600631714 -0.007387958467006683
v -0.007275196257978678 -0.4410053789615631 -0.04120805114507675
v -0.03159135952591896 -0.573375403881073 0.062314946204423904
v -0.03265262767672539 -0.5461464524269104 0.0716322660446167
v -0.028485270217061043 -0.6265180110931396 0.044792503118515015
v -0.030786845833063126 -0.6004803776741028 0.0539250448346138
v -0.028152653947472572 -0.6520118117332458 0.033981386572122574
v -0.029250819236040115 -0.6767962574958801 0.022488709539175034
v -0.030971409752964973 -0.7018743753433228 0.011702550575137138
v -0.033939436078071594 -0.7260975241661072 0.0036857733502984047
v -0.04051154851913452 -0.7493141293525696 -0.0011278372257947922
v -0.04732014611363411 -0.7735391855239868 -0.004600584041327238
v -0.050186533480882645 -0.8265407085418701 -0.012846855446696281
v -0.03676933795213699 -0.8244830965995789 -0.03448419272899628
v -0.051586080342531204 -0.7988582253456116 -0.00940784253180027
v -0.04899890720844269 -0.8879827857017517 -0.019537055864930153
v -0.04799468070268631 -0.8563446402549744 -0.015961628407239914
v -0.05425971373915672 -0.921202540397644 -0.024206575006246567
v -0.061250582337379456 -0.9551445841789246 -0.028245657682418823
v -0.06872063130140305 -0.986638069152832 -0.030807336792349815
v -0.07402708381414413 -0.4468033015727997 0.11506783217191696
v -0.04458201676607132 -0.452640175819397 0.10427206009626389
v -0.04824884608387947 -0.4355956017971039 0.10946068167686462
v -0.07697560638189316 -0.4239189028739929 0.11672666668891907
v -0.004044105298817158 -0.43222227692604065 0.04052703455090523
v -0.007120572961866856 -0.4347650408744812 0.05973334610462189
v -0.0061447275802493095 -0.4385112524032593 0.0555608868598938
v -0.0020804088562726974 -0.4355151057243347 0.036466896533966064
v -0.1368110179901123 -0.6815146207809448 0.024523578584194183
v -0.11770664900541306 -0.6281844973564148 -0.06397559493780136
v -0.09738139063119888 -0.6260502934455872 -0.07051876187324524
v -0.0759807899594307 -0.6256468296051025 -0.06920240074396133
v -0.04265722632408142 -0.682424008846283 0.04645083472132683
v -0.043947428464889526 -0.6584551334381104 0.05673051252961159
v -0.06689133495092392 -0.6627771258354187 0.07094119489192963
v -0.06526351720094681 -0.6853674054145813 0.062175679951906204
v -0.0949375107884407 -0.806647539138794 0.018297776579856873
v -0.07202062010765076 -0.8294886946678162 0.0022262975107878447
v -0.07053417712450027 -0.8033495545387268 0.007108156569302082
v -0.09408428519964218 -0.7848941683769226 0.024279970675706863
v -0.1208261176943779 -0.7794173359870911 -0.09249810129404068
v -0.14059415459632874 -0.7797675728797913 -0.0816216692328453
v -0.09982997924089432 -0.8098614811897278 -0.10481051355600357
v -0.12411513179540634 -0.8082854151725769 -0.10137912631034851
v -0.0986219197511673 -0.780730128288269 -0.09478422999382019
v -0.050927579402923584 -0.6089332103729248 0.07402044534683228
v -0.07852298766374588 -0.61406010389328 0.08406661450862885
v -0.07250814139842987 -0.6389489769935608 0.07664273679256439
v -0.04692250117659569 -0.6339548826217651 0.06492932140827179
v -0.12970122694969177 -0.08698634058237076 -0.0469234436750412
v -0.114845871925354 -0.0832599326968193 -0.06329154968261719
v -0.13750465214252472 0.05612500011920929 0.09011106938123703
v -0.14311915636062622 0.04074929282069206 0.07516126334667206
v -0.13118256628513336 0.031913816928863525 0.08524654805660248
v -0.1272405982017517 0.04823225736618042 0.09629310667514801
v -0.1519775688648224 0.054513365030288696 0.0686299130320549
v -0.14591100811958313 0.068052276968956 0.08456879109144211
v -0.1524585336446762 0.08332985639572144 0.07805051654577255
v -0.15833763778209686 0.07100078463554382 0.06300165504217148
v -0.18273282051086426 0.1335241049528122 0.03408825770020485
v -0.19166862964630127 0.141000434756279 0.02753807045519352
v -0.05253316089510918 -0.010119013488292694 0.13424916565418243
v -0.027708478271961212 -0.011457922868430614 0.139200359582901
v -0.026625674217939377 0.01311699952930212 0.13253678381443024
v -0.07140457630157471 -0.22525788843631744 0.1426807940006256
v -0.07445749640464783 -0.3174605369567871 0.11547501385211945
v -0.04491636902093887 -0.35292941331863403 0.1273082047700882
v -0.0514763668179512 -0.32238632440567017 0.1251365691423416
v -0.00952176097780466 -0.41971826553344727 0.11225228756666183
v -0.06366097182035446 -0.018288657069206238 -0.10045773535966873
v -0.06699647754430771 0.01107196044176817 -0.10226713865995407
v -0.03765478730201721 0.2016391009092331 -0.09889785200357437
v -0.01883983425796032 0.19694288074970245 -0.09469126164913177
v -0.03509661182761192 0.2309364229440689 -0.09238045662641525
v -0.033740028738975525 0.2441580593585968 -0.08900755643844604
v -0.01638432964682579 0.23910605907440186 -0.08686548471450806
v -0.01738479547202587 0.2256801873445511 -0.08951282501220703
v -0.017698466777801514 0.3044907748699188 -0.0654079020023346
v -0.01784549281001091 0.2924090027809143 -0.07211368530988693
v -0.0005619085859507322 -0.42993292212486267 0.017132693901658058
v -0.0007451347191818058 -0.4387900233268738 0.030945507809519768
v 4.2354920879006386e-05 -0.4305211901664734 0.006237589754164219
v -0.017166802659630775 -0.4732174575328827 0.07980187982320786
v -0.0029212641529738903 -0.4716712236404419 0.05585299804806709
v -0.006315058097243309 -0.45920291543006897 0.06495100259780884
v -0.021444493904709816 -0.457716703414917 0.08739253133535385
v -0.1867327094078064 -0.41693371534347534 0.04243921488523483
v -0.19483713805675507 -0.4059710204601288 0.0006701070815324783
v -0.08887289464473724 -0.4445643424987793 -0.10080762207508087
v -0.35782182216644287 0.17432953417301178 -0.05062209442257881
v -0.3593614995479584 0.18432702124118805 -0.06063525006175041
v -0.33680200576782227 0.17783620953559875 -0.06230548769235611
v -0.33492982387542725 0.16804763674736023 -0.05110618844628334
v -0.07092930376529694 0.09733669459819794 -0.1089487373828888
v -0.07986461371183395 0.06935171037912369 -0.10491711646318436
v -0.08543854206800461 0.28718647360801697 0.007844263687729836
v -0.15163737535476685 0.28183862566947937 -0.002099130768328905
v -0.153297558426857 0.2732418179512024 0.024642596021294594
v -0.1415146142244339 0.27314186096191406 0.021144701167941093
v -0.13904666900634766 0.28275248408317566 -0.005208287388086319
v -0.1512403041124344 0.24040649831295013 -0.07986161857843399
v -0.15047258138656616 0.25498849153518677 -0.0683259442448616
v -0.13735216856002808 0.25501102209091187 -0.07449338585138321
v -0.13716939091682434 0.23883499205112457 -0.08628581464290619
v -0.02991516888141632 -0.3134145140647888 -0.1297353059053421
v -0.05924674868583679 -0.31174394488334656 -0.13084840774536133
v -0.04004890099167824 -0.10115344822406769 -0.08982523530721664
v -0.061729446053504944 -0.10321960598230362 -0.08919841051101685
v -0.05984584987163544 -0.07610324025154114 -0.09329455345869064
v -0.03839925676584244 -0.07276629656553268 -0.0940171405673027
v -0.1053687259554863 0.08609294891357422 -0.1018926352262497
v -0.12150327116250992 0.07088343799114227 -0.09197372943162918
v -0.030716724693775177 0.09880201518535614 0.12345347553491592
v -0.029585475102066994 0.1205155998468399 0.1183735653758049
v -0.04650940001010895 0.12547041475772858 0.11981695890426636
v -0.04663500562310219 0.10593222081661224 0.12512195110321045
v -0.30629855394363403 0.1998993158340454 -0.07493360340595245
v -0.28669822216033936 0.18534663319587708 -0.07330698519945145
v -0.29138892889022827 0.17556658387184143 -0.06853140145540237
v -0.3132559061050415 0.1843966692686081 -0.07064635306596756
v -0.1838529258966446 -0.39762893319129944 -0.047976233065128326
v -0.157966747879982 -0.4172043204307556 -0.08258870244026184
v -0.14895924925804138 -0.045183002948760986 -0.029696734622120857
v -0.13664720952510834 -0.040327154099941254 -0.051683347672224045
v -0.1319154053926468 -0.06418104469776154 -0.04981552064418793
v -0.1447584629058838 -0.06863661855459213 -0.028952937573194504
v -0.16388686001300812 0.017673293128609657 -0.02498628944158554
v -0.15842986106872559 -0.0017623144667595625 -0.027018975466489792
v -0.16941562294960022 0.037075016647577286 -0.023337624967098236
v -0.21320374310016632 0.13483765721321106 -0.04788339510560036
v -0.2145841121673584 0.13100077211856842 -0.03788750246167183
v -0.22597326338291168 0.141774982213974 -0.04131333529949188
v -0.04037189111113548 -0.47271716594696045 0.09806828200817108
v -0.051066216081380844 -0.401203453540802 0.11400208622217178
v -0.044434040784835815 -0.38610631227493286 0.11811329424381256
v -0.002052697353065014 -0.42630815505981445 0.022774245589971542
v -0.06420502066612244 0.31094223260879517 0.0116549888625741
v -0.05799245834350586 0.30771246552467346 0.02858816646039486
v -0.25624412298202515 0.15415790677070618 -0.02430843748152256
v -0.27272123098373413 0.1559181809425354 -0.02915976569056511
v -0.19585169851779938 0.11172715574502945 -0.01674911193549633
v -0.19235427677631378 0.1158551275730133 0.000391131266951561
v -0.20180903375148773 0.12280946224927902 -0.00399463064968586
v -0.2050464153289795 0.11872321367263794 -0.020723899826407433
v -0.20520354807376862 0.11825801432132721 -0.0350719690322876
v -0.19632552564144135 0.11093559116125107 -0.03249040246009827
v -0.1522541046142578 0.19085825979709625 0.07454056292772293
v -0.13841509819030762 0.19444027543067932 0.07674308866262436
v -0.14090417325496674 0.21156911551952362 0.06785167753696442
v -0.15454481542110443 0.20882627367973328 0.0666043609380722
v -0.12414204329252243 0.19585351645946503 0.07880900055170059
v -0.1082623302936554 0.19644737243652344 0.08108671009540558
v -0.1107337474822998 0.21437469124794006 0.07029419392347336
v -0.12636609375476837 0.21380475163459778 0.06886765360832214
v -0.0817847028374672 0.2693963348865509 0.03263403847813606
v -0.06368499249219894 0.2632153630256653 0.048697154968976974
v -0.04327373951673508 0.2576371729373932 0.05799737945199013
v -0.025197483599185944 0.254454642534256 0.0637892410159111
v -0.017243744805455208 0.2789294123649597 -0.07738283276557922
v -0.01650715246796608 0.26496562361717224 -0.08118457347154617
v -0.03478621691465378 0.2679067850112915 -0.08196108043193817
v -0.03915073350071907 0.28203099966049194 -0.07622603327035904
v -0.04911800101399422 0.29321977496147156 0.03922576084733009
v -0.03332100808620453 0.2892874777317047 0.051050782203674316
v -0.020566439256072044 0.2748015224933624 0.057381004095077515
v -0.3481328785419464 0.254910945892334 -0.000505900417920202
v -0.3252389132976532 0.25430771708488464 -0.0004277671396266669
v -0.06556098163127899 0.3200784921646118 -0.024055900052189827
v -0.06740597635507584 0.3159528076648712 -0.005819419864565134
v -0.3263356685638428 0.26064157485961914 -0.01877930946648121
v -0.3491128981113434 0.26097866892814636 -0.01851784810423851
v -0.1308426707983017 0.25310346484184265 0.039749156683683395
v -0.12983979284763336 0.27217456698417664 0.01906500943005085
v -0.14344985783100128 0.25474995374679565 0.04144807904958725
v -0.046141114085912704 0.3042600452899933 0.042914558202028275
v -0.03154540807008743 0.3006080389022827 0.05418422445654869
v -0.1925702691078186 -0.36983489990234375 0.008502870798110962
v -0.18460077047348022 -0.3809373378753662 0.045330774039030075
v -0.15301841497421265 -0.10245703160762787 0.0446089431643486
v -0.15558968484401703 -0.09861668944358826 0.020108584314584732
v -0.029272761195898056 -0.06283782422542572 0.14983901381492615
v -0.029682351276278496 -0.08958880603313446 0.15320909023284912
v -0.004265227355062962 0.3084690570831299 0.06674137711524963
v -0.055808521807193756 -0.14316187798976898 0.1538388431072235
v -0.032679323107004166 -0.1485092043876648 0.15901152789592743
v -0.030934125185012817 -0.1179574579000473 0.1559942066669464
v -0.05350683629512787 -0.1148865669965744 0.14974717795848846
v -0.024084679782390594 -0.1791846603155136 0.16064278781414032
v -0.02156790718436241 -0.19408559799194336 0.16036240756511688
v -0.02369643934071064 -0.37491270899772644 0.1348872035741806
v -0.013470853678882122 -0.3754118084907532 0.13973268866539001
v -0.2656481862068176 0.22808192670345306 0.031184034422039986
v -0.24970890581607819 0.2297080159187317 0.034998029470443726
v -0.2477770298719406 0.25002291798591614 0.027680624276399612
v -0.26437893509864807 0.2473575472831726 0.022723086178302765
v -0.07567610591650009 -0.13988810777664185 0.14291983842849731
v -0.09471993893384933 -0.13800647854804993 0.12620998919010162
v -0.1740984469652176 0.13412773609161377 0.054232437163591385
v -0.17505957186222076 0.12479211390018463 0.03837577998638153
v -0.024127453565597534 0.03904014453291893 0.1266479641199112
v -0.06233837455511093 0.11210992932319641 0.1253821700811386
v -0.06307376176118851 0.12896059453487396 0.11962828040122986
v -0.07893846184015274 0.1311226636171341 0.11776918172836304
v -0.07739683240652084 0.11562646925449371 0.12380552291870117
v -0.0013085044920444489 -0.4284222424030304 0.016192561015486717
v -0.24842119216918945 0.23719459772109985 -0.06853903084993362
v -0.23658114671707153 0.2334265112876892 -0.07123487442731857
v -0.23930855095386505 0.22284908592700958 -0.0740499421954155
v -0.2512946128845215 0.22820201516151428 -0.0715344250202179
v 0.00243959529325366 -0.4664340019226074 0.025986379012465477
v 0.0022252853959798813 -0.4810118079185486 0.013247702270746231
v -0.014714406803250313 -0.4264311194419861 -0.07151903957128525
v -0.002971478272229433 -0.4228922128677368 -0.05185472220182419
v -0.062462493777275085 -0.5269119739532471 0.09820494055747986
v -0.0669059082865715 -0.4986465573310852 0.10545650124549866
v -0.058474816381931305 -0.5558222532272339 0.09024184942245483
v -0.05468107759952545 -0.5828621983528137 0.08221389353275299
v -0.055217355489730835 -0.7508078813552856 0.014925213530659676
v -0.06652767211198807 -0.7765383720397949 0.014432947151362896
v -0.07246123999357224 -0.8587837219238281 -0.0017057117074728012
v -0.07347553968429565 -0.88932865858078 -0.006682479754090309
v -0.07549484074115753 -0.9218627214431763 -0.011514808982610703
v -0.07791337370872498 -0.956025242805481 -0.016988135874271393
v -0.0801604688167572 -0.9883590340614319 -0.018065251410007477
v -0.3506360650062561 0.2599526345729828 -0.03650544956326485
v -0.3268929719924927 0.2600595951080322 -0.038659725338220596
v -0.329862505197525 0.2511858642101288 -0.05314810946583748
v -0.35329750180244446 0.2526063919067383 -0.05097700655460358
v -0.3087332844734192 0.1632344126701355 -0.020736679434776306
v -0.306122362613678 0.1712416559457779 -0.004998981952667236
v -0.3274986147880554 0.17259223759174347 -0.006542995106428862
v -0.32951900362968445 0.166090190410614 -0.022458167746663094
v -0.35193875432014465 0.1687740981578827 -0.023612575605511665
v -0.3548908233642578 0.1689290553331375 -0.038105402141809464
v -0.3320169150829315 0.1640615165233612 -0.03757620230317116
v -0.35913363099098206 0.1977866291999817 -0.0676165297627449
v -0.35789501667022705 0.2124832272529602 -0.0708356574177742
v -0.3339313864707947 0.2072148323059082 -0.0724944993853569
v -0.33673614263534546 0.1916673481464386 -0.06951366364955902
v -0.355317622423172 0.24128180742263794 -0.062047895044088364
v -0.3325640559196472 0.23871704936027527 -0.06289411336183548
v -0.3337690830230713 0.2240307331085205 -0.06979288160800934
v -0.3569799065589905 0.22728519141674042 -0.0690080001950264
v -0.3479006588459015 0.19450198113918304 0.018501771613955498
v -0.34847742319107056 0.18240495026111603 0.006600538268685341
v -0.3254322111606598 0.1820099949836731 0.008267516270279884
v -0.3247308135032654 0.1941196620464325 0.02028040587902069
v -0.2467844933271408 0.2669409513473511 0.011137066408991814
v -0.26389771699905396 0.26273462176322937 0.0073080044239759445
v -0.2030918449163437 0.1663370430469513 0.03646966814994812
v -0.20618383586406708 0.18349722027778625 0.047700464725494385
v -0.21856054663658142 0.18668965995311737 0.04166509211063385
v -0.21572250127792358 0.17212839424610138 0.02985863946378231
v -0.3020613193511963 0.24212053418159485 0.016602961346507072
v -0.28225037455558777 0.24400043487548828 0.01934116519987583
v -0.2823846638202667 0.2581336498260498 0.0037331669591367245
v -0.30292314291000366 0.2550770342350006 0.0007411171682178974
v -0.3024817705154419 0.19308976829051971 0.022734513506293297
v -0.30378881096839905 0.1814294010400772 0.010256242007017136
v -0.2827811539173126 0.18003390729427338 0.01294315792620182
v -0.28180357813835144 0.19152267277240753 0.026161959394812584
v -0.3140745759010315 0.17104506492614746 -0.06196839362382889
v -0.29220348596572876 0.16412895917892456 -0.0588788203895092
v -0.25055816769599915 0.20796509087085724 0.037431616336107254
v -0.26640287041664124 0.207182377576828 0.034127216786146164
v -0.16767637431621552 0.12379930913448334 0.05836426839232445
v -0.18049295246601105 0.10054436326026917 0.008039803244173527
v -0.18543563783168793 0.1089726909995079 0.004372816998511553
v -0.12625032663345337 0.06498457491397858 0.10546722263097763
v -0.12721975147724152 0.08105532079935074 0.10933711379766464
v -0.16485650837421417 0.061973318457603455 0.04342067986726761
v -0.16862258315086365 0.0802776962518692 0.03717859461903572
v -0.13424645364284515 0.07110725343227386 0.10019420832395554
v -0.1324557065963745 0.08166752010583878 0.10451887547969818
v -0.0937887653708458 -0.01270253024995327 0.11353299021720886
v -0.02190452441573143 0.2642155587673187 0.05852417275309563
v -0.2827024459838867 0.22637242078781128 0.028247516602277756
v -0.28180426359176636 0.20747964084148407 0.031072314828634262
v -0.26942455768585205 0.17600025236606598 -0.06982369720935822
v -0.25357744097709656 0.16916033625602722 -0.06557212769985199
v -0.25476619601249695 0.16054637730121613 -0.05884678661823273
v -0.27151432633399963 0.16711220145225525 -0.06376482546329498
v -0.1414792537689209 0.11336985230445862 -0.09146761894226074
v -0.12476935237646103 0.10033119469881058 -0.09672819077968597
v -0.13741284608840942 0.08791449666023254 -0.08620931208133698
v -0.1513482630252838 0.10221479088068008 -0.08151175081729889
v -0.24899771809577942 0.2540641129016876 -0.05799439176917076
v -0.252826452255249 0.26261740922927856 -0.048193033784627914
v -0.2375948131084442 0.2642483711242676 -0.048665307462215424
v -0.23578092455863953 0.25392818450927734 -0.059474773705005646
v -0.2406565248966217 0.2727833390235901 -0.032899416983127594
v -0.2577318251132965 0.2694609761238098 -0.033309996128082275
v -0.26213547587394714 0.27032148838043213 -0.013696226291358471
v -0.24449385702610016 0.27485987544059753 -0.011559344828128815
v -0.1782042235136032 -0.3290647566318512 -0.042011916637420654
v -0.18671749532222748 -0.331344336271286 -0.012863117270171642
v -0.14600414037704468 -0.2014952301979065 0.07552409917116165
v -0.12966889142990112 -0.20872968435287476 0.09431666880846024
v -0.10247619450092316 -0.30582955479621887 0.10399217158555984
v -0.027377963066101074 -0.4343315362930298 0.09770315140485764
v -0.011310162954032421 -0.4429529905319214 0.0734955370426178
v 0.0001966431736946106 -0.5028349161148071 0.0021230224519968033
v -0.1902168244123459 -0.33600810170173645 0.01593838632106781
v -0.003438083454966545 -0.5297375321388245 -0.007419950794428587
v -0.009331654757261276 -0.5574895143508911 -0.015734413638710976
v -0.06356509774923325 -0.5514376163482666 -0.07584850490093231
v -0.09236573427915573 -0.5519551038742065 -0.07909034192562103
v -0.09025058895349503 -0.5245910882949829 -0.07978412508964539
v -0.05856495723128319 -0.5223593711853027 -0.07616539299488068
v -0.12059320509433746 -0.5540525913238525 -0.07224753499031067
v -0.12076448649168015 -0.5272451639175415 -0.0734647735953331
v -0.10350245237350464 -0.6407738924026489 0.07368187606334686
v -0.09955809265375137 -0.841353714466095 -0.1098010241985321
v -0.12346187978982925 -0.8745492696762085 -0.10466828942298889
v -0.12441593408584595 -0.840031087398529 -0.10603988170623779
v -0.10043305903673172 -0.875171422958374 -0.10935825109481812
v -0.14519071578979492 -0.8408545851707458 -0.09157689660787582
v -0.14459708333015442 -0.8090173602104187 -0.08793320506811142
v -0.14947371184825897 -0.8857772946357727 -0.01378045417368412
v -0.10151992738246918 -0.9102425575256348 -0.10457362234592438
v -0.12204468250274658 -0.9102630615234375 -0.10013134032487869
v -0.1432943046092987 -0.875116229057312 -0.09154747426509857
v -0.13890209794044495 -0.9111596345901489 -0.08845379203557968
v 3.0933235393604264e-05 -0.45656901597976685 0.03807875141501427
v -0.1680946946144104 -0.42705705761909485 0.07964363694190979
v -0.16624091565608978 -0.39573562145233154 0.08218491077423096
v -0.10795320570468903 -0.385447233915329 0.11213327199220657
v -0.07809460163116455 -0.40046989917755127 0.11575391888618469
v -0.11228081583976746 -0.11158151179552078 0.10365238040685654
v -0.13048531115055084 -0.10973899066448212 0.08666271716356277
v -0.12876416742801666 -0.059319254010915756 0.08386114984750748
v -0.14272767305374146 -0.057218730449676514 0.06504036486148834
v -0.1435571312904358 -0.08187268674373627 0.06561516970396042
v -0.12984509766101837 -0.08502473682165146 0.08512477576732635
v -0.15653924643993378 -0.05214348062872887 0.0191511120647192
v -0.15590766072273254 -0.04898221045732498 -0.005809431429952383
v -0.15283352136611938 -0.0722690224647522 -0.005467105656862259
v -0.15517258644104004 -0.07558739185333252 0.019192513078451157
v -0.15252795815467834 -0.09460782259702682 -0.004618772771209478
v -0.14336606860160828 -0.09086383879184723 -0.027361758053302765
v -0.08207127451896667 -0.051448531448841095 -0.09144176542758942
v -0.10073791444301605 -0.05514366924762726 -0.08064035326242447
v -0.10424908995628357 -0.028615090996026993 -0.08341224491596222
v -0.08520366996526718 -0.023317500948905945 -0.09373847395181656
v -0.03359312191605568 -0.3772551715373993 0.1266563981771469
v -0.003666347824037075 -0.44369691610336304 0.05183026194572449
v -0.07073558866977692 -0.47171980142593384 0.11142852157354355
v -0.10709042847156525 -0.4425543248653412 0.1185186430811882
v -0.14104624092578888 -0.43786463141441345 0.10741406679153442
v -0.25389364361763 0.15924319624900818 -0.01010863110423088
v -0.17239652574062347 0.14005215466022491 -0.07770787924528122
v -0.1765819787979126 0.12801866233348846 -0.07182762026786804
v -0.276218980550766 0.26487067341804504 -0.035503968596458435
v -0.2808537185192108 0.2657549977302551 -0.01618240587413311
v -0.26396414637565613 0.18996597826480865 0.03004801645874977
v -0.23401403427124023 0.25254499912261963 0.03163320943713188
v -0.23559866845607758 0.2305871695280075 0.03965645655989647
v -0.22198334336280823 0.23295378684997559 0.04426025226712227
v -0.13208943605422974 -0.3170933127403259 0.09099653363227844
v -0.1610984206199646 -0.3305589556694031 0.07681667804718018
v -0.1353505402803421 -0.3428754210472107 0.09467476606369019
v -0.0009331118781119585 -0.423001766204834 -0.031048785895109177
v -0.05109461769461632 -0.41808363795280457 0.11209836602210999
v -0.014773412607610226 -0.5842466950416565 -0.02221902646124363
v -0.01921396702528 -0.6096878051757812 -0.028228819370269775
v -0.022231021896004677 -0.6342092156410217 -0.03464774414896965
v -0.02477562054991722 -0.6587759256362915 -0.04054420441389084
v -0.02867984026670456 -0.6839109063148499 -0.04572435840964317
v -0.036432746797800064 -0.7093852758407593 -0.04902031645178795
v -0.044680386781692505 -0.735174298286438 -0.05003970116376877
v -0.047415491193532944 -0.7618544101715088 -0.056894417852163315
v -0.03404730558395386 -0.822117269039154 -0.056581541895866394
v -0.041444920003414154 -0.8193670511245728 -0.07550764828920364
v -0.04423172026872635 -0.7895535826683044 -0.06777150928974152
v -0.03997332230210304 -0.850500762462616 -0.08103520423173904
v -0.04165910184383392 -0.8821985125541687 -0.08232662826776505
v -0.05016540363430977 -0.915184736251831 -0.07973815500736237
v -0.05762477219104767 -0.9487969875335693 -0.0762588158249855
v -0.06132785230875015 -0.9817221760749817 -0.07352913916110992
v -0.0012048400240018964 -0.4215100109577179 -0.0006375573575496674
v -0.0010878409957513213 -0.4219492971897125 -0.014352221041917801
v -0.11651220172643661 0.25170430541038513 0.0384959913790226
v -0.18683621287345886 0.1237783133983612 0.017483821138739586
v -0.19582314789295197 0.1304742842912674 0.011919253505766392
v -0.2484305500984192 0.18912135064601898 0.0338614396750927
v -0.31097733974456787 0.23551170527935028 -0.06577973067760468
v -0.3070581257343292 0.24855422973632812 -0.05706646665930748
v -0.2636040151119232 0.17867329716682434 0.016463931649923325
v -0.20305685698986053 0.15251241624355316 0.022909143939614296
v -0.2155803143978119 0.16157041490077972 0.01797426864504814
v -0.5394664406776428 0.26061439514160156 -0.01886492595076561
v -0.5375511050224304 0.2646210491657257 -0.033929843455553055
v -0.5569767951965332 0.26061177253723145 -0.032221294939517975
v -0.5582246780395508 0.25557026267051697 -0.01836831495165825
v -0.540256917476654 0.2502139210700989 -0.007572363130748272
v -0.55852210521698 0.2450893372297287 -0.008727554231882095
v -0.536690354347229 0.18101710081100464 -0.025900520384311676
v -0.5363689064979553 0.19138562679290771 -0.013029472902417183
v -0.55500328540802 0.19107523560523987 -0.017887180671095848
v -0.5553171634674072 0.18205861747264862 -0.03114522621035576
v -0.5757395029067993 0.22777986526489258 -0.005699858069419861
v -0.5743948817253113 0.21431668102741241 -0.006957888603210449
v -0.5564269423484802 0.21702469885349274 -0.0036073336377739906
v -0.5579155683517456 0.23186476528644562 -0.0037403986789286137
v -0.5357305407524109 0.18290379643440247 -0.06059687212109566
v -0.5340315103530884 0.19441018998622894 -0.07246656715869904
v -0.515533983707428 0.19079157710075378 -0.06972252577543259
v -0.5176511406898499 0.1800568550825119 -0.05620523542165756
v -0.45886746048927307 0.18882203102111816 -0.0022924691438674927
v -0.4613557755947113 0.17759227752685547 -0.014359818771481514
v -0.44505637884140015 0.17936201393604279 -0.007885793223977089
v -0.4427224099636078 0.19139054417610168 0.002745063276961446
v -0.5003321170806885 0.26990312337875366 -0.019301529973745346
v -0.49726980924606323 0.27083852887153625 -0.03599914163351059
v -0.517559826374054 0.2681858539581299 -0.03504529595375061
v -0.5200640559196472 0.2653876543045044 -0.018912719562649727
v -0.5001091957092285 0.22840209305286407 0.004700374323874712
v -0.498346745967865 0.21116767823696136 0.0016485040541738272
v -0.477658748626709 0.21561650931835175 0.004024794790893793
v -0.47910186648368835 0.23319771885871887 0.006362360902130604
v -0.47966352105140686 0.27334699034690857 -0.020625455304980278
v -0.4769032895565033 0.27140679955482483 -0.0370355062186718
v -0.5382678508758545 0.22057697176933289 -0.0003994154103565961
v -0.5366862416267395 0.20494985580444336 -0.004754309542477131
v -0.5178875923156738 0.20772674679756165 -0.0010829996317625046
v -0.5197896957397461 0.22440442442893982 0.0024457445833832026
v -0.5723587870597839 0.1905425488948822 -0.06475204974412918
v -0.5713141560554504 0.2019125074148178 -0.07405320554971695
v -0.5526714324951172 0.1982278823852539 -0.07386548072099686
v -0.5540378093719482 0.1865365356206894 -0.0633011981844902
v -0.5734636783599854 0.20220699906349182 -0.012925407849252224
v -0.5733469724655151 0.19178706407546997 -0.022371500730514526
v -0.5551436543464661 0.20333729684352875 -0.009035187773406506
v -0.5734214782714844 0.25236019492149353 -0.05803988501429558
v -0.5747685432434082 0.25695231556892395 -0.04490308463573456
v -0.5550423860549927 0.25998926162719727 -0.04739959537982941
v -0.5532709956169128 0.25350409746170044 -0.06116357445716858
v -0.4983556270599365 0.18238165974617004 -0.014118168503046036
v -0.4977198839187622 0.19508981704711914 -0.0037670470774173737
v -0.5173745155334473 0.1926133930683136 -0.00820576399564743
v -0.5177598595619202 0.1811930239200592 -0.0202527716755867
v -0.5016804337501526 0.26072052121162415 -0.005097036249935627
v -0.5213460922241211 0.2554447650909424 -0.006409869063645601
v -0.5330779552459717 0.25393593311309814 -0.06338458508253098
v -0.5350757241249084 0.2624514400959015 -0.0496191643178463
v -0.5146373510360718 0.2638046145439148 -0.05086512491106987
v -0.5125241279602051 0.2534496486186981 -0.0644908994436264
v -0.4920005202293396 0.23647911846637726 -0.07426602393388748
v -0.4926098585128784 0.21917419135570526 -0.07578200101852417
v -0.5116751790046692 0.22294312715530396 -0.07725930213928223
v -0.5114361047744751 0.2393953651189804 -0.07413928955793381
v -0.47839099168777466 0.18541552126407623 -0.008174682036042213
v -0.48011514544487 0.17607806622982025 -0.022648673504590988
v -0.4992541968822479 0.17761410772800446 -0.05009473115205765
v -0.49720004200935364 0.18710844218730927 -0.06525521725416183
v -0.47934237122535706 0.18380627036094666 -0.058899346739053726
v -0.48109298944473267 0.17523281276226044 -0.04188461974263191
v -0.4420781433582306 0.25754788517951965 0.0036933524534106255
v -0.44198065996170044 0.270114004611969 -0.008919953368604183
v -0.45982596278190613 0.26904720067977905 -0.006264746654778719
v -0.45937636494636536 0.2555423974990845 0.004869474563747644
v -0.4587436616420746 0.27475008368492126 -0.0229851882904768
v -0.4405527114868164 0.27412155270576477 -0.026410432532429695
v -0.41427797079086304 0.2626306712627411 -0.046094976365566254
v -0.4138115346431732 0.25006935000419617 -0.05458025261759758
v -0.4243118464946747 0.251375287771225 -0.05258050933480263
v -0.42556464672088623 0.2648872435092926 -0.04451993107795715
v -0.4558878540992737 0.22659404575824738 -0.07478630542755127
v -0.4566159248352051 0.20857751369476318 -0.07139650732278824
v -0.47426077723503113 0.21436284482479095 -0.07386912405490875
v -0.47340378165245056 0.23232975602149963 -0.07487458735704422
v -0.4448769688606262 0.1871027648448944 -0.05898967757821083
v -0.4482525587081909 0.17623482644557953 -0.044243913143873215
v -0.4627108871936798 0.17982997000217438 -0.05156644433736801
v -0.45934075117111206 0.19247132539749146 -0.06416676938533783
v -0.3939170241355896 0.17688968777656555 -0.04035669565200806
v -0.3924010694026947 0.17298907041549683 -0.02664748765528202
v -0.40850740671157837 0.1732705980539322 -0.028040476143360138
v -0.40939658880233765 0.17875537276268005 -0.04224168509244919
v -0.4042564332485199 0.18218661844730377 0.0020237292628735304
v -0.3886362314224243 0.18204458057880402 0.0033855587244033813
v -0.38870248198509216 0.19432353973388672 0.01437065377831459
v -0.4039689898490906 0.19471193850040436 0.012431365437805653
v -0.39130699634552 0.2581615746021271 -0.001445071422494948
v -0.39052706956863403 0.2659188508987427 -0.01891740970313549
v -0.4033472239971161 0.2684038579463959 -0.01706962287425995
v -0.40450987219810486 0.25951823592185974 -0.0007289628265425563
v -0.4416772723197937 0.22101528942584991 -0.07433272898197174
v -0.44017526507377625 0.20248731970787048 -0.06911301612854004
v -0.41771432757377625 0.18152384459972382 -7.936653855722398e-05
v -0.41688835620880127 0.19390663504600525 0.009834607131779194
v -0.42901611328125 0.1930031031370163 0.006326064467430115
v -0.4307088851928711 0.1804955005645752 -0.0033608346711844206
v -0.41515660285949707 0.22607065737247467 0.011336623691022396
v -0.41610559821128845 0.24309393763542175 0.008347067050635815
v -0.42788583040237427 0.2418082356452942 0.008324855007231236
v -0.4276279807090759 0.22435420751571655 0.008881981484591961
v -0.41570889949798584 0.25903406739234924 0.0006227175472304225
v -0.41498178243637085 0.26957133412361145 -0.014946188777685165
v -0.42731744050979614 0.2697327435016632 -0.01175609603524208
v -0.4280146360397339 0.25834769010543823 0.002268079435452819
v -0.43227773904800415 0.21872708201408386 -0.07289748638868332
v -0.43074482679367065 0.23172998428344727 -0.0689745768904686
v -0.4230017066001892 0.2277926206588745 -0.06851688772439957
v -0.4245278537273407 0.2152240127325058 -0.07121539115905762
v -0.43319740891456604 0.1827947199344635 -0.05205296352505684
v -0.4352284371852875 0.17431966960430145 -0.03694264963269234
v -0.44142237305641174 0.22228598594665527 0.0070367297157645226
v -0.4419032037258148 0.2061675637960434 0.007192893885076046
v -0.42846837639808655 0.2078341543674469 0.010906278155744076
v -0.4265100657939911 0.2723724842071533 -0.029546746984124184
v -0.39544209837913513 0.1844407021999359 -0.05125438794493675
v -0.3955456018447876 0.19350914657115936 -0.060795873403549194
v -0.38049086928367615 0.1899363249540329 -0.059880759567022324
v -0.3800523281097412 0.18030689656734467 -0.05075298994779587
v -0.3781717121601105 0.17388202250003815 -0.03943174332380295
v -0.37578025460243225 0.1716081202030182 -0.02529752254486084
v -0.37138041853904724 0.18236008286476135 0.0050602261908352375
v -0.37092941999435425 0.19480042159557343 0.01643514446914196
v -0.370868444442749 0.21019628643989563 0.02220112271606922
v -0.3706444501876831 0.2268962264060974 0.021476471796631813
v -0.38932234048843384 0.22689354419708252 0.018498601391911507
v -0.38937291502952576 0.21000072360038757 0.019846884533762932
v -0.370887815952301 0.255795419216156 -0.000791091239079833
v -0.3712599277496338 0.26248177886009216 -0.018455570563673973
v -0.3906311094760895 0.26449155807495117 -0.03525569662451744
v -0.3729758560657501 0.2614189088344574 -0.03575531020760536
v -0.4200865626335144 0.17337903380393982 -0.014873692765831947
v -0.40647637844085693 0.1743609458208084 -0.012338819913566113
v -0.531347930431366 0.24123066663742065 -0.07369016110897064
v -0.5312253832817078 0.22573713958263397 -0.07777668535709381
v -0.5508913397789001 0.22777558863162994 -0.07689178735017776
v -0.5515151023864746 0.24215467274188995 -0.07157301902770996
v -0.5704359412193298 0.21563471853733063 -0.07694660872220993
v -0.5513668060302734 0.21279241144657135 -0.07789640873670578
v -0.5397993326187134 0.23638838529586792 -0.0011277957819402218
v -0.5212720632553101 0.24078798294067383 0.0009623411460779607
v -0.5764621496200562 0.24066081643104553 -0.009626599960029125
v -0.4418156147003174 0.2397203892469406 0.00775555893778801
v -0.4583117365837097 0.2374987006187439 0.00749815721064806
v -0.41389527916908264 0.2373984009027481 -0.062223199754953384
v -0.4035796821117401 0.24813972413539886 -0.056240957230329514
v -0.40445154905319214 0.23562802374362946 -0.06394809484481812
v -0.4404715895652771 0.23767589032649994 -0.06799198687076569
v -0.4553927183151245 0.24408355355262756 -0.06637778133153915
v -0.4553169310092926 0.25745853781700134 -0.05156679078936577
v -0.43684089183807373 0.25124645233154297 -0.053772080689668655
v -0.41669705510139465 0.2117936611175537 -0.06899862736463547
v -0.4151088297367096 0.22486372292041779 -0.0680340826511383
v -0.4056389033794403 0.2223576307296753 -0.0680970773100853
v -0.4070050120353699 0.2089182436466217 -0.06765461713075638
v -0.3907734155654907 0.24363476037979126 0.011294398456811905
v -0.4045414924621582 0.24372301995754242 0.009399506263434887
v -0.3766385018825531 0.2432151883840561 -0.06042052060365677
v -0.39153286814689636 0.24580544233322144 -0.05787808075547218
v -0.39121735095977783 0.25669050216674805 -0.04785304144024849
v -0.37570902705192566 0.25369489192962646 -0.04977445676922798
v -0.4032594859600067 0.2597452700138092 -0.04690900072455406
v -0.3774007558822632 0.23024973273277283 -0.06738214939832687
v -0.3923272490501404 0.23344241082668304 -0.0655302181839943
v -0.37065815925598145 0.24316973984241486 0.01363555621355772
v -0.3943879306316376 0.20601294934749603 -0.06692326068878174
v -0.3934226632118225 0.21980132162570953 -0.06857512146234512
v -0.37841156125068665 0.21627146005630493 -0.06951908022165298
v -0.37945225834846497 0.20212417840957642 -0.06659860908985138
v -0.5322495102882385 0.2098112851381302 -0.07763555645942688
v -0.51323401927948 0.2063705325126648 -0.07593471556901932
v -0.4479198753833771 0.17243783175945282 -0.024998638778924942
v -0.4634617269039154 0.1730763465166092 -0.0329861156642437
v -0.4336210787296295 0.17275923490524292 -0.018892494961619377
v -0.5368607044219971 0.1775694489479065 -0.043362513184547424
v -0.5551126599311829 0.18048204481601715 -0.04777808114886284
v -0.4994295835494995 0.17517535388469696 -0.03068089857697487
v -0.5182884335517883 0.1759410798549652 -0.03757696971297264
v -0.49287304282188416 0.2519053816795349 -0.06498365104198456
v -0.4203486144542694 0.18905647099018097 -0.05746176093816757
v -0.422102689743042 0.18082162737846375 -0.045792531222105026
v -0.42993611097335815 0.19315490126609802 -0.06309936940670013
v -0.3725146949291229 0.1742146760225296 -0.009430812671780586
v -0.39033204317092896 0.17472688853740692 -0.01116234716027975
v -0.4324667453765869 0.20776037871837616 -0.0716439038515091
v -0.3495369255542755 0.1729167401790619 -0.007659450173377991
v -0.43873146176338196 0.26727136969566345 -0.04268166422843933
v -0.41442978382110596 0.2705276608467102 -0.032153718173503876
v -0.40321868658065796 0.26787450909614563 -0.033844564110040665
v -0.5759754776954651 0.2566499412059784 -0.030293554067611694
v -0.501562237739563 0.24564361572265625 0.003092850325629115
v -0.4573918879032135 0.21995870769023895 0.0056652529165148735
v -0.457694411277771 0.20331759750843048 0.0033768536522984505
v -0.4184611141681671 0.19924914836883545 -0.06575606763362885
v -0.40844660997390747 0.19610372185707092 -0.06294329464435577
v -0.4092442989349365 0.1868520826101303 -0.0535147562623024
v -0.40341317653656006 0.22720587253570557 0.014935698360204697
v -0.4042878746986389 0.2102380245923996 0.017295828089118004
v -0.5732051730155945 0.18418405950069427 -0.0507829487323761
v -0.4164462387561798 0.20931734144687653 0.014131883159279823
v -0.4568403959274292 0.27029508352279663 -0.03910290077328682
v -0.018138565123081207 0.21155206859111786 -0.09221421182155609
v -0.15950623154640198 0.042437270283699036 0.048286937177181244
v -0.1224418580532074 0.008582993410527706 0.08853504806756973
v -0.13676698505878448 0.012229482643306255 0.07395431399345398
v -0.17508694529533386 0.10670080035924911 0.026656996458768845
v -0.17996667325496674 0.11635883897542953 0.022166306152939796
v -0.20762093365192413 0.14060944318771362 0.007478812709450722
v -0.21963495016098022 0.1522243469953537 0.0027802567929029465
v -0.16249459981918335 0.08720965683460236 0.05591660365462303
v -0.0810224637389183 0.4773148000240326 -0.004733308218419552
v -0.07981041073799133 0.4693821966648102 -0.00776151567697525
v -0.08254052698612213 0.49204573035240173 -0.004129876848310232
v -0.022197745740413666 -0.16314271092414856 0.15907257795333862
v -0.07876918464899063 0.4619877338409424 0.007794065400958061
v -0.0766434371471405 0.45338061451911926 0.004918033257126808
v -0.08185737580060959 0.4573427438735962 0.006957642734050751
v -0.07821917533874512 0.4632170796394348 0.009673148393630981
v -0.07835576683282852 0.4644946753978729 0.010101346299052238
v -0.0826091468334198 0.49461206793785095 0.006666100583970547
v -0.07797975093126297 0.45992884039878845 -0.008150322362780571
v -0.07605215907096863 0.4500086307525635 -0.006339665502309799
v -0.080901600420475 0.48008298873901367 0.012418663129210472
v -0.04827185347676277 -0.18581251800060272 -0.08032858371734619
v -0.025322355329990387 -0.1878516674041748 -0.07692387700080872
v -0.026440760120749474 -0.20905780792236328 -0.08242952823638916
v -0.05085671320557594 -0.20769430696964264 -0.08281473815441132
v -0.028667952865362167 -0.22874778509140015 -0.091991126537323
v -0.14649449288845062 -0.25403696298599243 -0.0730200707912445
v -0.1635292023420334 -0.24950940907001495 -0.050701361149549484
v -0.15602818131446838 -0.2292494773864746 -0.046478644013404846
v -0.1400253027677536 -0.2330167442560196 -0.06736445426940918
v -0.16347627341747284 -0.21248479187488556 -0.02259603515267372
v -0.15117695927619934 -0.21164408326148987 -0.0448308028280735
v -0.16813106834888458 -0.22859448194503784 -0.022380931302905083
v -0.17448021471500397 -0.2329794466495514 0.00455914530903101
v -0.16924281418323517 -0.21577167510986328 0.0036084658931940794
v -0.17368413507938385 -0.24173669517040253 0.030926598235964775
v -0.167539581656456 -0.2231297791004181 0.02980458177626133
v -0.16617600619792938 -0.25227102637290955 0.054887332022190094
v -0.15160448849201202 -0.26280027627944946 0.07593517750501633
v -0.13061125576496124 -0.29365435242652893 0.09143014252185822
v -0.1040889099240303 -0.28185775876045227 0.10599784553050995
v -0.1293243169784546 -0.2729645371437073 0.09245618432760239
v -0.05631665140390396 -0.2953154146671295 0.1262110471725464
v -0.07881663739681244 -0.2898661494255066 0.11721066385507584
v -0.018904779106378555 -0.30182015895843506 0.13799811899662018
v -0.03669308125972748 -0.2992802858352661 0.1333167999982834
v -0.11330308765172958 0.23304691910743713 0.057458486407995224
v -0.08774425089359283 0.29156091809272766 -0.05458363518118858
v -0.09679128229618073 0.2867791950702667 -0.054744310677051544
v -0.10574156790971756 0.291485071182251 -0.033094387501478195
v -0.11965407431125641 0.23473763465881348 -0.09347657859325409
v -0.12042335420846939 0.2524869740009308 -0.08231040835380554
v -0.09986817091703415 0.24494192004203796 -0.09250310063362122
v -0.09860504418611526 0.22717134654521942 -0.09970452636480331
v -0.0778694748878479 0.28313910961151123 -0.06840145587921143
v -0.07333140820264816 0.28646817803382874 -0.06764406710863113
v -0.08355794847011566 0.2782379686832428 -0.0706673339009285
v -0.050957854837179184 0.2616136372089386 -0.08527740091085434
v -0.06815147399902344 0.2697945237159729 -0.08121977746486664
v -0.14961352944374084 0.2792714536190033 -0.029084566980600357
v -0.14940091967582703 0.2690860331058502 -0.05195048823952675
v -0.1602708101272583 0.2679188549518585 -0.04660464823246002
v -0.16272830963134766 0.2786525785923004 -0.024929391220211983
v -0.15144427120685577 0.2247360348701477 -0.08719220012426376
v -0.15083564817905426 0.20826847851276398 -0.0914725735783577
v -0.16324210166931152 0.2117699682712555 -0.08735766261816025
v -0.16294258832931519 0.22694559395313263 -0.08285444229841232
v -0.20236001908779144 0.2796664237976074 -0.012513944879174232
v -0.19786274433135986 0.2726605236530304 -0.03540394827723503
v -0.2112947255373001 0.2743910849094391 -0.03364161029458046
v -0.21569150686264038 0.2791958153247833 -0.010923614725470543
v -0.16167691349983215 0.24120420217514038 -0.07476086914539337
v -0.09407958388328552 0.10452502965927124 -0.10915403068065643
v -0.11465883255004883 0.1147281676530838 -0.10535048693418503
v -0.13180696964263916 0.12520207464694977 -0.09986554831266403
v -0.16822019219398499 0.1529691219329834 -0.08243720233440399
v -0.15818794071674347 0.14478789269924164 -0.08599770814180374
v -0.16315989196300507 0.1313360035419464 -0.08111130446195602
v -0.17924141883850098 0.16063128411769867 -0.08027292042970657
v -0.19120651483535767 0.16454942524433136 -0.07712022960186005
v -0.22126661241054535 0.2082989364862442 0.04686357453465462
v -0.20859484374523163 0.2081289142370224 0.0529119111597538
v -0.20834292471408844 0.23575766384601593 0.04822288826107979
v -0.21837948262691498 0.1712450087070465 -0.06981558352708817
v -0.20440061390399933 0.1650657206773758 -0.07137615233659744
v -0.20638501644134521 0.15753930807113647 -0.06741346418857574
v -0.22019989788532257 0.16542945802211761 -0.06650213152170181
v -0.1367792934179306 0.2809050977230072 -0.03278631716966629
v -0.21006491780281067 0.2625572383403778 -0.05074737221002579
v -0.19663481414318085 0.2601749897003174 -0.05183764919638634
v -0.19595392048358917 0.24779722094535828 -0.0633363276720047
v -0.2090327888727188 0.2513073682785034 -0.06164160370826721
v -0.20979994535446167 0.23789334297180176 -0.07028087228536606
v -0.1970297396183014 0.23412975668907166 -0.07239584624767303
v -0.1977565735578537 0.2206999808549881 -0.0779261589050293
v -0.21082817018032074 0.2243933379650116 -0.07577597349882126
v -0.21762673556804657 0.1788979321718216 -0.07289889454841614
v -0.20260007679462433 0.17307355999946594 -0.075099878013134
v -0.23241397738456726 0.27022746205329895 0.01318281702697277
v -0.17773792147636414 0.2796492874622345 0.007239148952066898
v -0.178249329328537 0.2680806517601013 0.03289794921875
v -0.16526275873184204 0.2714649438858032 0.029145773500204086
v -0.16443122923374176 0.2811724543571472 0.002702097874134779
v -0.23947516083717346 0.1503152698278427 -0.01944267377257347
v -0.23617267608642578 0.1558467149734497 -0.0041919066570699215
v -0.24064813554286957 0.1470402330160141 -0.033233288675546646
v -0.2112991362810135 0.14186334609985352 -0.056586071848869324
v -0.24075672030448914 0.14843186736106873 -0.04479767754673958
v -0.23326045274734497 0.187867671251297 0.03712402284145355
v -0.23540864884853363 0.20817287266254425 0.04121773689985275
v -0.1793290376663208 0.2458305060863495 0.04986670985817909
v -0.16626021265983582 0.2508465051651001 0.047687191516160965
v -0.22934412956237793 0.2776429057121277 -0.011045997962355614
v -0.225342258810997 0.2742581367492676 -0.03336704522371292
v -0.23412448167800903 0.1780417263507843 -0.07056806981563568
v -0.23606254160404205 0.17265379428863525 -0.0682414248585701
v -0.24937424063682556 0.18040670454502106 -0.07120725512504578
v -0.19875577092170715 0.13511329889297485 -0.06286217272281647
v -0.20830126106739044 0.15040089190006256 -0.06273441016674042
v -0.17535823583602905 0.2785356342792511 -0.020379334688186646
v -0.22321704030036926 0.2636968791484833 -0.050360649824142456
v -0.2224625051021576 0.2521520256996155 -0.0613793320953846
v -0.1851811408996582 0.23088297247886658 -0.07531262189149857
v -0.18380659818649292 0.24455498158931732 -0.06657097488641739
v -0.17276647686958313 0.2426769733428955 -0.07065142691135406
v -0.17403921484947205 0.22861850261688232 -0.07892415672540665
v -0.22416676580905914 0.2289484590291977 -0.0739649161696434
v -0.22634992003440857 0.21692386269569397 -0.07625290751457214
v -0.17462201416492462 0.2140030562877655 -0.08341479301452637
v -0.18576084077358246 0.2167491912841797 -0.08018224686384201
v -0.23279432952404022 0.18552939593791962 -0.07322952896356583
v -0.15461143851280212 0.2545199990272522 0.04419579356908798
v -0.1555352658033371 0.2320590317249298 0.057346779853105545
v -0.14263856410980225 0.23286224901676178 0.05628356337547302
v -0.1812117099761963 0.2199072539806366 0.059307761490345
v -0.16769421100616455 0.22700802981853485 0.05897695571184158
v -0.19553913176059723 0.21186034381389618 0.057378243654966354
v -0.12915365397930145 0.23272006213665009 0.05632621422410011
v -0.4268132746219635 0.2034594863653183 -0.06895839422941208
v -0.2521516680717468 0.17596812546253204 -0.06938039511442184
v -0.26528701186180115 0.1826941817998886 -0.07217764854431152
v -0.261151522397995 0.18741387128829956 -0.07348714768886566
v -0.3106998801231384 0.21937023103237152 -0.07198107987642288
v -0.0002940117847174406 0.4039239287376404 0.12938082218170166
v 7.930677384138107e-05 0.4102075695991516 0.1310683935880661
v 0.0009121697512455285 0.4310634732246399 0.13294872641563416
v 0.0010676307138055563 0.43503016233444214 0.13229502737522125
v -0.4225347340106964 0.23923003673553467 -0.06117121875286102
v -0.42955267429351807 0.24087373912334442 -0.06153182312846184
v -0.4734848141670227 0.24886935949325562 -0.06534740328788757
v -0.4945666491985321 0.2635345757007599 -0.05114293098449707
v -0.4747101962566376 0.2615659534931183 -0.05121096223592758
v -0.48089852929115295 0.26592332124710083 -0.004906140733510256
v -0.4803162217140198 0.2510252594947815 0.004749779589474201
v -0.47741132974624634 0.19903533160686493 -4.498434009292396e-06
v -0.4763193428516388 0.1975974142551422 -0.06901289522647858
v -0.6129622459411621 0.2434961199760437 -0.01398955937474966
v -0.6132595539093018 0.2501217722892761 -0.025402752682566643
v -0.6320860981941223 0.2471652328968048 -0.022331567481160164
v -0.6311294436454773 0.23921537399291992 -0.011870780028402805
v -0.6487480998039246 0.2354680746793747 -0.00961968582123518
v -0.6472204327583313 0.2242487072944641 -0.006884446367621422
v -0.6302068829536438 0.2280639111995697 -0.007168238051235676
v -0.6456913352012634 0.21369200944900513 -0.010049714706838131
v -0.6290696263313293 0.21663416922092438 -0.008884448558092117
v -0.6445236802101135 0.2053213268518448 -0.016963891685009003
v -0.6439754366874695 0.19965611398220062 -0.025866324082016945
v -0.6272681951522827 0.2002324014902115 -0.023055197671055794
v -0.6279214024543762 0.20711751282215118 -0.014572082087397575
v -0.6095499396324158 0.19438132643699646 -0.029786115512251854
v -0.6272988319396973 0.19533593952655792 -0.03311743214726448
v -0.6274161338806152 0.1932430863380432 -0.04450129717588425
v -0.6096028685569763 0.1902843415737152 -0.04171748086810112
v -0.6451735496520996 0.2052735537290573 -0.0653664842247963
v -0.6452220678329468 0.21426168084144592 -0.06947719305753708
v -0.6275978088378906 0.21213403344154358 -0.07071340084075928
v -0.6274828910827637 0.2018989473581314 -0.06608550995588303
v -0.6098893880844116 0.23289909958839417 -0.06911643594503403
v -0.6089680790901184 0.22114311158657074 -0.07269067317247391
v -0.6281175017356873 0.22351154685020447 -0.07054608315229416
v -0.6290501356124878 0.23482488095760345 -0.06731073558330536
v -0.646506667137146 0.23701892793178558 -0.06719370931386948
v -0.6482089161872864 0.24510866403579712 -0.058023519814014435
v -0.6303268074989319 0.24374079704284668 -0.060131024569272995
v -0.5766064524650574 0.251145601272583 -0.017977282404899597
v -0.5948046445846558 0.2472672164440155 -0.016355382278561592
v -0.5944148302078247 0.23645786941051483 -0.008949993178248405
v -0.6102442741394043 0.20931260287761688 -0.011924536898732185
v -0.5924330949783325 0.21175438165664673 -0.00942410621792078
v -0.5935155749320984 0.22400732338428497 -0.006743947509676218
v -0.6112568378448486 0.22024357318878174 -0.007647807244211435
v -0.5735658407211304 0.18441762030124664 -0.03544049337506294
v -0.5914788246154785 0.19300632178783417 -0.026240352541208267
v -0.5916597247123718 0.1874956637620926 -0.03880587965250015
v -0.6096980571746826 0.200835719704628 -0.019701719284057617
v -0.5916896462440491 0.201552152633667 -0.016400180757045746
v -0.6091686487197876 0.19176548719406128 -0.054752372205257416
v -0.6273177862167358 0.19570745527744293 -0.05627257004380226
v -0.6130515336990356 0.25151270627975464 -0.03863266482949257
v -0.6123604774475098 0.24924521148204803 -0.051434896886348724
v -0.6316291689872742 0.24804900586605072 -0.0485062301158905
v -0.6322141885757446 0.24957960844039917 -0.03559117764234543
v -0.5913242101669312 0.1882449984550476 -0.05277644097805023
v -0.5930660963058472 0.2508459985256195 -0.054825976490974426
v -0.5940008759498596 0.25408458709716797 -0.04181400686502457
v -0.6111470460891724 0.24286481738090515 -0.06207785755395889
v -0.5917984843254089 0.24261003732681274 -0.06504371762275696
v -0.6500508785247803 0.24792176485061646 -0.03261040151119232
v -0.650056779384613 0.24417033791542053 -0.01948302984237671
v -0.5946112871170044 0.25326845049858093 -0.0279300045222044
v -0.6090196371078491 0.19818589091300964 -0.06602822244167328
v -0.6088937520980835 0.20905503630638123 -0.07211403548717499
v -0.5899783372879028 0.20544835925102234 -0.07328493893146515
v -0.5906737446784973 0.19445517659187317 -0.06543148308992386
v -0.5706471800804138 0.2293582409620285 -0.07467560470104218
v -0.5896703004837036 0.21828611195087433 -0.07490339875221252
v -0.5902889370918274 0.2310006022453308 -0.07190479338169098
v -0.6454129219055176 0.2252514660358429 -0.06991759687662125
v -0.5719563961029053 0.24248187243938446 -0.06831414997577667
v -0.7284448146820068 0.19971595704555511 -0.023221854120492935
v -0.7189550399780273 0.1963978260755539 -0.021741781383752823
v -0.7238920331001282 0.1945706158876419 -0.011694472283124924
v -0.7330386638641357 0.19854134321212769 -0.013681701384484768
v -0.7034692168235779 0.18592113256454468 -0.004096376709640026
v -0.6947146058082581 0.19001725316047668 0.003785689827054739
v -0.7041562795639038 0.19103114306926727 0.012595133855938911
v -0.7115898132324219 0.18724234402179718 0.005699575878679752
v -0.7364726662635803 0.20008355379104614 -0.004885080736130476
v -0.7277705073356628 0.19523687660694122 -0.003089232835918665
v -0.7352794408798218 0.2044275403022766 0.0014430598821491003
v -0.7439605593681335 0.2116837203502655 -0.001740959007292986
v -0.7442916631698608 0.2048768252134323 -0.0058523258194327354
v -0.7520752549171448 0.21535873413085938 -0.0036201546899974346
v -0.73843914270401 0.22253553569316864 -0.003866571933031082
v -0.7505333423614502 0.22421586513519287 -0.0075402092188596725
v -0.7332799434661865 0.23417928814888 -0.028864644467830658
v -0.730756402015686 0.23492354154586792 -0.03980378061532974
v -0.7452164888381958 0.23358336091041565 -0.04020637646317482
v -0.7474157214164734 0.23229937255382538 -0.028832947835326195
v -0.7368282675743103 0.22945059835910797 -0.05969791114330292
v -0.7421380877494812 0.23194746673107147 -0.05005784332752228
v -0.727534294128418 0.23382528126239777 -0.048847496509552
v -0.7234764099121094 0.2316427379846573 -0.0576334223151207
v -0.7224972248077393 0.20245836675167084 -0.03820812702178955
v -0.7124292254447937 0.20037518441677094 -0.03857814520597458
v -0.7147345542907715 0.1991851031780243 -0.031623341143131256
v -0.7242962718009949 0.20172780752182007 -0.032001983374357224
v -0.7314141392707825 0.20712530612945557 0.012461001984775066
v -0.7281437516212463 0.21519507467746735 0.005048442631959915
v -0.7340669631958008 0.21172621846199036 0.003305500838905573
v -0.7332658767700195 0.20374999940395355 0.010686195455491543
v -0.6877834796905518 0.1925700604915619 -0.053225789219141006
v -0.676037609577179 0.19504712522029877 -0.05160125717520714
v -0.6765291690826416 0.19523602724075317 -0.041969671845436096
v -0.6872077584266663 0.19333508610725403 -0.04483099654316902
v -0.6800186634063721 0.19205722212791443 -0.012316111475229263
v -0.6751070022583008 0.1954682320356369 -0.01997993513941765
v -0.6694604754447937 0.20551705360412598 -0.008889960125088692
v -0.6762027740478516 0.2039274424314499 -0.0038509871810674667
v -0.6863853335380554 0.19023655354976654 -0.004694195464253426
v -0.6826658248901367 0.20216865837574005 0.0019082529470324516
v -0.6914434432983398 0.20077303051948547 0.008642098866403103
v -0.7017749547958374 0.19966362416744232 0.016547391191124916
v -0.6750322580337524 0.19836504757404327 -0.06254950910806656
v -0.6833325624465942 0.19615229964256287 -0.06581294536590576
v -0.8017441034317017 0.2081928700208664 -0.010309434495866299
v -0.8023640513420105 0.2066083550453186 -0.015972360968589783
v -0.796656608581543 0.20687635242938995 -0.015216872096061707
v -0.7960500717163086 0.20853999257087708 -0.009471043944358826
v -0.6825361847877502 0.21610115468502045 -0.07367964833974838
v -0.6844552159309387 0.22585034370422363 -0.07027609646320343
v -0.6772360801696777 0.22539128363132477 -0.07052287459373474
v -0.6756824851036072 0.2150595337152481 -0.07200726121664047
v -0.6916444897651672 0.21696078777313232 -0.0760052278637886
v -0.6938619613647461 0.22659119963645935 -0.070291668176651
v -0.8041538000106812 0.22061042487621307 -0.009049649350345135
v -0.8029511570930481 0.2164020836353302 -0.006364761386066675
v -0.7971464395523071 0.21757164597511292 -0.006339056883007288
v -0.7981439828872681 0.22180262207984924 -0.009346092119812965
v -0.7419123649597168 0.2011507898569107 -0.014008642174303532
v -0.7377507090568542 0.20172005891799927 -0.02302468754351139
v -0.760302722454071 0.20340465009212494 -0.017634006217122078
v -0.7487638592720032 0.2027209997177124 -0.022430427372455597
v -0.7505656480789185 0.20314863324165344 -0.01264146063476801
v -0.7590376734733582 0.20506551861763 -0.011081538163125515
v -0.7418227195739746 0.20382075011730194 -0.042724598199129105
v -0.7313922643661499 0.20352882146835327 -0.042615462094545364
v -0.7351748943328857 0.20360834896564484 -0.03487803786993027
v -0.7459575533866882 0.20371106266975403 -0.03541281819343567
v -0.728549063205719 0.20036165416240692 -0.05531313270330429
v -0.7384423613548279 0.2014063000679016 -0.055767353624105453
v -0.7370818257331848 0.19952580332756042 -0.06257778406143188
v -0.7283655405044556 0.19855841994285583 -0.061586007475852966
v -0.7588235139846802 0.2046373039484024 -0.05069795250892639
v -0.7682791352272034 0.20746564865112305 -0.05147591605782509
v -0.7666658759117126 0.20782434940338135 -0.057008758187294006
v -0.7575793266296387 0.20427025854587555 -0.056441038846969604
v -0.6697831153869629 0.22562874853610992 -0.07091394811868668
v -0.6682109236717224 0.21502888202667236 -0.07122914493083954
v -0.7280706167221069 0.2220258265733719 -0.07720722258090973
v -0.7236794233322144 0.21426869928836823 -0.08305268734693527
v -0.7329896092414856 0.21269233524799347 -0.08659365028142929
v -0.7373723983764648 0.220672607421875 -0.08045420050621033
v -0.6873709559440613 0.233602836728096 -0.06278041750192642
v -0.6796275973320007 0.23424766957759857 -0.06360775977373123
v -0.8052701950073242 0.22272464632987976 -0.014308766461908817
v -0.7992489337921143 0.22407056391239166 -0.014662723988294601
v -0.6934605240821838 0.212080180644989 0.00650467723608017
v -0.7041996121406555 0.20924906432628632 0.014949078671634197
v -0.6843613386154175 0.21436232328414917 4.141172394156456e-05
v -0.677528440952301 0.21628619730472565 -0.003802325576543808
v -0.6703073382377625 0.2183370143175125 -0.005290774628520012
v -0.7541154623031616 0.20339268445968628 -0.0277470164000988
v -0.7321346402168274 0.202553853392601 -0.030430888757109642
v -0.720918595790863 0.20201683044433594 -0.0430871918797493
v -0.716870129108429 0.1951781064271927 -0.07337047904729843
v -0.7090291380882263 0.1951034963130951 -0.07325848937034607
v -0.7124484777450562 0.19430257380008698 -0.0634501725435257
v -0.7193306684494019 0.1955176144838333 -0.0659329816699028
v -0.7220914959907532 0.20467235147953033 -0.08434921503067017
v -0.7238978147506714 0.19848857820034027 -0.08016485720872879
v -0.7324800491333008 0.19866403937339783 -0.08182723820209503
v -0.7312743067741394 0.20380201935768127 -0.08686600625514984
v -0.729032576084137 0.2097589075565338 0.01636621728539467
v -0.7217544913291931 0.2155776023864746 0.008953968062996864
v -0.6820563673973083 0.20531222224235535 -0.07280471920967102
v -0.6746410727500916 0.2055295705795288 -0.06965436041355133
v -0.6674702167510986 0.20662620663642883 -0.06735561043024063
v -0.6997162699699402 0.19618789851665497 -0.042339928448200226
v -0.6870158314704895 0.19331523776054382 -0.039060328155756
v -0.6879216432571411 0.19170156121253967 -0.03201742842793465
v -0.7010302543640137 0.1958547979593277 -0.0370926596224308
v -0.708399772644043 0.19034704566001892 -0.019631117582321167
v -0.6961639523506165 0.18651098012924194 -0.014590482227504253
v -0.714496374130249 0.18895749747753143 -0.00914121326059103
v -0.6759397983551025 0.1951035112142563 -0.03281021863222122
v -0.6675927042961121 0.19759808480739594 -0.04013513773679733
v -0.6671480536460876 0.19807273149490356 -0.029761848971247673
v -0.6676875352859497 0.19815880060195923 -0.05081949383020401
v -0.667644202709198 0.201140895485878 -0.06052841618657112
v -0.6576741337776184 0.19813233613967896 -0.03847720846533775
v -0.6572348475456238 0.19944731891155243 -0.028122108429670334
v -0.6580685973167419 0.19898450374603271 -0.04951430484652519
v -0.6583719849586487 0.20195545256137848 -0.05902251601219177
v -0.6601555943489075 0.23750033974647522 -0.06548331677913666
v -0.6588665843009949 0.2264055609703064 -0.07068535685539246
v -0.6711654663085938 0.23582866787910461 -0.06467386335134506
v -0.6588254570960999 0.21013355255126953 -0.009798286482691765
v -0.66729736328125 0.20065751671791077 -0.018794920295476913
v -0.657982587814331 0.20322652161121368 -0.018430238589644432
v -0.6607279777526855 0.22109057009220123 -0.0062412298284471035
v -0.7171535491943359 0.18892036378383636 0.012817932292819023
v -0.7227712869644165 0.18945015966892242 0.01866346038877964
v -0.7280925512313843 0.19145777821540833 0.013445938937366009
v -0.7237983345985413 0.19162924587726593 0.007470256648957729
v -0.7601767778396606 0.21735890209674835 -0.005336320959031582
v -0.7595308423042297 0.21014384925365448 -0.006152012385427952
v -0.751711368560791 0.2080201953649521 -0.005893412046134472
v -0.6964491605758667 0.19255328178405762 -0.05902335047721863
v -0.6922717094421387 0.1953953206539154 -0.06987250596284866
v -0.762980580329895 0.204181969165802 -0.023441534489393234
v -0.7908389568328857 0.2226412296295166 -0.009536998346447945
v -0.7899633049964905 0.21806704998016357 -0.006324443966150284
v -0.7774074673652649 0.21811778843402863 -0.006322029512375593
v -0.7787178754806519 0.223568856716156 -0.009611058980226517
v -0.7724952697753906 0.2085959017276764 -0.027127835899591446
v -0.769905686378479 0.20585346221923828 -0.021794965490698814
v -0.778067946434021 0.20628274977207184 -0.021329207345843315
v -0.7805237770080566 0.21017925441265106 -0.02588493935763836
v -0.7629270553588867 0.20564021170139313 -0.06345637887716293
v -0.7554704546928406 0.20288436114788055 -0.06321448087692261
v -0.761256217956543 0.2270883321762085 -0.02943667583167553
v -0.7599963545799255 0.22911275923252106 -0.017668794840574265
v -0.7486191987991333 0.23083892464637756 -0.016879063099622726
v -0.7397643327713013 0.20289041101932526 -0.04956845939159393
v -0.7494522929191589 0.2033751755952835 -0.05018071085214615
v -0.7482523918151855 0.20246146619319916 -0.0561690554022789
v -0.7576470971107483 0.20426611602306366 -0.030502431094646454
v -0.7641560435295105 0.2053481936454773 -0.02846834994852543
v -0.7618021965026855 0.20543327927589417 -0.034550637006759644
v -0.7539644241333008 0.204123392701149 -0.03558703511953354
v -0.7125447988510132 0.21621933579444885 -0.08060041069984436
v -0.7109325528144836 0.2035527378320694 -0.08202411979436874
v -0.801995038986206 0.211931973695755 -0.006904299836605787
v -0.7963305115699768 0.21271520853042603 -0.006312474608421326
v -0.6583575010299683 0.21513862907886505 -0.07002348452806473
v -0.6584768891334534 0.20713816583156586 -0.06582969427108765
v -0.7294437289237976 0.20232748985290527 -0.048862870782613754
v -0.7352715134620667 0.23101258277893066 -0.016662197187542915
v -0.7193953990936279 0.20065341889858246 -0.048338837921619415
v -0.7538226842880249 0.22060033679008484 -0.07009228318929672
v -0.7535211443901062 0.2138870507478714 -0.07466644793748856
v -0.7607733607292175 0.21396353840827942 -0.07249988615512848
v -0.761479377746582 0.22053153812885284 -0.07074127346277237
v -0.7918710112571716 0.2119230329990387 -0.025136403739452362
v -0.7904061079025269 0.20772472023963928 -0.020789887756109238
v -0.797844409942627 0.20850707590579987 -0.021079210564494133
v -0.7990015745162964 0.2126588076353073 -0.024923063814640045
v -0.767555296421051 0.2052396833896637 -0.01637541502714157
v -0.7663971781730652 0.20682254433631897 -0.01062887441366911
v -0.7755585312843323 0.20761699974536896 -0.010252457112073898
v -0.7763307094573975 0.20549018681049347 -0.015724504366517067
v -0.7670263648033142 0.21175144612789154 -0.006855935789644718
v -0.7762415409088135 0.21242579817771912 -0.006725961808115244
v -0.793038010597229 0.21829646825790405 -0.026101816445589066
v -0.7928005456924438 0.2236875295639038 -0.021943382918834686
v -0.780876874923706 0.22399018704891205 -0.02307724952697754
v -0.7821120023727417 0.21733476221561432 -0.026793617755174637
v -0.7105562686920166 0.23373688757419586 -0.05593318119645119
v -0.7076061367988586 0.23058123886585236 -0.06426847726106644
v -0.7201197743415833 0.22826480865478516 -0.0665983036160469
v -0.7325387001037598 0.22609680891036987 -0.06921423971652985
v -0.7440019845962524 0.22193336486816406 -0.07128053158521652
v -0.748971700668335 0.2276712954044342 -0.0616522878408432
v -0.7166513800621033 0.22429132461547852 -0.07399585098028183
v -0.7712993621826172 0.2180648148059845 -0.03211257606744766
v -0.7709659337997437 0.22301121056079865 -0.02573532983660698
v -0.770118236541748 0.2239377647638321 -0.03349097818136215
v -0.717952311038971 0.19814687967300415 -0.05582330375909805
v -0.7891453504562378 0.21286451816558838 -0.006215343251824379
v -0.6832420825958252 0.23546312749385834 -0.01701243221759796
v -0.6842186450958252 0.2408299595117569 -0.02912929840385914
v -0.6941719055175781 0.2392946183681488 -0.030060607939958572
v -0.6919070482254028 0.2331555187702179 -0.01604774221777916
v -0.7890926599502563 0.20648765563964844 -0.01508377492427826
v -0.788820743560791 0.2081037312746048 -0.009456098079681396
v -0.7547547221183777 0.2028915286064148 -0.06996650248765945
v -0.7613202333450317 0.20581328868865967 -0.06902685761451721
v -0.7613871097564697 0.20800204575061798 -0.07301603257656097
v -0.7560089826583862 0.20590877532958984 -0.07530133426189423
v -0.7048152089118958 0.22632065415382385 -0.07160677015781403
v -0.740304708480835 0.21091210842132568 -0.08921689540147781
v -0.7435337901115417 0.21940045058727264 -0.0838298499584198
v -0.6963174343109131 0.23266641795635223 -0.06305120885372162
v -0.6989167928695679 0.2363024801015854 -0.05435274913907051
v -0.6896738409996033 0.23842523992061615 -0.05317826196551323
v -0.7571443319320679 0.2276255190372467 -0.050901252776384354
v -0.7138022780418396 0.23562633991241455 -0.04775995761156082
v -0.701535701751709 0.2377168834209442 -0.04612976685166359
v -0.6912517547607422 0.23980383574962616 -0.043361153453588486
v -0.6828954815864563 0.24173738062381744 -0.042245496064424515
v -0.6815221905708313 0.24000883102416992 -0.05310283601284027
v -0.7919345498085022 0.22511179745197296 -0.015226250514388084
v -0.799989640712738 0.22292958199977875 -0.021131273359060287
v -0.6723090410232544 0.24168112874031067 -0.053561434149742126
v -0.6612222194671631 0.2432354986667633 -0.055037710815668106
v -0.662708580493927 0.245713472366333 -0.04331151023507118
v -0.6740625500679016 0.24372802674770355 -0.04192132502794266
v -0.7040262818336487 0.2379246950149536 -0.03702904284000397
v -0.7057827711105347 0.23694121837615967 -0.02741822972893715
v -0.7166144847869873 0.23625190556049347 -0.03903970867395401
v -0.7194352746009827 0.23544442653656006 -0.028716325759887695
v -0.7583685517311096 0.23138870298862457 -0.04037275165319443
v -0.8144126534461975 0.21734802424907684 -0.023754432797431946
v -0.8061793446540833 0.21782636642456055 -0.02440761588513851
v -0.8053033351898193 0.212739959359169 -0.025099972262978554
v -0.8137584328651428 0.21299609541893005 -0.024873090907931328
v -0.7998967170715332 0.21823269128799438 -0.025116540491580963
v -0.8060653209686279 0.22193153202533722 -0.020485294982790947
v -0.7213684916496277 0.23164181411266327 -0.016065476462244987
v -0.769716739654541 0.20834173262119293 -0.03377377986907959
v -0.7054663300514221 0.22997629642486572 -0.012618851847946644
v -0.7254683971405029 0.22550004720687866 -0.0032096337527036667
v -0.7144853472709656 0.2234165072441101 0.0002765343524515629
v -0.6878350973129272 0.22518691420555115 -0.0051706088706851006
v -0.6971911787986755 0.2218746840953827 -3.386847674846649e-05
v -0.6727632284164429 0.2292332649230957 -0.009079044684767723
v -0.6802090406417847 0.22723621129989624 -0.007859071716666222
v -0.6626153588294983 0.23180250823497772 -0.009578661993145943
v -0.7078406810760498 0.21755506098270416 0.008571694605052471
v -0.8093439340591431 0.20715215802192688 -0.01145954430103302
v -0.8100448250770569 0.20618946850299835 -0.01728762872517109
v -0.6749206781387329 0.23757871985435486 -0.01752850040793419
v -0.6643152832984924 0.2402167171239853 -0.018206531181931496
v -0.7201410531997681 0.18995723128318787 6.676558405160904e-05
v -0.708229660987854 0.19619892537593842 -0.05339350551366806
v -0.7096644639968872 0.19859860837459564 -0.047687362879514694
v -0.7012196779251099 0.19503845274448395 -0.07229167222976685
v -0.7052586078643799 0.19317060708999634 -0.06141231954097748
v -0.6642026901245117 0.24543526768684387 -0.030406596139073372
v -0.6444860100746155 0.19665628671646118 -0.036034807562828064
v -0.6447257995605469 0.1968613862991333 -0.04707865044474602
v -0.6493474245071411 0.2473634034395218 -0.04556215927004814
v -0.8099409341812134 0.21055994927883148 -0.007701266091316938
v -0.7715763449668884 0.21371813118457794 -0.05337836965918541
v -0.7702550292015076 0.21468819677829742 -0.05588454380631447
v -0.7113190293312073 0.19153481721878052 0.01895969733595848
v -0.7190724611282349 0.19194504618644714 0.023715896531939507
v -0.721480131149292 0.20397131145000458 0.026238730177283287
v -0.7190346717834473 0.19735519587993622 0.026612402871251106
v -0.7101055383682251 0.19853715598583221 0.022768080234527588
v -0.7127471566200256 0.20666925609111786 0.021706659346818924
v -0.6991212368011475 0.1955009549856186 -0.04670938104391098
v -0.6986632347106934 0.19416488707065582 -0.052052512764930725
v -0.7016576528549194 0.2172393947839737 -0.07832840085029602
v -0.7002560496330261 0.20506985485553741 -0.07972432672977448
v -0.7679780721664429 0.21823139488697052 -0.006268057506531477
v -0.7603394389152527 0.22445034980773926 -0.00935114361345768
v -0.7687377333641052 0.223923921585083 -0.010112295858561993
v -0.7795412540435791 0.2261485904455185 -0.01603464037179947
v -0.772750198841095 0.21361921727657318 -0.03181109204888344
v -0.7746250629425049 0.2156376987695694 -0.028025701642036438
v -0.691138744354248 0.18901899456977844 -0.024008382111787796
v -0.7038922309875488 0.19362692534923553 -0.029512427747249603
v -0.7294548749923706 0.19680796563625336 0.0038229890633374453
v -0.732096254825592 0.19785965979099274 0.009587819688022137
v -0.7509108185768127 0.20393186807632446 -0.042918793857097626
v -0.7691280841827393 0.22637496888637543 -0.0486743338406086
v -0.7687796354293823 0.22936026751995087 -0.04048914834856987
v -0.7594797611236572 0.2049570381641388 -0.04274732619524002
v -0.8124437928199768 0.21897351741790771 -0.009250129573047161
v -0.8111972808837891 0.21466417610645294 -0.006790013052523136
v -0.7693932056427002 0.22710618376731873 -0.017225194722414017
v -0.7464491128921509 0.2008112072944641 -0.0632179006934166
v -0.7644896507263184 0.2231532782316208 -0.055717311799526215
v -0.7709537148475647 0.22067534923553467 -0.05237051472067833
v -0.7378713488578796 0.20377853512763977 -0.08782437443733215
v -0.6753090620040894 0.24286065995693207 -0.029437076300382614
v -0.8037109971046448 0.20817558467388153 -0.02198382467031479
v -0.8115825653076172 0.20799148082733154 -0.022875798866152763
v -0.814003586769104 0.22038699686527252 -0.020188581198453903
v -0.8131492137908936 0.22118426859378815 -0.01447780430316925
v -0.6907283067703247 0.20535455644130707 -0.07663962244987488
v -0.7109716534614563 0.20000463724136353 -0.04315069317817688
v -0.6450897455215454 0.20003549754619598 -0.057344090193510056
v -0.7165334820747375 0.21337871253490448 0.016323775053024292
v -0.7253440618515015 0.20907382667064667 0.022170118987560272
v -0.7675054669380188 0.20670399069786072 -0.04282825440168381
v -0.7484539151191711 0.21830427646636963 -0.0776103287935257
v -0.7575622200965881 0.22640646994113922 -0.06343130767345428
v -0.7643565535545349 0.22590401768684387 -0.06508511304855347
v -0.7685873508453369 0.2243153154850006 -0.05880926176905632
v -0.7715575098991394 0.21962431073188782 -0.05721980705857277
v -0.8205288648605347 0.21971794962882996 -0.020232321694493294
v -0.8199431300163269 0.22044388949871063 -0.014605142176151276
v -0.8195437788963318 0.21818841993808746 -0.009387443773448467
v -0.817829430103302 0.21389026939868927 -0.0072663286700844765
v -0.8159189224243164 0.21004614233970642 -0.008492480032145977
v -0.8207797408103943 0.21690012514591217 -0.023589735850691795
v -0.8197523355484009 0.21275019645690918 -0.02463303692638874
v -0.8173049688339233 0.20803998410701752 -0.022767337039113045
v -0.8261508941650391 0.21609774231910706 -0.023777995258569717
v -0.8271551728248596 0.2188398241996765 -0.020322926342487335
v -0.8322104215621948 0.21516983211040497 -0.009170381352305412
v -0.8268729448318481 0.2174215316772461 -0.009755263105034828
v -0.83006352186203 0.2178352028131485 -0.011964226141571999
v -0.8335844874382019 0.2170541137456894 -0.011624048464000225
v -0.8378072381019592 0.21619246900081635 -0.012127015739679337
v -0.8367355465888977 0.2137012779712677 -0.010187996551394463
v -0.8294359445571899 0.2189677655696869 -0.015011514537036419
v -0.8336009979248047 0.21842360496520996 -0.015458416193723679
v -0.8334335684776306 0.21789930760860443 -0.019429873675107956
v -0.8376074433326721 0.21731460094451904 -0.01994354836642742
v -0.8380621075630188 0.21785636246204376 -0.016021762043237686
v -0.8299301266670227 0.2186117023229599 -0.018356259912252426
v -0.8257887959480286 0.2197241634130478 -0.014764882624149323
v -0.8405812978744507 0.2132248729467392 -0.012489556334912777
v -0.8407622575759888 0.2156856209039688 -0.01304891612380743
v -0.8419429063796997 0.21682049334049225 -0.016300136223435402
v -0.8428864479064941 0.21406012773513794 -0.01675826497375965
v -0.8237002491950989 0.21323873102664948 -0.00780758261680603
v -0.8301669955253601 0.21193282306194305 -0.008778161369264126
v -0.8355374336242676 0.2108006477355957 -0.010544784367084503
v -0.8397446274757385 0.21041284501552582 -0.013216467574238777
v -0.8291326761245728 0.20875529944896698 -0.010508524253964424
v -0.8347010612487793 0.20837795734405518 -0.012633861042559147
v -0.8382047414779663 0.208365336060524 -0.015007102862000465
v -0.8290439248085022 0.20650455355644226 -0.014012751169502735
v -0.8344430923461914 0.2068370282649994 -0.015486013144254684
v -0.8207643032073975 0.20681723952293396 -0.01265439111739397
v -0.8215261697769165 0.20949886739253998 -0.009067083708941936
v -0.8370746374130249 0.20746466517448425 -0.016478221863508224
v -0.8416619300842285 0.21116995811462402 -0.017622627317905426
v -0.8324304819107056 0.21692366898059845 -0.022230954840779305
v -0.8373572826385498 0.21584990620613098 -0.02242998033761978
v -0.8317756056785583 0.2147570252418518 -0.024144478142261505
v -0.8368555307388306 0.2135481983423233 -0.023823609575629234
v -0.8415180444717407 0.21506792306900024 -0.021158408373594284
v -0.841184139251709 0.2170211672782898 -0.01969197392463684
v -0.8148015737533569 0.20688366889953613 -0.012247679755091667
v -0.8155969977378845 0.20632752776145935 -0.017955245450139046
v -0.8212588429450989 0.2060447484254837 -0.01822887361049652
v -0.8291059136390686 0.20552314817905426 -0.0191294327378273
v -0.8225845098495483 0.20802362263202667 -0.022813091054558754
v -0.8250114917755127 0.21225324273109436 -0.02467430755496025
v -0.8308956623077393 0.21171259880065918 -0.024568181484937668
v -0.829736053943634 0.20801159739494324 -0.023271650075912476
v -0.8359350562095642 0.2108282595872879 -0.023859253153204918
v -0.8351755142211914 0.20826813578605652 -0.022503528743982315
v -0.8349094390869141 0.20678749680519104 -0.01918322592973709
v -0.8391669988632202 0.2100454568862915 -0.021967388689517975
v -0.8407203555107117 0.212458074092865 -0.021906139329075813
v -0.8399258255958557 0.20923349261283875 -0.018418531864881516
v -0.8377434015274048 0.20862984657287598 -0.021341562271118164
v -0.8377894759178162 0.2079736590385437 -0.018877658993005753
v -0.8089438080787659 0.2114100307226181 -0.04275650158524513
v -0.8085243105888367 0.21024708449840546 -0.048234667629003525
v -0.8011199831962585 0.21071374416351318 -0.04669720679521561
v -0.8016696572303772 0.21188965439796448 -0.04130186885595322
v -0.8095898032188416 0.22367247939109802 -0.03917020559310913
v -0.8096473217010498 0.21824109554290771 -0.037196286022663116
v -0.8028244376182556 0.21948853135108948 -0.036110252141952515
v -0.8027830123901367 0.2248489260673523 -0.03838270902633667
v -0.8088417053222656 0.2261873334646225 -0.045176953077316284
v -0.8020654320716858 0.22737614810466766 -0.04463636875152588
v -0.7947037816047668 0.22550171613693237 -0.03713008388876915
v -0.7947314977645874 0.21988599002361298 -0.035015009343624115
v -0.7808050513267517 0.21872681379318237 -0.034015022218227386
v -0.7808086276054382 0.2247338593006134 -0.03518623858690262
v -0.7780280113220215 0.2093978226184845 -0.049879882484674454
v -0.7794613242149353 0.21392123401165009 -0.05303208902478218
v -0.8094862103462219 0.21394075453281403 -0.038873739540576935
v -0.8024153113365173 0.21484707295894623 -0.0376201793551445
v -0.7930393218994141 0.21505557000637054 -0.0539383664727211
v -0.7926135659217834 0.21108455955982208 -0.050652749836444855
v -0.8011882305145264 0.21184849739074707 -0.051689013838768005
v -0.8015279173851013 0.2153557687997818 -0.05504598841071129
v -0.778633177280426 0.2099725306034088 -0.03755971044301987
v -0.7776986956596375 0.20832405984401703 -0.04370369762182236
v -0.7800798416137695 0.21391861140727997 -0.03486526757478714
v -0.7935205101966858 0.22063373029232025 -0.05477996915578842
v -0.7938670516014099 0.22588396072387695 -0.05121999233961105
v -0.7802305817604065 0.22643384337425232 -0.049377404153347015
v -0.7804309725761414 0.22061625123023987 -0.05326735973358154
v -0.7940376996994019 0.21488945186138153 -0.03644048050045967
v -0.792308509349823 0.2098817080259323 -0.04537186026573181
v -0.7930879592895508 0.21122685074806213 -0.03987939655780792
v -0.7939735651016235 0.22798575460910797 -0.043696533888578415
v -0.8018773198127747 0.2249850183725357 -0.05201585963368416
v -0.8181611895561218 0.2196480929851532 -0.05613106116652489
v -0.8088945150375366 0.21994222700595856 -0.05578276142477989
v -0.8086819052696228 0.21516603231430054 -0.056319110095500946
v -0.8183441758155823 0.21521523594856262 -0.057209741324186325
v -0.8018596768379211 0.22018493711948395 -0.055327244102954865
v -0.8087494373321533 0.22429245710372925 -0.05217086523771286
v -0.8190687298774719 0.21052774786949158 -0.044709641486406326
v -0.8187829256057739 0.2098098248243332 -0.05025068670511246
v -0.8194215297698975 0.2128121703863144 -0.040761739015579224
v -0.7803086042404175 0.22894398868083954 -0.04176231101155281
v -0.8190658688545227 0.2220902442932129 -0.04050767794251442
v -0.8193762302398682 0.21673531830310822 -0.03908610716462135
v -0.808496356010437 0.21141979098320007 -0.053271859884262085
v -0.8182891607284546 0.21117553114891052 -0.05501123145222664
v -0.8179534673690796 0.22345882654190063 -0.052588965743780136
v -0.8179870247840881 0.22490699589252472 -0.0460694283246994
v -0.8255867958068848 0.2224123477935791 -0.05326445400714874
v -0.8259134888648987 0.22368858754634857 -0.04729681462049484
v -0.826887845993042 0.22121460735797882 -0.0419238805770874
v -0.8263631463050842 0.21608242392539978 -0.04060923680663109
v -0.8256810903549194 0.21257834136486053 -0.04233082756400108
v -0.8254973888397217 0.21926377713680267 -0.0565679632127285
v -0.8251178860664368 0.2154160737991333 -0.057586394250392914
v -0.824424684047699 0.2114606499671936 -0.055722590535879135
v -0.832499623298645 0.21873599290847778 -0.05749918520450592
v -0.8336506485939026 0.22172117233276367 -0.05454842746257782
v -0.8463001251220703 0.2178223878145218 -0.04563267156481743
v -0.8408858776092529 0.218903049826622 -0.043959394097328186
v -0.8414715528488159 0.2207096964120865 -0.04665832966566086
v -0.8464930057525635 0.22047370672225952 -0.04736056178808212
v -0.8348454833030701 0.22074425220489502 -0.04368612915277481
v -0.837855875492096 0.22149331867694855 -0.0465804859995842
v -0.8372239470481873 0.22235983610153198 -0.04969310387969017
v -0.8414278030395508 0.22235777974128723 -0.05057242512702942
v -0.8407081961631775 0.22144830226898193 -0.05438724905252457
v -0.8456911444664001 0.22149071097373962 -0.05549594387412071
v -0.8466717004776001 0.2226000875234604 -0.05142708867788315
v -0.8370563387870789 0.22184395790100098 -0.053090598434209824
v -0.8501841425895691 0.22028374671936035 -0.04868685454130173
v -0.8504258394241333 0.2177995890378952 -0.04871058836579323
v -0.8329223990440369 0.22306615114212036 -0.048739541321992874
v -0.8327076435089111 0.21603435277938843 -0.04180965572595596
v -0.8395041227340698 0.21526215970516205 -0.04331851750612259
v -0.8454370498657227 0.21456663310527802 -0.046063151210546494
v -0.8496545553207397 0.21470987796783447 -0.04969540610909462
v -0.8385595083236694 0.2118869125843048 -0.04537931829690933
v -0.8446321487426758 0.2119247168302536 -0.047975387424230576
v -0.848212718963623 0.21263986825942993 -0.0510576106607914
v -0.8379225730895996 0.209646537899971 -0.049080315977334976
v -0.8441494107246399 0.2103973776102066 -0.05094389244914055
v -0.8299916982650757 0.21018634736537933 -0.04724644869565964
v -0.8311151266098022 0.21242950856685638 -0.04344245791435242
v -0.8469730615615845 0.21157047152519226 -0.052248597145080566
v -0.8523269891738892 0.21919597685337067 -0.05309801921248436
v -0.851417601108551 0.21611732244491577 -0.053872089833021164
v -0.8515769839286804 0.22225633263587952 -0.05211356282234192
v -0.8397484421730042 0.21987806260585785 -0.05643368139863014
v -0.8451635241508484 0.21950213611125946 -0.057418469339609146
v -0.8390867114067078 0.21816423535346985 -0.058493565768003464
v -0.84495609998703 0.2177598923444748 -0.05903314799070358
v -0.850016176700592 0.21971794962882996 -0.05697327479720116
v -0.8496761918067932 0.22167593240737915 -0.05566970258951187
v -0.8249645829200745 0.21047963201999664 -0.04606804624199867
v -0.8245230913162231 0.20997430384159088 -0.051144104450941086
v -0.8294609785079956 0.20940004289150238 -0.05229189246892929
v -0.8374972343444824 0.20904110372066498 -0.05408157408237457
v -0.8294939398765564 0.21126119792461395 -0.056572843343019485
v -0.8311957120895386 0.21523649990558624 -0.05834053084254265
v -0.8381349444389343 0.2150583267211914 -0.05919007956981659
v -0.8373309969902039 0.21136415004730225 -0.0579182431101799
v -0.8440945744514465 0.21499407291412354 -0.05922150984406471
v -0.8433453440666199 0.21194903552532196 -0.05814468488097191
v -0.8434635400772095 0.21006660163402557 -0.05494263768196106
v -0.8481104373931885 0.21462313830852509 -0.05788307264447212
v -0.8495733737945557 0.21723900735378265 -0.057888489216566086
v -0.8493347764015198 0.21352675557136536 -0.05451512336730957
v -0.8465847969055176 0.21259625256061554 -0.057374127209186554
v -0.8470239639282227 0.21177329123020172 -0.05490117892622948
v -0.7976973056793213 0.21102160215377808 -0.06812166422605515
v -0.7959650754928589 0.20823067426681519 -0.07253880053758621
v -0.7900082468986511 0.20892156660556793 -0.0707513764500618
v -0.7919490337371826 0.2114960253238678 -0.06637425720691681
v -0.7983715534210205 0.22238601744174957 -0.06822338700294495
v -0.7991035580635071 0.21931925415992737 -0.0662493035197258
v -0.7931550741195679 0.2200063169002533 -0.06407667696475983
v -0.7918279767036438 0.2236987054347992 -0.06590336561203003
v -0.7969528436660767 0.22363032400608063 -0.07298602908849716
v -0.7898035049438477 0.22479265928268433 -0.07111161947250366
v -0.7852552533149719 0.22429871559143066 -0.0637696385383606
v -0.7869769334793091 0.21997244656085968 -0.061889033764600754
v -0.7771672606468201 0.21927958726882935 -0.05938894301652908
v -0.7755357027053833 0.22441507875919342 -0.061063770204782486
v -0.7989546060562134 0.21524956822395325 -0.06631113588809967
v -0.79316246509552 0.21566887199878693 -0.06430777907371521
v -0.7808738350868225 0.21050509810447693 -0.07621797174215317
v -0.7814674377441406 0.20813865959644318 -0.07323502004146576
v -0.7885889410972595 0.20886293053627014 -0.07518768310546875
v -0.7880017757415771 0.21115736663341522 -0.07802634686231613
v -0.7737355828285217 0.20983630418777466 -0.06121532991528511
v -0.7710877656936646 0.20737773180007935 -0.06549002975225449
v -0.776146650314331 0.21407479047775269 -0.059539951384067535
v -0.7808977365493774 0.2157648801803589 -0.07756011188030243
v -0.7811903357505798 0.22205710411071777 -0.07536756992340088
v -0.7704300284385681 0.2213289886713028 -0.07276009023189545
v -0.7696483135223389 0.2147865891456604 -0.07420329749584198
v -0.7869787812232971 0.2151518315076828 -0.062283143401145935
v -0.7831372618675232 0.2079092264175415 -0.06861931085586548
v -0.7853992581367493 0.21071040630340576 -0.06424102187156677
v -0.7826724052429199 0.22533608973026276 -0.06933549046516418
v -0.7882373929023743 0.22165527939796448 -0.07689423859119415
v -0.8045568466186523 0.21579496562480927 -0.08296056091785431
v -0.7944583296775818 0.21584923565387726 -0.08089961856603622
v -0.7942680716514587 0.21083985269069672 -0.08030623942613602
v -0.8042898774147034 0.2113029807806015 -0.08294352889060974
v -0.7878472805023193 0.2159232497215271 -0.079355888068676
v -0.7954431772232056 0.22099624574184418 -0.07834072411060333
v -0.8064765930175781 0.2100716233253479 -0.07112174481153488
v -0.8050448894500732 0.207712322473526 -0.07547108829021454
v -0.8076245188713074 0.21393921971321106 -0.0692833885550499
v -0.7726747393608093 0.22575317323207855 -0.06695549935102463
v -0.7692016363143921 0.2091406136751175 -0.07337784767150879
v -0.8078606724739075 0.22066719830036163 -0.07083616405725479
v -0.808156430721283 0.21770474314689636 -0.06905912607908249
v -0.7945532202720642 0.2081259787082672 -0.07728122919797897
v -0.8040381073951721 0.20807547867298126 -0.08018282800912857
v -0.8053127527236938 0.2201707661151886 -0.08034195005893707
v -0.8064621090888977 0.2223443239927292 -0.0751681923866272
v -0.8120713829994202 0.21970009803771973 -0.0821242555975914
v -0.8133047819137573 0.22149412333965302 -0.07696857303380966
v -0.81485515832901 0.2199965864419937 -0.07259296625852585
v -0.8146328926086426 0.21665409207344055 -0.07099391520023346
v -0.8135032653808594 0.21309950947761536 -0.07141103595495224
v -0.8114868998527527 0.21553030610084534 -0.08453605324029922
v -0.8109694719314575 0.21168485283851624 -0.08426617085933685
v -0.8099269270896912 0.20840789377689362 -0.08158627152442932
v -0.8164983987808228 0.21514751017093658 -0.08604171872138977
v -0.8182045221328735 0.2188856601715088 -0.0836200937628746
v -0.832047164440155 0.21703752875328064 -0.07670635730028152
v -0.8273137211799622 0.21762046217918396 -0.07506130635738373
v -0.8272637724876404 0.2185804843902588 -0.0772813931107521
v -0.8317646384239197 0.21861489117145538 -0.07844533026218414
v -0.8214077353477478 0.21936051547527313 -0.07445424795150757
v -0.8237510919570923 0.21947124600410461 -0.07676855474710464
v -0.8223100304603577 0.22024869918823242 -0.07955585420131683
v -0.8264744281768799 0.22008562088012695 -0.08080468326807022
v -0.8245502710342407 0.21835957467556 -0.08429931104183197
v -0.8289161324501038 0.2182186245918274 -0.08561220020055771
v -0.8309478759765625 0.21983347833156586 -0.08206751942634583
v -0.8215031027793884 0.21941716969013214 -0.0827234759926796
v -0.8346180319786072 0.21847979724407196 -0.0799003392457962
v -0.8354381322860718 0.21683844923973083 -0.07930696755647659
v -0.8187258243560791 0.22077849507331848 -0.07852335274219513
v -0.8201143145561218 0.2158961445093155 -0.07230669260025024
v -0.8261740207672119 0.21481360495090485 -0.07379759103059769
v -0.8315421342849731 0.2141878604888916 -0.07606884837150574
v -0.8346182107925415 0.2138766348361969 -0.07919738441705704
v -0.824664831161499 0.21162685751914978 -0.07455745339393616
v -0.8299981355667114 0.21125952899456024 -0.0768321231007576
v -0.8327401280403137 0.2112186849117279 -0.07955839484930038
v -0.8229642510414124 0.20892472565174103 -0.0766322910785675
v -0.828456461429596 0.20920780301094055 -0.07871156185865402
v -0.8166585564613342 0.20956218242645264 -0.07484624534845352
v -0.8184365034103394 0.2123870849609375 -0.07282882928848267
v -0.8309716582298279 0.2098650336265564 -0.08024241030216217
v -0.8356424570083618 0.216985821723938 -0.08355022221803665
v -0.8348432183265686 0.2137349545955658 -0.08383572101593018
v -0.8345184326171875 0.21930672228336334 -0.08306992053985596
v -0.823074221611023 0.21693578362464905 -0.08617909252643585
v -0.8279147148132324 0.2163465917110443 -0.08724203705787659
v -0.821938693523407 0.21416406333446503 -0.0871606320142746
v -0.8272906541824341 0.21386131644248962 -0.08793359994888306
v -0.8322626948356628 0.21655404567718506 -0.0868799090385437
v -0.832220196723938 0.21830976009368896 -0.08581174910068512
v -0.811930775642395 0.20991724729537964 -0.07331302016973495
v -0.8103766441345215 0.20800362527370453 -0.07708582282066345
v -0.8151015639305115 0.2078462541103363 -0.07838640362024307
v -0.8218038082122803 0.20740291476249695 -0.08040415495634079
v -0.8145022392272949 0.20831754803657532 -0.08264710009098053
v -0.8156136274337769 0.21146036684513092 -0.08526069670915604
v -0.8212431073188782 0.21112680435180664 -0.08656654506921768
v -0.8208673000335693 0.20825985074043274 -0.08435647189617157
v -0.8266497254371643 0.2111787497997284 -0.08731086552143097
v -0.826446533203125 0.20872361958026886 -0.08552676439285278
v -0.8273735046386719 0.20799709856510162 -0.08204668760299683
v -0.8305917382240295 0.21132853627204895 -0.08655230700969696
v -0.8316249847412109 0.2138988971710205 -0.08723514527082443
v -0.8328573107719421 0.21115323901176453 -0.08340480923652649
v -0.8294550180435181 0.20956166088581085 -0.08542091399431229
v -0.8306379318237305 0.20945237576961517 -0.08283951133489609
v -0.7694055438041687 0.2073216736316681 -0.0700690820813179
v -0.7728971242904663 0.2050439417362213 -0.09351640939712524
v -0.7707538604736328 0.20275044441223145 -0.0959467962384224
v -0.7667418122291565 0.20332838594913483 -0.09325052797794342
v -0.7687205076217651 0.20553332567214966 -0.09085661172866821
v -0.7737841606140137 0.21551096439361572 -0.09548881649971008
v -0.7750141620635986 0.2125319391489029 -0.0929645448923111
v -0.7705549597740173 0.2133646309375763 -0.0898219645023346
v -0.7691495418548584 0.21680821478366852 -0.09234240651130676
v -0.7708722949028015 0.2152770757675171 -0.09986741095781326
v -0.7660572528839111 0.21659435331821442 -0.09698548913002014
v -0.7637643814086914 0.21713320910930634 -0.08848492801189423
v -0.7654976844787598 0.2134130895137787 -0.08599717170000076
v -0.757490336894989 0.21322661638259888 -0.08049720525741577
v -0.7549502849578857 0.21770316362380981 -0.08244848996400833
v -0.7432915568351746 0.2035791277885437 -0.08879830688238144
v -0.7446481585502625 0.20111876726150513 -0.08510266989469528
v -0.7514713406562805 0.20151276886463165 -0.08862868696451187
v -0.7492460012435913 0.20318007469177246 -0.09195426851511002
v -0.7745183706283569 0.20859681069850922 -0.09255849570035934
v -0.7702601552009583 0.20914620161056519 -0.08954710513353348
v -0.7579371929168701 0.203509122133255 -0.09665104001760483
v -0.7600908279418945 0.20203688740730286 -0.09345758706331253
v -0.764729380607605 0.20257823169231415 -0.09638020396232605
v -0.7629511952400208 0.2038126289844513 -0.0994984433054924
v -0.7476070523262024 0.20067179203033447 -0.08121449500322342
v -0.7511714696884155 0.20213817059993744 -0.07747076451778412
v -0.7560502886772156 0.20433281362056732 -0.08197455108165741
v -0.7539747357368469 0.2019723653793335 -0.08519884198904037
v -0.7574687004089355 0.20795778930187225 -0.08078291267156601
v -0.7569007873535156 0.20730897784233093 -0.0983874723315239
v -0.7578550577163696 0.21275800466537476 -0.09736858308315277
v -0.7480298280715942 0.2128119170665741 -0.09254571795463562
v -0.7481299042701721 0.20710526406764984 -0.09344012290239334
v -0.7653818130493164 0.20898252725601196 -0.08621812611818314
v -0.762259304523468 0.20276927947998047 -0.09012145549058914
v -0.7641918063163757 0.20531898736953735 -0.08737047016620636
v -0.7603855729103088 0.21725519001483917 -0.0932953730225563
v -0.7634952664375305 0.21249057352542877 -0.10049280524253845
v -0.7727077603340149 0.2057841718196869 -0.10750685632228851
v -0.7666622400283813 0.20677734911441803 -0.10407204180955887
v -0.7669052481651306 0.20306196808815002 -0.10252508521080017
v -0.7726360559463501 0.20249439775943756 -0.10615598410367966
v -0.7622750401496887 0.20739740133285522 -0.10131626576185226
v -0.7681639790534973 0.21145793795585632 -0.10322372615337372
v -0.778659462928772 0.20424588024616241 -0.09688975661993027
v -0.7761727571487427 0.20191402733325958 -0.099331796169281
v -0.7801006436347961 0.2076299637556076 -0.09614409506320953
v -0.7509647011756897 0.21871963143348694 -0.08768648654222488
v -0.7798454761505127 0.21393240988254547 -0.0989808514714241
v -0.780815601348877 0.21107466518878937 -0.09667934477329254
v -0.7686275839805603 0.2019660323858261 -0.09919525682926178
v -0.7740171551704407 0.2012280821800232 -0.10290020704269409
v -0.7742765545845032 0.21017852425575256 -0.10658670961856842
v -0.7769237756729126 0.2137393355369568 -0.10305677354335785
v -0.7793530225753784 0.20941707491874695 -0.10949160903692245
v -0.7819007039070129 0.21300175786018372 -0.1059068888425827
v -0.784622073173523 0.21291227638721466 -0.10158920288085938
v -0.7851378917694092 0.210245743393898 -0.09910167008638382
v -0.7838748693466187 0.20693084597587585 -0.09855237603187561
v -0.7776671051979065 0.2050224244594574 -0.1102626845240593
v -0.7773719429969788 0.20229680836200714 -0.10849399119615555
v -0.7781450152397156 0.20132753252983093 -0.10518405586481094
v -0.782224178314209 0.20485234260559082 -0.11208893358707428
v -0.7845197319984436 0.20903946459293365 -0.11169036477804184
v -0.7974656820297241 0.20886430144309998 -0.10700088739395142
v -0.7940328121185303 0.20995277166366577 -0.10502772778272629
v -0.7935998439788818 0.21060986816883087 -0.10714109987020493
v -0.7967391610145569 0.21015729010105133 -0.10850170999765396
v -0.7891944646835327 0.21169811487197876 -0.10408728569746017
v -0.7905318140983582 0.21156078577041626 -0.10643891990184784
v -0.7885838747024536 0.21151307225227356 -0.10882683098316193
v -0.7918111681938171 0.2112255096435547 -0.11010775715112686
v -0.7899718880653381 0.20916150510311127 -0.1130773276090622
v -0.7934214472770691 0.20842652022838593 -0.1146453395485878
v -0.7953518629074097 0.21091946959495544 -0.11176823824644089
v -0.787541389465332 0.2101525366306305 -0.11146771907806396
v -0.7990998029708862 0.21008460223674774 -0.1100611463189125
v -0.8000389337539673 0.20846576988697052 -0.1096227616071701
v -0.7858973741531372 0.21213626861572266 -0.10772055387496948
v -0.7890509963035583 0.20937380194664001 -0.10141724348068237
v -0.7937681674957275 0.20814794301986694 -0.10363247990608215
v -0.7978060841560364 0.20684078335762024 -0.10634143650531769
v -0.7998448610305786 0.20589609444141388 -0.10951526463031769
v -0.7922386527061462 0.20576179027557373 -0.10322418063879013
v -0.7964957356452942 0.20470651984214783 -0.10620018094778061
v -0.7982782125473022 0.2039387971162796 -0.10918158292770386
v -0.7902587056159973 0.20332883298397064 -0.1038236990571022
v -0.7946255803108215 0.20284928381443024 -0.10672331601381302
v -0.785455048084259 0.20385876297950745 -0.1013435497879982
v -0.7875807285308838 0.20668640732765198 -0.10070403665304184
v -0.7967592477798462 0.20292630791664124 -0.1088099256157875
v -0.7993858456611633 0.20767377316951752 -0.11341986805200577
v -0.7990625500679016 0.20511093735694885 -0.11277308315038681
v -0.7982444763183594 0.21020109951496124 -0.11330557614564896
v -0.7884423732757568 0.2070808857679367 -0.11419038474559784
v -0.792799174785614 0.2061867117881775 -0.11570429056882858
v -0.7869209051132202 0.20426183938980103 -0.1138685792684555
v -0.7922557592391968 0.2037304937839508 -0.11518935114145279
v -0.7965472340583801 0.20649778842926025 -0.11564090847969055
v -0.7961471080780029 0.20848461985588074 -0.11529026925563812
v -0.7821140289306641 0.20391349494457245 -0.09934943169355392
v -0.7799533009529114 0.20190350711345673 -0.10170704126358032
v -0.78323894739151 0.20165270566940308 -0.10361269116401672
v -0.7880427837371826 0.20120540261268616 -0.10590331256389618
v -0.7817543148994446 0.20095255970954895 -0.1070583239197731
v -0.7813335657119751 0.20206724107265472 -0.11029279977083206
v -0.7865666151046753 0.201809823513031 -0.11231356114149094
v -0.7868772149085999 0.20044958591461182 -0.10929635912179947
v -0.7919999361038208 0.20182980597019196 -0.11356194317340851
v -0.7922370433807373 0.20081187784671783 -0.11111635714769363
v -0.793192446231842 0.201364666223526 -0.10839342325925827
v -0.79591304063797 0.20260679721832275 -0.11320190131664276
v -0.7964569330215454 0.20419837534427643 -0.11480429023504257
v -0.7979143857955933 0.2033696323633194 -0.11157191544771194
v -0.7952366471290588 0.20172327756881714 -0.11172109842300415
v -0.7963235378265381 0.20219193398952484 -0.11030744016170502
v -0.7431766986846924 0.206880122423172 -0.0905519425868988
v -0.7377539277076721 0.20676018297672272 0.023098759353160858
v -0.739863395690918 0.2045544981956482 0.01897246018052101
v -0.734654426574707 0.18989862501621246 0.01972225308418274
v -0.7383759021759033 0.19447994232177734 0.01671530306339264
v -0.7306268811225891 0.18896445631980896 0.02481449767947197
v -0.7286282777786255 0.19583193957805634 0.03195467218756676
v -0.7287875413894653 0.1914360374212265 0.02928186021745205
v -0.740444540977478 0.20032279193401337 0.016570797190070152
v -0.7343833446502686 0.20656420290470123 0.0282087754458189
v -0.7305765151977539 0.20190627872943878 0.031804148107767105
v -0.7424926161766052 0.20542551577091217 0.034174367785453796
v -0.739008903503418 0.20056624710559845 0.0381149984896183
v -0.7367152571678162 0.19400063157081604 0.0381695032119751
v -0.7360690832138062 0.1894698143005371 0.034335941076278687
v -0.7368375062942505 0.1873566210269928 0.029119553044438362
v -0.7452529668807983 0.2061060070991516 0.0283589418977499
v -0.7463996410369873 0.20371310412883759 0.02340056747198105
v -0.7455376386642456 0.19867397844791412 0.020741691812872887
v -0.752419114112854 0.20534676313400269 0.03341151028871536
v -0.752400815486908 0.20438586175441742 0.04079928994178772
v -0.7555676102638245 0.19017349183559418 0.04915768653154373
v -0.7509386539459229 0.19051361083984375 0.04687093198299408
v -0.752252459526062 0.19409385323524475 0.04882585257291794
v -0.7555699944496155 0.19374585151672363 0.05128563195466995
v -0.7460099458694458 0.19272015988826752 0.044307906180620193
v -0.7499450445175171 0.19517900049686432 0.04701817035675049
v -0.7516956329345703 0.19946281611919403 0.04669257253408432
v -0.7541482448577881 0.19941450655460358 0.049057573080062866
v -0.7540435791015625 0.20286117494106293 0.04528149217367172
v -0.7570379376411438 0.20346343517303467 0.04665139690041542
v -0.7574562430381775 0.19904091954231262 0.05191373452544212
v -0.7591768503189087 0.1941036731004715 0.05302317067980766
v -0.7611403465270996 0.19796083867549896 0.05322536826133728
v -0.7603331804275513 0.19156968593597412 0.051435213536024094
v -0.7480754852294922 0.19959664344787598 0.04358220100402832
v -0.7431818246841431 0.18817473948001862 0.03931534290313721
v -0.7500963807106018 0.18751639127731323 0.04319368675351143
v -0.7564570903778076 0.18767772614955902 0.046056102961301804
v -0.7618510723114014 0.18984922766685486 0.04777038097381592
v -0.7510170936584473 0.18581749498844147 0.03804602473974228
v -0.7579129934310913 0.18723636865615845 0.04149172082543373
v -0.7620983719825745 0.18979144096374512 0.04352729767560959
v -0.753325343132019 0.18747703731060028 0.03318646550178528
v -0.7593764662742615 0.18889829516410828 0.03790867701172829
v -0.7448742985725403 0.18744254112243652 0.027593012899160385
v -0.7430303692817688 0.18601840734481812 0.03340167552232742
v -0.762073814868927 0.19033020734786987 0.04058937728404999
v -0.7644503712654114 0.19582782685756683 0.05177025496959686
v -0.7653495669364929 0.19423210620880127 0.04743636026978493
v -0.758481502532959 0.20441362261772156 0.04267162084579468
v -0.7601574063301086 0.20294585824012756 0.04919585958123207
v -0.7625600099563599 0.20336537063121796 0.04554831609129906
v -0.7590349316596985 0.20408307015895844 0.03768528252840042
v -0.7637333869934082 0.2019440084695816 0.04151828587055206
v -0.7649428248405457 0.2008630633354187 0.04884147271513939
v -0.7625452876091003 0.20154668390750885 0.05142267793416977
v -0.7393086552619934 0.188444584608078 0.023868462070822716
v -0.7427735328674316 0.19278308749198914 0.021049117669463158
v -0.7482151985168457 0.19234822690486908 0.024495067074894905
v -0.7557764053344727 0.19194850325584412 0.03005734086036682
v -0.7512338161468506 0.19831699132919312 0.0244059469550848
v -0.7527278065681458 0.20353315770626068 0.027786465361714363
v -0.7594901919364929 0.2017914056777954 0.033169638365507126
v -0.7583080530166626 0.19728758931159973 0.030206764116883278
v -0.7638245820999146 0.19948792457580566 0.03814982250332832
v -0.7627454400062561 0.19612088799476624 0.03595346584916115
v -0.7610917091369629 0.1922203153371811 0.036083802580833435
v -0.7653182148933411 0.1967875063419342 0.04159150272607803
v -0.7659423351287842 0.1988936811685562 0.04505596682429314
v -0.764646053314209 0.19333775341510773 0.04342411458492279
v -0.7641840577125549 0.19525334239006042 0.03936515375971794
v -0.763384997844696 0.19273076951503754 0.04011639207601547
v -0.7391291856765747 0.19937437772750854 -0.08327105641365051
v -0.7419371604919434 0.19854892790317535 -0.07783059030771255
v -0.7345932722091675 0.19742999970912933 -0.07608707249164581
v -0.725767195224762 0.19606082141399384 -0.0746099203824997
v -0.7167499661445618 0.19786487519741058 -0.0790165364742279
v -0.7274893522262573 0.1968148648738861 -0.06797518581151962
v -0.7363775968551636 0.1982186734676361 -0.06977397948503494
v -0.7462612390518188 0.19992603361606598 -0.07160181552171707
v -0.721849262714386 0.19725321233272552 -0.061010848730802536
v -0.038776788860559464 0.48824188113212585 0.1014874279499054
v -0.03557053208351135 0.4894392490386963 0.10321129858493805
v -0.0379844531416893 0.4819938540458679 0.10145772993564606
v -0.04066052660346031 0.4821345806121826 0.09980970621109009
v -0.030702628195285797 0.48233282566070557 0.10401201248168945
v -0.03507756069302559 0.4817974269390106 0.10329374670982361
v -0.030871720984578133 0.49019384384155273 0.10446108132600784
v -0.02541539818048477 0.4899524748325348 0.10435014218091965
v -0.01747828722000122 0.4860605001449585 0.10216240584850311
v -0.015737349167466164 0.48477762937545776 0.10249317437410355
v -0.016604522243142128 0.4838414192199707 0.10310108214616776
v -0.018924323841929436 0.4837004542350769 0.10315516591072083
v -0.022696014493703842 0.4831707179546356 0.10409668833017349
v -0.04352978989481926 0.4844053387641907 0.09695731848478317
v -0.04259296506643295 0.4857008159160614 0.09792010486125946
v -0.04100106284022331 0.48706650733947754 0.09963569045066833
v -0.02665174938738346 0.48274436593055725 0.10441133379936218
v -0.042579688131809235 0.48261767625808716 0.09809620678424835
v -0.0435221791267395 0.48329591751098633 0.09702610969543457
v -0.02086636610329151 0.4886983036994934 0.10309997200965881
v -0.03101244568824768 0.48470374941825867 0.10401952266693115
v -0.03503209352493286 0.4844171404838562 0.1029302179813385
v -0.03122483752667904 0.48754897713661194 0.10424638539552689
v -0.026416044682264328 0.48759838938713074 0.10441441833972931
v -0.020576925948262215 0.48481711745262146 0.10339955985546112
v -0.023142021149396896 0.4849056303501129 0.10404431074857712
v -0.03810693323612213 0.4840535819530487 0.10132715106010437
v -0.026866169646382332 0.4849581718444824 0.10437560826539993
v -0.035498231649398804 0.486966609954834 0.1030142530798912
v -0.022396370768547058 0.486922025680542 0.10383173823356628
v -0.02003488689661026 0.48595699667930603 0.10307273268699646
v -0.0427493192255497 0.484279990196228 0.09754385054111481
v -0.04273749515414238 0.48386484384536743 0.09754438698291779
v -0.013656373135745525 0.2221004068851471 0.07896532863378525
v -0.014498898759484291 0.20488780736923218 0.08697917312383652
v -0.038372863084077835 0.48619529604911804 0.10123822093009949
v -0.04182549566030502 0.4838443398475647 0.09840073436498642
v -0.040283579379320145 0.483903706073761 0.09972149133682251
v -0.04044932872056961 0.485515296459198 0.09958688169717789
v -0.041896920651197433 0.484846293926239 0.09829627722501755
v -0.30179110169410706 0.20836900174617767 0.028423713520169258
v -0.30195352435112 0.226119726896286 0.026284927502274513
v -0.30255135893821716 0.2617073655128479 -0.01856348104774952
v -0.2988664507865906 0.2595932185649872 -0.04162779077887535
v -0.07425176352262497 -0.11294613778591156 0.13830895721912384
v -0.11687801033258438 -0.059610042721033096 -0.0670924186706543
v -0.12146490812301636 -0.034568049013614655 -0.06973378360271454
v -0.03894498944282532 -0.04358933866024017 -0.09852371364831924
v -0.06110600009560585 -0.04788874089717865 -0.09753496944904327
v -0.15227611362934113 -0.07868600636720657 0.04345741868019104
v -0.15218564867973328 -0.05466644465923309 0.0432102307677269
v -0.1122291162610054 -0.08691274374723434 0.10175856202840805
v -0.11204523593187332 -0.06122160702943802 0.10015739500522614
v -0.1446315199136734 -0.1063370406627655 0.06692773848772049
v -0.08273572474718094 -0.10422371327877045 -0.08469396084547043
v -0.10185874253511429 -0.10497021675109863 -0.07655889540910721
v -0.09900400042533875 -0.08040042221546173 -0.07707539200782776
v -0.08088500052690506 -0.07835906744003296 -0.08746139705181122
v -0.01773739419877529 -0.03966817259788513 -0.09387819468975067
v -0.017812972888350487 -0.06888718158006668 -0.08960869163274765
v -0.15838004648685455 -0.028613576665520668 0.020390799269080162
v -0.15923652052879333 -0.026045912876725197 -0.004841073416173458
v -0.14311306178569794 -0.01714310050010681 -0.05166446417570114
v -0.1285889446735382 -0.01104770228266716 -0.07092384248971939
v -0.11063958704471588 -0.003388478886336088 -0.08485223352909088
v -0.08992394804954529 0.003974365536123514 -0.09490819275379181
v -0.09476456791162491 -0.036133937537670135 0.11489669978618622
v -0.07494333386421204 -0.011531373485922813 0.1252574473619461
v -0.15204544365406036 -0.03071836568415165 0.044637154787778854
v -0.028658036142587662 -0.036474451422691345 0.1451355367898941
v -0.071502685546875 0.039187222719192505 -0.10386128723621368
v -0.04479067027568817 0.043988313525915146 -0.10710427165031433
v -0.15370027720928192 -0.022235097363591194 -0.02911214530467987
v -0.03057808242738247 0.15732602775096893 0.10562677681446075
v -0.048802319914102554 0.16038019955158234 0.10512631386518478
v -0.04745021462440491 0.14326384663581848 0.11292483657598495
v -0.02957228757441044 0.13901042938232422 0.1121707484126091
v -0.06472927331924438 0.14558835327625275 0.11236503720283508
v -0.0814770981669426 0.1467631757259369 0.11021738499403
v -0.09691521525382996 0.14731746912002563 0.10734259337186813
v -0.13506056368350983 0.14325255155563354 0.09581507742404938
v -0.12368623167276382 0.14556759595870972 0.10007376223802567
v -0.15336361527442932 0.1336313635110855 0.08463984727859497
v -0.14495490491390228 0.13948357105255127 0.09070974588394165
v -0.1591867059469223 0.1238391175866127 0.07588531821966171
v -0.1621948480606079 0.11217678338289261 0.06384637951850891
v -0.16957160830497742 0.11390739679336548 0.042955972254276276
v -0.1653914749622345 0.1005653664469719 0.04948490858078003
v -0.15749123692512512 0.09866993129253387 0.07081569731235504
v -0.15309548377990723 0.11093500256538391 0.08188648521900177
v -0.14690476655960083 0.12040235847234726 0.08990974724292755
v -0.018663622438907623 0.06554464250802994 0.12254023551940918
v -0.015138172544538975 0.09206988662481308 0.11892332136631012
v -0.012003358453512192 0.23813289403915405 0.0710955560207367
v -0.494536817073822 0.20225685834884644 -0.07306158542633057
v -0.6121915578842163 0.23244239389896393 -0.007796848192811012
v -0.015819096937775612 0.252069890499115 -0.08421089500188828
v -0.03333699703216553 0.25607091188430786 -0.08569561690092087
v -0.091297447681427 0.2711845338344574 -0.07571449875831604
v -0.10607106983661652 0.2806910276412964 -0.05748064070940018
v -0.07110770046710968 0.2612532675266266 -0.08595013618469238
v -0.05227919667959213 0.25138217210769653 -0.08994962275028229
v -0.13957075774669647 -0.009741447865962982 0.06830523163080215
v -0.036833371967077255 0.2166905254125595 -0.09564877301454544
v -0.05428362265229225 0.2392038255929947 -0.09475215524435043
v -0.07476793229579926 0.24974991381168365 -0.09202443063259125
v -0.09676313400268555 0.2605059742927551 -0.08237788081169128
v -0.11920668184757233 0.2717151641845703 -0.06401718407869339
v -0.1366174817085266 0.27026131749153137 -0.05692005157470703
v -0.1608136147260666 0.2551315128803253 -0.06320840120315552
v -0.17148037254810333 0.2556734085083008 -0.058394238352775574
v -0.18308208882808685 0.25775086879730225 -0.05455099418759346
v -0.1849183440208435 0.2706384062767029 -0.03867261856794357
v -0.1722053438425064 0.26850682497024536 -0.0422956608235836
v -0.26797759532928467 0.259318470954895 -0.04957239702343941
v -0.2813427448272705 0.2530239522457123 -0.0537734217941761
v -0.2891572117805481 0.24358892440795898 -0.061318375170230865
v -0.29302671551704407 0.23162806034088135 -0.06818966567516327
v -0.292845219373703 0.21788474917411804 -0.07347504794597626
v -0.2884153723716736 0.20363940298557281 -0.0756511464715004
v -0.2777462899684906 0.19148242473602295 -0.07440435886383057
v -0.23849955201148987 0.16961996257305145 -0.0658825933933258
v -0.2231137901544571 0.1619676798582077 -0.06340860575437546
v -0.18909212946891785 0.12671597301959991 -0.0634978860616684
v -0.18107162415981293 0.1184605285525322 -0.06450093537569046
v -0.16083914041519165 0.09293647110462189 -0.07025662064552307
v -0.15032614767551422 0.07764846086502075 -0.07388678193092346
v -0.1377858966588974 0.06001511216163635 -0.07948991656303406
v -0.09530145674943924 -0.2211381047964096 -0.08440198004245758
v -0.11571171879768372 -0.21733185648918152 -0.0760272815823555
v -0.11336726695299149 -0.19919529557228088 -0.07463587075471878
v -0.09253386408090591 -0.2023480236530304 -0.08075585961341858
v -0.045754920691251755 -0.15926115214824677 -0.081410251557827
v -0.02374228648841381 -0.1606193482875824 -0.0769214779138565
v -0.1625519096851349 -0.1953389048576355 -0.02318761870265007
v -0.16793976724147797 -0.19867879152297974 0.0027043612208217382
v -0.13351543247699738 -0.19587796926498413 -0.06253962963819504
v -0.15007932484149933 -0.19466984272003174 -0.0452488474547863
v -0.165161594748497 -0.20480477809906006 0.029179682955145836
v -0.10799501091241837 -0.23799888789653778 0.10958059132099152
v -0.08729851990938187 -0.24377158284187317 0.12465819716453552
v -0.04485530033707619 -0.251736044883728 0.14399488270282745
v -0.024644499644637108 -0.25419649481773376 0.14802101254463196
v -0.1565576195716858 -0.21347185969352722 0.05263456702232361
v -0.06589570641517639 -0.2482932209968567 0.13631191849708557
v -0.14401166141033173 -0.22263497114181519 0.07320769131183624
v -0.12710534036159515 -0.23119397461414337 0.0919504165649414
v -0.0674208477139473 -0.15800227224826813 -0.08310704678297043
v -0.06961499154567719 -0.1832113116979599 -0.08208208531141281
v -0.09052426367998123 -0.1808265745639801 -0.08033396303653717
v -0.040657393634319305 0.11617916822433472 -0.10878333449363708
v -0.06327897310256958 0.11860844492912292 -0.1117195338010788
v -0.08541169762611389 0.12330097705125809 -0.11358445882797241
v -0.10011062026023865 0.14922013878822327 -0.1142653301358223
v -0.10608578473329544 0.13083970546722412 -0.1113538071513176
v -0.12374177575111389 0.1400640904903412 -0.10573426634073257
v -0.11790936440229416 0.15805383026599884 -0.1085914596915245
v -0.15047043561935425 0.17438767850399017 -0.09254277497529984
v -0.15281100571155548 0.15900452435016632 -0.08994530141353607
v -0.16501472890377045 0.16656850278377533 -0.08611582219600677
v -0.1637526899576187 0.1813948005437851 -0.08902616053819656
v -0.17726321518421173 0.17305590212345123 -0.0841648206114769
v -0.18870194256305695 0.17752300202846527 -0.08090851455926895
v -0.20207376778125763 0.1824823021888733 -0.07783862948417664
v -0.2166547179222107 0.18805864453315735 -0.07613876461982727
v -0.21168997883796692 0.21227329969406128 -0.07846274971961975
v -0.19834479689598083 0.2069350630044937 -0.0801963061094284
v -0.15007127821445465 0.19147485494613647 -0.09330663084983826
v -0.13289740681648254 0.184651717543602 -0.10030438750982285
v -0.038051802664995193 0.15264229476451874 -0.1064281165599823
v -0.018809953704476357 0.14989420771598816 -0.1015995517373085
v -0.17112863063812256 0.09402628988027573 0.03168958052992821
v -0.1765250861644745 0.08887183666229248 0.01181991770863533
v -0.18083228170871735 0.08641675859689713 -0.007554362528026104
v -0.18094207346439362 0.08685343712568283 -0.024660583585500717
v -0.17906154692173004 0.09009408950805664 -0.04154634103178978
v -0.1740560233592987 0.09515788406133652 -0.05582694336771965
v -0.1740783452987671 0.11035118997097015 -0.06619863957166672
v -0.16779325902462006 0.10216567665338516 -0.06799373030662537
v -0.16867053508758545 0.11980527639389038 -0.07478295266628265
v -0.1610778123140335 0.11120893806219101 -0.07790379971265793
v -0.15381555259227753 0.12228766828775406 -0.08571867644786835
v -0.14570827782154083 0.13482128083705902 -0.09229488670825958
v -0.1387123316526413 0.14968504011631012 -0.09759508073329926
v -0.13420966267585754 0.16658872365951538 -0.10036418586969376
v -0.11527977138757706 0.17739088833332062 -0.1081712394952774
v -0.09709613025188446 0.16920804977416992 -0.11399701237678528
v -0.07689537107944489 0.1819744110107422 -0.11361901462078094
v -0.07659772783517838 0.2007349580526352 -0.10919807106256485
v -0.07769741863012314 0.16225388646125793 -0.11611969769001007
v -0.079671211540699 0.14208434522151947 -0.11609083414077759
v -0.07573497295379639 0.2956705689430237 -0.05738700553774834
v -0.05876550450921059 0.2895515263080597 -0.06869754195213318
v -0.26683831214904785 0.20318742096424103 -0.07516063004732132
v -0.2655220627784729 0.19589929282665253 -0.07482092082500458
v -0.2707742154598236 0.1947627067565918 -0.0748656690120697
v -0.2764098346233368 0.20468837022781372 -0.07531428337097168
v -0.27902951836586 0.2164275199174881 -0.07402962446212769
v -0.2660006582736969 0.22376425564289093 -0.07230261713266373
v -0.2673759162425995 0.21350206434726715 -0.07442106306552887
v -0.27835795283317566 0.22814017534255981 -0.0704328641295433
v -0.2749529182910919 0.23844270408153534 -0.06574791669845581
v -0.2630425989627838 0.23341311514377594 -0.06895611435174942
v -0.26908639073371887 0.24686101078987122 -0.061107274144887924
v -0.2591869831085205 0.24146224558353424 -0.06556270271539688
v -0.26040753722190857 0.2523365020751953 -0.05833077430725098
v -0.2556723654270172 0.24653370678424835 -0.06296447664499283
v -0.22319337725639343 0.2402620166540146 -0.06890393793582916
v -0.23552682995796204 0.24337084591388702 -0.06672052294015884
v -0.24739700555801392 0.24535860121250153 -0.06450681388378143
v -0.23150129616260529 0.19463518261909485 -0.07549414038658142
v -0.24464300274848938 0.20262658596038818 -0.07559740543365479
v -0.25636574625968933 0.20929867029190063 -0.07541728019714355
v -0.2544797658920288 0.21914656460285187 -0.0741395428776741
v -0.2424307018518448 0.2126864492893219 -0.07555554062128067
v -0.22936242818832397 0.2051691859960556 -0.0768100842833519
v -0.037917282432317734 0.13595174252986908 -0.10901874303817749
v -0.05843266472220421 0.13838107883930206 -0.11286234110593796
v -0.17611916363239288 0.18636290729045868 -0.08609198778867722
v -0.1873328983783722 0.1897377222776413 -0.0831926167011261
v -0.19984713196754456 0.19308508932590485 -0.08028866350650787
v -0.21414712071418762 0.1991608738899231 -0.07836207002401352
v -0.1868787258863449 0.20321933925151825 -0.08320270478725433
v -0.17554734647274017 0.20023879408836365 -0.08627630025148392
v -0.1631999909877777 0.1966010332107544 -0.08945496380329132
v -0.05796210840344429 0.15688841044902802 -0.11197124421596527
v -0.018906520679593086 0.13376928865909576 -0.10510533303022385
v -0.1937774121761322 0.24030917882919312 0.050031982362270355
v -0.19270442426204681 0.263465940952301 0.035202160477638245
v -0.19210174679756165 0.27729254961013794 0.011197024956345558
v -0.18896016478538513 0.2791980504989624 -0.01573522761464119
v -0.4221717417240143 0.17346902191638947 -0.03167163208127022
v -0.0193893164396286 -0.09863749146461487 -0.08521191775798798
v -0.02146913670003414 -0.12931278347969055 -0.08049933612346649
v -0.04295482486486435 -0.13031119108200073 -0.08497097343206406
v -0.020662976428866386 0.0466000959277153 -0.10416904091835022
v -0.020050931721925735 0.1148863360285759 -0.10574232041835785
v -0.10356639325618744 0.11599050462245941 0.11783447116613388
v -0.09124232083559036 0.11634532362222672 0.12112761288881302
v -0.09348594397306442 0.1318795531988144 0.11492418497800827
v -0.10649830847978592 0.13169999420642853 0.11148678511381149
v -0.12476945668458939 0.11433131247758865 0.10861663520336151
v -0.11478499323129654 0.11553314328193665 0.11373388767242432
v -0.11843234300613403 0.13087043166160583 0.10725966095924377
v -0.1291620284318924 0.1290760040283203 0.10246924310922623
v -0.1337137222290039 0.11135061085224152 0.10276898741722107
v -0.13869737088680267 0.125871479511261 0.09698649495840073
v -0.11308097839355469 0.09883102774620056 0.1193050965666771
v -0.10239076614379883 0.09954620897769928 0.12348572164773941
v -0.09014436602592468 0.10026441514492035 0.1258658766746521
v -0.12997160851955414 0.09605824202299118 0.10765983909368515
v -0.12208715826272964 0.09804991632699966 0.11364752799272537
v -0.0032153192441910505 0.36094343662261963 0.10786481201648712
v -0.004575558938086033 0.36869263648986816 0.12271644920110703
v 0.00029926298884674907 0.4152633547782898 0.13211701810359955
v 0.0006772199994884431 0.41977959871292114 0.13022445142269135
v -0.008590287528932095 0.2619917690753937 0.05893976613879204
v -0.007666132878512144 0.2734278738498688 0.057396791875362396
v -0.013370832428336143 0.11423396319150925 0.11492131650447845
v -0.012891149148344994 0.1525414139032364 0.10541187226772308
v -0.013990763574838638 0.16895106434822083 0.09890758991241455
v -0.014454212971031666 0.18703261017799377 0.09356959164142609
v -0.010525780729949474 0.2510794699192047 0.06411046534776688
v -0.012743069790303707 0.13374795019626617 0.11044800281524658
v -0.16937869787216187 -0.3820933401584625 -0.07399539649486542
v -0.15097661316394806 -0.3999169170856476 -0.09633757919073105
v -0.15665709972381592 -0.3736456632614136 -0.09081410616636276
v -0.14309698343276978 -0.3871055543422699 -0.10627000778913498
v -0.16707885265350342 -0.3024419844150543 -0.05932097136974335
v -0.16567303240299225 -0.3295125365257263 -0.06776703894138336
v -0.16773317754268646 -0.27506396174430847 -0.054572246968746185
v -0.12249007821083069 -0.3962056040763855 -0.1202324703335762
v -0.09577727317810059 -0.4000172019004822 -0.12953104078769684
v -0.09264782071113586 -0.3808906078338623 -0.13291248679161072
v -0.15032526850700378 -0.2792462408542633 -0.0777149498462677
v -0.15100078284740448 -0.3058376610279083 -0.08329900354146957
v -0.1479916274547577 -0.369304895401001 -0.09949840605258942
v -0.16334079205989838 -0.3536616861820221 -0.07830624282360077
v -0.14961709082126617 -0.35395902395248413 -0.09569048881530762
v -0.11789041757583618 -0.3789092004299164 -0.12381626665592194
v -0.1368979513645172 -0.3745507001876831 -0.1110357865691185
v -0.0536775179207325 -0.2275175303220749 -0.09113146364688873
v -0.030201086774468422 -0.24820220470428467 -0.1021510437130928
v -0.05644213408231735 -0.24685442447662354 -0.10098512470722198
v -0.13485080003738403 -0.2138816863298416 -0.06285271793603897
v -0.12061639130115509 -0.23678754270076752 -0.08220405876636505
v -0.13417218625545502 -0.35655102133750916 -0.11108487099409103
v -0.11446917802095413 -0.35838189721107483 -0.12449520081281662
v -0.0892169252038002 -0.35898351669311523 -0.1340509057044983
v -0.08533693104982376 -0.2867201566696167 -0.11865943670272827
v -0.08620506525039673 -0.3102630376815796 -0.1270519644021988
v -0.10989395529031754 -0.31017956137657166 -0.11801964789628983
v -0.10916674882173538 -0.28534531593322754 -0.10978344082832336
v -0.12678392231464386 -0.2582241892814636 -0.08981451392173767
v -0.13063021004199982 -0.28307706117630005 -0.0961730033159256
v -0.08306533843278885 -0.2642902731895447 -0.10864414274692535
v -0.10576014220714569 -0.2613837420940399 -0.10134031623601913
v -0.10019861906766891 -0.24055981636047363 -0.09199288487434387
v -0.13203175365924835 -0.30894529819488525 -0.1029379665851593
v -0.058410126715898514 -0.33584246039390564 -0.13628192245960236
v -0.08717739582061768 -0.33490246534347534 -0.13236558437347412
v -0.028949016705155373 -0.3368974030017853 -0.13370057940483093
v -0.0791967511177063 -0.24400606751441956 -0.0977087989449501
v -0.074883371591568 -0.22447462379932404 -0.08863870054483414
v -0.07166425883769989 -0.20479954779148102 -0.0831390991806984
v -0.06462685763835907 -0.1308734118938446 -0.08507799357175827
v -0.11144085973501205 -0.6165727972984314 0.07975175976753235
v 0.0006964282947592437 -0.4427129030227661 0.022149337455630302
v 0.00016006221994757652 -0.43255048990249634 -0.007700297981500626
v -0.18300895392894745 -0.3496067523956299 0.05096646025776863
v -0.1877891719341278 -0.3622618317604065 -0.026723815128207207
v -0.17657186090946198 -0.3565892279148102 -0.055348124355077744
v -0.025321152061223984 -0.44548967480659485 0.09331618249416351
v -0.009178560227155685 -0.45029282569885254 0.07061222940683365
v -0.1644887924194336 -0.36098381876945496 0.07917662709951401
v -0.10803084075450897 -0.4139322340488434 0.11671959608793259
v -0.0016598396468907595 -0.4493635892868042 0.0471646822988987
v -0.15025511384010315 -0.33120614290237427 -0.08927474915981293
v -0.13291463255882263 -0.33423182368278503 -0.10802611708641052
v -0.11184148490428925 -0.3352113664150238 -0.12249880284070969
v -0.06014653667807579 -0.3591693639755249 -0.1374358981847763
v -0.029064442962408066 -0.35896366834640503 -0.13366667926311493
v -0.021774185821413994 -0.3968595266342163 0.12627027928829193
v -0.01912478543817997 -0.3883588910102844 0.13401874899864197
v -0.011357977986335754 -0.3911063075065613 0.13532307744026184
v -0.010867306962609291 -0.4051332473754883 0.12551327049732208
v -0.10501397401094437 -0.26036182045936584 0.1069408729672432
v -0.08239567279815674 -0.26661360263824463 0.11998370289802551
v -0.03999219089746475 -0.2746126055717468 0.13735590875148773
v -0.02121979370713234 -0.2768562138080597 0.14136844873428345
v -0.15998944640159607 -0.23280440270900726 0.053311318159103394
v -0.060346052050590515 -0.2711719572544098 0.13031288981437683
v -0.14695866405963898 -0.24287369847297668 0.07406311482191086
v -0.12754355370998383 -0.25265002250671387 0.0914819985628128
v -0.06529094278812408 -1.012557029724121 -0.04307454824447632
v -0.06444218009710312 -1.0375036001205444 -0.03821025416254997
v -0.06615065038204193 -1.0369356870651245 -0.054038334637880325
v -0.06287642568349838 -1.0112134218215942 -0.05875590443611145
v -0.0805857703089714 -1.0078401565551758 -0.08836133033037186
v -0.06840100884437561 -1.009727954864502 -0.08068287372589111
v -0.09647231549024582 -1.0075626373291016 -0.09013983607292175
v -0.09418872743844986 -1.0344383716583252 -0.0886007770895958
v -0.1065436452627182 -1.035278558731079 -0.08094897121191025
v -0.11096348613500595 -1.0085641145706177 -0.0848345085978508
v -0.12072805315256119 -1.0095288753509521 -0.07485541701316833
v -0.12339438498020172 -1.0370259284973145 -0.05995318293571472
v -0.12558911740779877 -1.0374350547790527 -0.04113902151584625
v -0.1299150288105011 -1.012669324874878 -0.04335969686508179
v -0.12727680802345276 -1.0108298063278198 -0.06227704510092735
v -0.12547442317008972 -1.0159687995910645 -0.021513473242521286
v -0.12199411541223526 -1.039266586303711 -0.019306348636746407
v -0.10979682952165604 -1.0170687437057495 -0.009901393204927444
v -0.07101981341838837 -1.0144935846328735 -0.02686726115643978
v -0.06779550015926361 -1.038336157798767 -0.02019277773797512
v -0.07891955226659775 -1.034569263458252 -0.08774581551551819
v -0.0682823583483696 -1.036245584487915 -0.07690752297639847
v -0.06285414099693298 -1.0111165046691895 -0.07010893523693085
v -0.06684920936822891 -1.0367788076400757 -0.06527531892061234
v -0.06334418058395386 -1.0619335174560547 -0.04872329533100128
v -0.05814827233552933 -1.0611302852630615 -0.03189065679907799
v -0.07713913172483444 -1.0600637197494507 -0.0870228111743927
v -0.07016895711421967 -1.0613408088684082 -0.07231581211090088
v -0.10315049439668655 -1.0605075359344482 -0.07837853580713272
v -0.09213271737098694 -1.0596691370010376 -0.0891919955611229
v -0.12475869059562683 -1.0618784427642822 -0.0588717982172966
v -0.11616869270801544 -1.0360273122787476 -0.07176679372787476
v -0.11454992741346359 -1.061303973197937 -0.06968468427658081
v -0.12705311179161072 -1.0613386631011963 -0.03907126188278198
v -0.12166158854961395 -1.0612642765045166 -0.013978162780404091
v -0.0633210763335228 -1.0608900785446167 -0.012060398235917091
v -0.06754692643880844 -1.0619550943374634 -0.060552168637514114
v -0.12239925563335419 -1.1486178636550903 0.1425238698720932
v -0.11526434123516083 -1.1498303413391113 0.1444353461265564
v -0.11643101274967194 -1.144374966621399 0.14304088056087494
v -0.12089908868074417 -1.1441757678985596 0.14205026626586914
v -0.08078820258378983 -1.1496496200561523 0.1527780443429947
v -0.0687590166926384 -1.1533608436584473 0.1511712223291397
v -0.07011329382658005 -1.1412854194641113 0.15249961614608765
v -0.07811128348112106 -1.1395647525787354 0.15352407097816467
v -0.09988327324390411 -1.15019690990448 0.15248897671699524
v -0.10807398706674576 -1.1498064994812012 0.15183544158935547
v -0.10583725571632385 -1.1535370349884033 0.14866137504577637
v -0.10076592117547989 -1.1534723043441772 0.1492272913455963
v -0.14419567584991455 -1.1456618309020996 0.11194585263729095
v -0.14985135197639465 -1.1457624435424805 0.10921745002269745
v -0.1487945318222046 -1.1495802402496338 0.107730433344841
v -0.14471971988677979 -1.1502175331115723 0.10920741409063339
v -0.13163839280605316 -1.1489721536636353 0.13095144927501678
v -0.13742715120315552 -1.1492679119110107 0.12825916707515717
v -0.13616031408309937 -1.1525541543960571 0.12610317766666412
v -0.13238033652305603 -1.153322696685791 0.12773382663726807
v -0.08111666887998581 -1.1341102123260498 0.1324959248304367
v -0.08066073060035706 -1.1354604959487915 0.14586833119392395
v -0.06714469939470291 -1.1377955675125122 0.14395271241664886
v -0.06541144847869873 -1.1331472396850586 0.1307508945465088
v -0.06134555861353874 -1.148227334022522 0.14037752151489258
v -0.06978510320186615 -1.1535813808441162 0.1370895355939865
v -0.0681377649307251 -1.1539757251739502 0.12308429181575775
v -0.059221647679805756 -1.1455609798431396 0.1253128945827484
v -0.08240053802728653 -1.1535066366195679 0.1387045532464981
v -0.08231282234191895 -1.1538372039794922 0.12580914795398712
v -0.08936551213264465 -1.145363688468933 0.12987391650676727
v -0.09048223495483398 -1.144866704940796 0.14432239532470703
v -0.10921671986579895 -1.144318699836731 0.13201457262039185
v -0.11225277185440063 -1.1469849348068237 0.14366047084331512
v -0.10629040747880936 -1.140968918800354 0.14513325691223145
v -0.1041436567902565 -1.1368645429611206 0.13331404328346252
v -0.09792904555797577 -1.141849398612976 0.14652499556541443
v -0.09259062260389328 -1.1377806663513184 0.13499434292316437
v -0.08959605544805527 -1.1479905843734741 0.13294866681098938
v -0.09224610775709152 -1.1485768556594849 0.14665286242961884
v -0.09754401445388794 -1.1535327434539795 0.1424178034067154
v -0.09483759850263596 -1.1532853841781616 0.12933453917503357
v -0.10437843203544617 -1.1523587703704834 0.12892021238803864
v -0.10683824121952057 -1.1535084247589111 0.14121855795383453
v -0.12259946763515472 -1.1368616819381714 0.1255093663930893
v -0.12204238772392273 -1.1419929265975952 0.13626928627490997
v -0.1144060492515564 -1.1427608728408813 0.13728897273540497
v -0.11182834208011627 -1.1382529735565186 0.1278904676437378
v -0.11042191833257675 -1.150369644165039 0.1373412013053894
v -0.11589818447828293 -1.1536030769348145 0.13533933460712433
v -0.11384711414575577 -1.152677297592163 0.12475623190402985
v -0.10853687673807144 -1.148400902748108 0.12775889039039612
v -0.12340002506971359 -1.1515626907348633 0.12340135872364044
v -0.12321782112121582 -1.1535569429397583 0.1343771070241928
v -0.12789985537528992 -1.1431940793991089 0.12557043135166168
v -0.1271815448999405 -1.1472963094711304 0.13550059497356415
v -0.14293208718299866 -1.1433402299880981 0.1116224005818367
v -0.14137239754199982 -1.1476173400878906 0.12100706249475479
v -0.13822190463542938 -1.1421442031860352 0.12239929288625717
v -0.1393817514181137 -1.1367381811141968 0.11254122108221054
v -0.13200241327285767 -1.1418300867080688 0.1243196502327919
v -0.13114915788173676 -1.1378198862075806 0.1166754886507988
v -0.12793171405792236 -1.1465718746185303 0.12526656687259674
v -0.13062666356563568 -1.153586745262146 0.12263365834951401
v -0.1306808888912201 -1.1518865823745728 0.11426084488630295
v -0.1280897557735443 -1.1438714265823364 0.11862921714782715
v -0.1375797688961029 -1.1536325216293335 0.12054150551557541
v -0.1389170140028 -1.151366114616394 0.11048339307308197
v -0.15266826748847961 -1.1360591650009155 0.09548254311084747
v -0.1544332057237625 -1.1431050300598145 0.09222424775362015
v -0.15352006256580353 -1.1447135210037231 0.10229071974754333
v -0.1509985625743866 -1.1393272876739502 0.10372409969568253
v -0.14537934958934784 -1.138843059539795 0.10651616752147675
v -0.14589303731918335 -1.135913372039795 0.10057680308818817
v -0.1417364776134491 -1.1437629461288452 0.10675735026597977
v -0.14311309158802032 -1.1508870124816895 0.10414502769708633
v -0.1437627524137497 -1.1499208211898804 0.09808836132287979
v -0.14333058893680573 -1.1419864892959595 0.10200706124305725
v -0.15002870559692383 -1.1503496170043945 0.10218361765146255
v -0.15030325949192047 -1.1489284038543701 0.09368015080690384
v -0.06514814496040344 -1.1291402578353882 0.1168595626950264
v -0.0855063796043396 -1.1337462663650513 0.11945018917322159
v -0.07194595038890839 -1.1533530950546265 0.14662817120552063
v -0.05930280685424805 -1.1435610055923462 0.11063198745250702
v -0.07897582650184631 -1.1533712148666382 0.14715352654457092
v -0.0866481363773346 -1.1534978151321411 0.11379522830247879
v -0.06888354569673538 -1.153529405593872 0.10838770866394043
v -0.08828875422477722 -1.145750880241394 0.12409469485282898
v -0.10606101900339127 -1.1445280313491821 0.15115836262702942
v -0.10748827457427979 -1.1460115909576416 0.12238198518753052
v -0.10732050240039825 -1.1528700590133667 0.11265778541564941
v -0.10122382640838623 -1.144999623298645 0.1519424021244049
v -0.10563318431377411 -1.1340051889419556 0.11756806820631027
v -0.12466558814048767 -1.1347692012786865 0.108391173183918
v -0.11743293702602386 -1.1534607410430908 0.14155851304531097
v -0.1213112622499466 -1.1534537076950073 0.1408683806657791
v -0.12659119069576263 -1.152345895767212 0.1060381755232811
v -0.12823590636253357 -1.1425930261611938 0.1165570616722107
v -0.1366696059703827 -1.1449213027954102 0.12805069983005524
v -0.1439739614725113 -1.1413995027542114 0.10220431536436081
v -0.1416066735982895 -1.1512113809585571 0.09479428082704544
v -0.13319872319698334 -1.1445223093032837 0.12905776500701904
v -0.14170369505882263 -1.1330031156539917 0.09682045876979828
v -0.14851248264312744 -1.1422297954559326 0.10828708112239838
v -0.15626096725463867 -1.1417555809020996 0.07992744445800781
v -0.15142574906349182 -1.1498061418533325 0.08293531835079193
v -0.1455046385526657 -1.1415654420852661 0.11010400950908661
v -0.15367519855499268 -1.1327351331710815 0.08497465401887894
v -0.07986295968294144 -1.0160462856292725 -0.013876835815608501
v -0.07772697508335114 -1.0390071868896484 -0.0065275016240775585
v -0.09324061870574951 -1.017258644104004 -0.007692093960940838
v -0.10724083334207535 -1.0402685403823853 -0.005554238799959421
v -0.09140414744615555 -1.0403691530227661 -0.0019570670556277037
v -0.07576284557580948 -1.0605326890945435 0.0037373136729002
v -0.10605846345424652 -1.0614644289016724 0.0007108160643838346
v -0.09030085057020187 -1.060564637184143 0.007502507418394089
v -0.12466341257095337 -1.0809247493743896 -0.06048470363020897
v -0.1282203644514084 -1.0809680223464966 -0.03998100385069847
v -0.11314201354980469 -1.080249547958374 -0.07075592875480652
v -0.09226192533969879 -1.0787853002548218 -0.09253199398517609
v -0.10354120284318924 -1.0794932842254639 -0.08163922280073166
v -0.07427436858415604 -1.0780400037765503 0.014458025805652142
v -0.06422217935323715 -1.0813952684402466 -0.006023026537150145
v -0.09009549766778946 -1.0754183530807495 0.021227441728115082
v -0.10956701636314392 -1.075932264328003 0.013221679255366325
v -0.0600239597260952 -1.1238462924957275 0.10023152828216553
v -0.059722352772951126 -1.122123122215271 0.07869484275579453
v -0.07550419867038727 -1.1107511520385742 0.08331099897623062
v -0.08062224090099335 -1.1216816902160645 0.10188458859920502
v -0.09722934663295746 -1.11160147190094 0.07920245081186295
v -0.1009242907166481 -1.1243064403533936 0.0977904424071312
v -0.11676354706287384 -1.114525556564331 0.07113432884216309
v -0.12013063579797745 -1.1251795291900635 0.08991609513759613
v -0.13401365280151367 -1.1183291673660278 0.06107395887374878
v -0.13763897120952606 -1.1266509294509888 0.07951612770557404
v -0.1483677178621292 -1.125536322593689 0.05066831409931183
v -0.1522362232208252 -1.1294995546340942 0.0698430985212326
v -0.15704074501991272 -1.1366236209869385 0.044595833867788315
v -0.15913115441799164 -1.1398504972457886 0.0642770379781723
v -0.05552641302347183 -1.1420012712478638 0.09323111176490784
v -0.05679208040237427 -1.139257788658142 0.07201966643333435
v -0.06713353097438812 -1.1546599864959717 0.08967792242765427
v -0.06791995465755463 -1.154608964920044 0.06876172125339508
v -0.0859028548002243 -1.154872179031372 0.08903096616268158
v -0.08571750670671463 -1.154591679573059 0.06715300679206848
v -0.15132290124893188 -1.1501120328903198 0.045889586210250854
v -0.1525202840566635 -1.1518421173095703 0.06642334908246994
v -0.10557421296834946 -1.1543035507202148 0.08522769063711166
v -0.10487301647663116 -1.153115153312683 0.0628950297832489
v -0.12384265661239624 -1.154726505279541 0.07924557477235794
v -0.122674360871315 -1.1534942388534546 0.05680863559246063
v -0.1393939107656479 -1.154557704925537 0.0723806694149971
v -0.13816113770008087 -1.1534032821655273 0.05063455551862717
v -0.0715007483959198 -1.103594183921814 0.05985993146896362
v -0.09348249435424805 -1.0973831415176392 0.05964035540819168
v -0.11303609609603882 -1.102254033088684 0.050060272216796875
v -0.12960511445999146 -1.1095079183578491 0.03850240260362625
v -0.14267683029174805 -1.1204863786697388 0.027339518070220947
v -0.15194618701934814 -1.1316795349121094 0.021967966109514236
v -0.12912610173225403 -1.0982916355133057 0.010377808474004269
v -0.13681238889694214 -1.1179829835891724 0.001326913945376873
v -0.14315012097358704 -1.1296749114990234 -0.0014419462531805038
v -0.13236099481582642 -1.1168981790542603 -0.025079280138015747
v -0.1358310580253601 -1.129135251045227 -0.025310538709163666
v -0.12425322830677032 -1.116343379020691 -0.06806786358356476
v -0.1286543756723404 -1.1300352811813354 -0.06858105957508087
v -0.131869375705719 -1.1287916898727417 -0.04926471412181854
v -0.12822753190994263 -1.1160318851470947 -0.04944726824760437
v -0.12857219576835632 -1.0988874435424805 -0.019722966477274895
v -0.12452336400747299 -1.0988218784332275 -0.04500884935259819
v -0.11986744403839111 -1.0983352661132812 -0.06352297216653824
v -0.1122429221868515 -1.1310992240905762 -0.09164496511220932
v -0.12260563671588898 -1.1308209896087646 -0.0817444697022438
v -0.11940447241067886 -1.1161373853683472 -0.08114618062973022
v -0.11075519025325775 -1.1153147220611572 -0.09281633049249649
v -0.09429284185171127 -1.1159754991531372 -0.09975726902484894
v -0.09562064707279205 -1.132097601890564 -0.09597376734018326
v -0.07707441598176956 -1.117753028869629 -0.08947381377220154
v -0.07826109975576401 -1.1337372064590454 -0.08826879411935806
v -0.10709384083747864 -1.0965120792388916 -0.08752976357936859
v -0.11331894248723984 -1.0980912446975708 -0.07573825120925903
v -0.09394731372594833 -1.0956319570541382 -0.09637902677059174
v -0.07705150544643402 -1.09798002243042 -0.08744186908006668
v -0.07235576957464218 -1.0999679565429688 -0.07073002308607101
v -0.07082980871200562 -1.1194921731948853 -0.07175290584564209
v -0.06959744542837143 -1.1347044706344604 -0.07150322198867798
v -0.06131048873066902 -1.120695948600769 0.0533093698322773
v -0.06239623576402664 -1.1347576379776 0.047803282737731934
v -0.11189959198236465 -1.0881849527359009 0.03049331158399582
v -0.09012921899557114 -1.0854973793029785 0.03927075117826462
v -0.06938973814249039 -1.0947843790054321 0.030623434111475945
v -0.060539696365594864 -1.1178373098373413 0.025642458349466324
v -0.06699749082326889 -1.1323617696762085 0.020839795470237732
v -0.06978964060544968 -1.131258487701416 -0.003812025301158428
v -0.061819493770599365 -1.1188408136367798 -0.0012053502723574638
v -0.07173611223697662 -1.1462939977645874 0.0442080944776535
v -0.07686660438776016 -1.1396267414093018 0.018031112849712372
v -0.07826347649097443 -1.1378607749938965 -0.00603038864210248
v -0.06904227286577225 -1.1320483684539795 -0.025319933891296387
v -0.06345508992671967 -1.1191502809524536 -0.024003436788916588
v -0.06915938854217529 -1.1327173709869385 -0.042612507939338684
v -0.06699962168931961 -1.1187031269073486 -0.04224349185824394
v -0.0688774585723877 -1.1190745830535889 -0.05659888684749603
v -0.06811320781707764 -1.1338332891464233 -0.05663125589489937
v -0.06704917550086975 -1.1002517938613892 -0.04323551803827286
v -0.06995081901550293 -1.0996148586273193 -0.05641784518957138
v -0.06265030056238174 -1.1013710498809814 -0.02442341297864914
v -0.061586134135723114 -1.0997593402862549 -0.00022380611335393041
v -0.14758984744548798 -1.1459015607833862 0.02273445576429367
v -0.140659898519516 -1.141690731048584 -0.0006406735628843307
v -0.1335071474313736 -1.1387571096420288 -0.023912493139505386
v -0.12887880206108093 -1.1395604610443115 -0.04718897491693497
v -0.12320346385240555 -1.1409767866134644 -0.06505778431892395
v -0.11731460690498352 -1.141647458076477 -0.0764545202255249
v -0.09517702460289001 -1.1408891677856445 -0.08782444894313812
v -0.10855060815811157 -1.14109206199646 -0.08485525101423264
v -0.08281660079956055 -1.1423413753509521 -0.08281558752059937
v -0.07674328237771988 -1.1439743041992188 -0.06909085810184479
v -0.0749698206782341 -1.144722580909729 -0.05670373886823654
v -0.07665407657623291 -1.140386939048767 -0.027009323239326477
v -0.07483197003602982 -1.143649697303772 -0.04314688593149185
v -0.05936076119542122 -1.082875370979309 -0.027728524059057236
v -0.06273005902767181 -1.0824401378631592 -0.046095121651887894
v -0.06734925508499146 -1.0818802118301392 -0.05833102762699127
v -0.07646645605564117 -1.0796334743499756 -0.08572043478488922
v -0.07106462121009827 -1.0809482336044312 -0.07016659528017044
v -0.08700453490018845 -1.1502989530563354 0.041416801512241364
v -0.10485026240348816 -1.1495418548583984 0.03718085587024689
v -0.12147286534309387 -1.149932622909546 0.03158431500196457
v -0.13560356199741364 -1.1496583223342896 0.026462633162736893
v -0.13152697682380676 -1.1462141275405884 0.0021985769271850586
v -0.11897848546504974 -1.1466319561004639 0.00592338852584362
v -0.10370124131441116 -1.1466341018676758 0.010377665050327778
v -0.08862143009901047 -1.144155740737915 0.014931093901395798
v -0.1253993809223175 -1.1442095041275024 -0.02095325104892254
v -0.11451279371976852 -1.145514965057373 -0.017391853034496307
v -0.1010025218129158 -1.1455785036087036 -0.013889872469007969
v -0.08830803632736206 -1.1433223485946655 -0.00921038817614317
v -0.08560723811388016 -1.1459062099456787 -0.030363552272319794
v -0.09683254361152649 -1.1468918323516846 -0.0353863462805748
v -0.10873245447874069 -1.1462302207946777 -0.03867104649543762
v -0.1190880686044693 -1.1443352699279785 -0.04278409108519554
v -0.11388420313596725 -1.1448146104812622 -0.05949307605624199
v -0.10421721637248993 -1.1461353302001953 -0.05469239875674248
v -0.0935441106557846 -1.1471753120422363 -0.05076391249895096
v -0.08422636985778809 -1.1469889879226685 -0.04668669402599335
v -0.10940705239772797 -1.144623875617981 -0.06957533955574036
v -0.09581269323825836 -1.144474744796753 -0.07993784546852112
v -0.10376941412687302 -1.1443734169006348 -0.07640942186117172
v -0.08777178078889847 -1.1456555128097534 -0.07739298790693283
v -0.08460170775651932 -1.146481990814209 -0.06787536293268204
v -0.08387161046266556 -1.147065281867981 -0.057734694331884384
v -0.09219150245189667 -1.1466574668884277 -0.06046462804079056
v -0.0915522575378418 -1.1461420059204102 -0.06790279597043991
v -0.10163569450378418 -1.1457394361495972 -0.06371024250984192
v -0.09881094843149185 -1.1451934576034546 -0.07056669890880585
v -0.09182951599359512 -1.1455352306365967 -0.07352634519338608
v -0.09552069753408432 -1.1450819969177246 -0.07467306405305862
v -0.12256980687379837 -1.0811147689819336 -0.009339154697954655
v -0.0921713262796402 -0.7665862441062927 0.030736884102225304
v -0.07691612094640732 -0.7638990879058838 0.02544873207807541
v -0.10947524011135101 -0.7654961347579956 0.03247768431901932
v -0.1377870887517929 -0.3733518421649933 0.10118720680475235
v -0.0938035249710083 -0.11212681978940964 0.12153880298137665
v -0.0948091372847557 -0.06186273694038391 0.11659297347068787
v -0.09394416958093643 -0.0871817097067833 0.11871702969074249
v -0.13989020884037018 -0.4059934616088867 0.10651884227991104
v -0.14126868546009064 -0.03288761526346207 0.06567565351724625
v -0.1109146699309349 0.14705584943294525 0.10402676463127136
v -0.0815732553601265 0.46386879682540894 0.01817341521382332
v -0.07963767647743225 0.4606185257434845 0.017094340175390244
v -0.07869840413331985 0.4571039080619812 0.015327651053667068
v -0.07808904349803925 0.45458361506462097 0.012161463499069214
v -0.07740886509418488 0.45253586769104004 0.008830085396766663
v -0.07588896155357361 0.4520018994808197 0.0056496537290513515
v -0.08046870678663254 0.45808690786361694 0.012471619993448257
v -0.07771856337785721 0.46094030141830444 0.009251989424228668
v -0.07838279008865356 0.46234390139579773 0.01138666644692421
v -0.08089914917945862 0.4606030583381653 0.014145560562610626
f 2 3 1
f 1 3 4
f 3 2 5
f 5 2 6
f 3 7 4
f 4 7 8
f 10 11 9
f 9 11 12
f 14 15 13
f 13 15 16
f 18 19 17
f 17 19 20
f 22 23 21
f 21 23 24
f 26 18 25
f 25 18 17
f 27 28 17
f 17 28 25
f 30 31 29
f 29 31 32
f 34 35 33
f 33 35 36
f 21 24 37
f 37 24 38
f 40 31 39
f 39 31 38
f 34 33 28
f 28 33 25
f 41 42 44
f 44 42 43
f 36 45 33
f 33 45 25
f 46 47 49
f 49 47 48
f 51 52 50
f 50 52 53
f 55 53 54
f 54 53 52
f 57 58 56
f 56 58 59
f 61 62 60
f 60 62 63
f 65 66 64
f 64 66 67
f 69 70 68
f 68 70 71
f 65 73 72
f 72 73 74
f 64 75 65
f 65 75 73
f 77 78 76
f 76 78 79
f 80 81 83
f 83 81 82
f 81 85 84
f 84 85 86
f 88 89 87
f 87 89 69
f 88 87 90
f 90 87 91
f 93 94 92
f 92 94 95
f 96 84 43
f 43 84 44
f 51 98 97
f 97 98 86
f 97 99 51
f 51 99 52
f 54 52 100
f 100 52 99
f 58 101 59
f 59 101 102
f 62 103 63
f 63 103 104
f 105 106 6
f 6 106 5
f 108 109 107
f 107 109 110
f 112 113 111
f 111 113 114
f 116 117 115
f 115 117 118
f 120 121 119
f 119 121 122
f 124 125 123
f 123 125 126
f 128 129 127
f 127 129 130
f 130 131 127
f 127 131 132
f 134 1 133
f 133 1 135
f 1 4 135
f 135 4 136
f 4 8 136
f 136 8 137
f 138 139 15
f 15 139 140
f 140 139 141
f 141 139 142
f 144 57 143
f 143 57 56
f 145 146 141
f 141 146 147
f 146 149 148
f 148 149 150
f 152 153 151
f 151 153 154
f 141 147 140
f 140 147 155
f 157 11 156
f 156 11 158
f 160 161 159
f 159 161 162
f 164 165 163
f 163 165 166
f 165 160 166
f 166 160 159
f 168 169 167
f 167 169 170
f 169 171 170
f 170 171 172
f 149 173 150
f 150 173 174
f 175 176 149
f 149 176 173
f 178 172 177
f 177 172 171
f 180 181 179
f 179 181 182
f 184 180 183
f 183 180 179
f 186 187 185
f 185 187 188
f 190 191 189
f 189 191 192
f 7 193 8
f 8 193 194
f 196 162 195
f 195 162 161
f 197 168 198
f 198 168 167
f 181 199 182
f 182 199 200
f 202 203 201
f 201 203 204
f 187 186 205
f 205 186 206
f 208 209 207
f 207 209 210
f 212 213 211
f 211 213 214
f 215 216 218
f 218 216 217
f 220 209 219
f 219 209 208
f 204 186 221
f 221 186 185
f 201 204 222
f 222 204 221
f 223 211 220
f 220 211 209
f 224 225 214
f 214 225 210
f 203 206 204
f 204 206 186
f 227 187 226
f 226 187 205
f 27 228 21
f 21 228 22
f 230 231 229
f 229 231 232
f 234 235 233
f 233 235 236
f 238 239 237
f 237 239 240
f 119 122 118
f 118 122 115
f 112 242 241
f 241 242 243
f 98 51 244
f 244 51 50
f 245 138 14
f 14 138 15
f 11 10 158
f 158 10 246
f 89 85 69
f 69 85 70
f 11 157 12
f 12 157 247
f 249 164 248
f 248 164 163
f 177 250 178
f 178 250 251
f 253 254 252
f 252 254 255
f 187 227 188
f 188 227 256
f 212 257 213
f 213 257 258
f 260 134 259
f 259 134 133
f 165 164 135
f 135 164 133
f 160 165 136
f 136 165 135
f 136 137 160
f 160 137 161
f 137 261 161
f 161 261 195
f 263 264 262
f 262 264 265
f 13 16 266
f 266 16 267
f 268 267 155
f 155 267 16
f 147 269 155
f 155 269 268
f 162 196 167
f 167 196 198
f 167 170 162
f 162 170 159
f 170 172 159
f 159 172 166
f 172 178 166
f 166 178 163
f 178 251 163
f 163 251 248
f 168 270 169
f 169 270 271
f 272 273 171
f 171 273 177
f 271 272 169
f 169 272 171
f 168 197 270
f 270 197 274
f 250 177 275
f 275 177 273
f 277 45 276
f 276 45 278
f 280 281 279
f 279 281 282
f 284 104 283
f 283 104 103
f 285 215 286
f 286 215 218
f 288 289 287
f 287 289 290
f 291 80 66
f 66 80 83
f 293 294 292
f 292 294 295
f 73 91 74
f 74 91 87
f 91 73 92
f 92 73 75
f 279 77 280
f 280 77 76
f 80 291 70
f 70 291 71
f 277 47 96
f 96 47 82
f 297 175 296
f 296 175 149
f 299 154 298
f 298 154 153
f 225 300 210
f 210 300 207
f 224 301 206
f 206 301 205
f 210 209 214
f 214 209 211
f 226 205 302
f 302 205 301
f 304 305 303
f 303 305 306
f 308 309 307
f 307 309 310
f 72 291 65
f 65 291 66
f 66 83 67
f 67 83 46
f 312 313 311
f 311 313 314
f 316 317 315
f 315 317 36
f 29 318 35
f 35 318 319
f 321 32 320
f 320 32 322
f 311 314 323
f 323 314 324
f 315 325 316
f 316 325 326
f 318 287 319
f 319 287 290
f 328 321 327
f 327 321 320
f 329 330 39
f 39 330 331
f 332 333 40
f 40 333 322
f 309 334 285
f 285 334 335
f 236 2 134
f 134 2 1
f 260 336 233
f 233 336 337
f 237 14 265
f 265 14 13
f 84 86 44
f 44 86 98
f 189 192 7
f 7 192 193
f 44 98 41
f 41 98 244
f 237 240 14
f 14 240 245
f 7 3 189
f 189 3 5
f 338 71 72
f 72 71 291
f 262 265 266
f 266 265 13
f 124 123 339
f 339 123 105
f 123 109 105
f 105 109 106
f 189 5 190
f 190 5 106
f 111 114 12
f 12 114 9
f 264 340 265
f 265 340 237
f 342 343 341
f 341 343 344
f 6 235 105
f 105 235 339
f 234 346 345
f 345 346 347
f 349 350 348
f 348 350 351
f 107 352 108
f 108 352 353
f 355 356 354
f 354 356 357
f 237 340 238
f 238 340 358
f 12 247 111
f 111 247 359
f 264 263 116
f 116 263 360
f 361 362 222
f 222 362 201
f 364 365 363
f 363 365 366
f 368 369 367
f 367 369 370
f 372 373 371
f 371 373 374
f 375 376 372
f 372 376 377
f 378 379 381
f 381 379 380
f 382 383 269
f 269 383 268
f 150 174 365
f 365 174 384
f 380 377 381
f 381 377 376
f 271 270 180
f 180 270 181
f 273 272 252
f 252 272 184
f 272 271 184
f 184 271 180
f 181 270 274
f 252 255 273
f 273 255 275
f 254 385 255
f 255 385 386
f 387 388 179
f 179 388 183
f 389 387 182
f 182 387 179
f 182 200 389
f 389 200 390
f 388 391 183
f 183 391 253
f 391 392 253
f 253 392 254
f 394 379 393
f 393 379 378
f 185 188 395
f 395 188 396
f 221 185 397
f 397 185 395
f 222 221 398
f 398 221 397
f 188 256 396
f 396 256 399
f 400 401 256
f 256 401 399
f 402 403 405
f 405 403 404
f 148 150 364
f 364 150 365
f 393 406 394
f 394 406 407
f 158 246 393
f 393 246 406
f 342 19 238
f 238 19 239
f 23 22 350
f 350 22 354
f 244 50 245
f 245 50 138
f 55 142 53
f 53 142 139
f 145 144 296
f 296 144 143
f 355 228 341
f 341 228 20
f 41 240 42
f 42 240 239
f 283 308 284
f 284 308 307
f 349 409 408
f 408 409 410
f 244 245 41
f 41 245 240
f 268 383 406
f 406 383 407
f 346 411 349
f 349 411 409
f 251 412 248
f 248 412 413
f 275 414 250
f 250 414 415
f 25 45 26
f 26 45 277
f 43 26 96
f 96 26 277
f 416 417 61
f 61 417 62
f 329 24 408
f 408 24 23
f 31 40 32
f 32 40 322
f 39 38 329
f 329 38 24
f 37 38 30
f 30 38 31
f 418 419 421
f 421 419 420
f 78 295 79
f 79 295 294
f 124 339 422
f 422 339 345
f 232 131 357
f 357 131 351
f 2 236 6
f 6 236 235
f 252 184 253
f 253 184 183
f 227 423 256
f 256 423 400
f 423 227 305
f 305 227 226
f 424 258 425
f 425 258 257
f 426 427 212
f 212 427 257
f 259 133 249
f 249 133 164
f 419 418 428
f 428 418 429
f 327 430 328
f 328 430 288
f 49 431 46
f 46 431 67
f 306 302 424
f 424 302 258
f 313 432 314
f 314 432 433
f 32 321 29
f 29 321 318
f 324 314 433
f 287 318 328
f 328 318 321
f 134 260 236
f 236 260 233
f 345 339 234
f 234 339 235
f 357 351 354
f 354 351 350
f 408 23 349
f 349 23 350
f 317 278 36
f 36 278 45
f 432 313 429
f 429 313 428
f 435 428 434
f 434 428 313
f 42 239 18
f 18 239 19
f 43 42 26
f 26 42 18
f 121 120 436
f 436 120 437
f 302 301 258
f 258 301 213
f 110 109 126
f 126 109 123
f 238 358 342
f 342 358 343
f 341 20 342
f 342 20 19
f 322 438 320
f 320 438 439
f 320 439 327
f 327 439 430
f 333 440 322
f 322 440 438
f 289 288 323
f 323 288 430
f 115 340 116
f 116 340 264
f 146 145 149
f 149 145 296
f 15 140 16
f 16 140 155
f 441 442 152
f 152 442 153
f 225 224 203
f 203 224 206
f 175 297 154
f 154 297 151
f 293 443 294
f 294 443 444
f 248 413 249
f 249 413 445
f 446 447 400
f 400 447 401
f 388 387 396
f 396 387 395
f 387 389 395
f 395 389 397
f 391 388 399
f 399 388 396
f 401 392 399
f 399 392 391
f 255 386 275
f 275 386 414
f 449 450 448
f 448 450 451
f 335 452 285
f 285 452 215
f 453 298 442
f 442 298 153
f 211 223 212
f 212 223 426
f 425 257 454
f 454 257 427
f 266 10 262
f 262 10 9
f 360 113 456
f 456 113 455
f 8 194 137
f 137 194 261
f 10 266 246
f 246 266 267
f 203 202 225
f 225 202 300
f 262 9 263
f 263 9 114
f 108 353 190
f 190 353 191
f 389 390 397
f 397 390 398
f 457 422 128
f 128 422 129
f 156 158 378
f 378 158 393
f 347 346 348
f 348 346 349
f 447 458 401
f 401 458 392
f 364 382 148
f 148 382 269
f 55 54 57
f 57 54 58
f 75 64 459
f 459 64 460
f 100 90 101
f 101 90 95
f 101 58 100
f 100 58 54
f 142 55 144
f 144 55 57
f 147 146 269
f 269 146 148
f 459 93 75
f 75 93 92
f 144 145 142
f 142 145 141
f 228 27 20
f 20 27 17
f 154 299 175
f 175 299 176
f 214 213 224
f 224 213 301
f 424 461 306
f 306 461 303
f 285 286 309
f 309 286 310
f 462 334 308
f 308 334 309
f 302 306 226
f 226 306 305
f 37 28 21
f 21 28 27
f 29 35 30
f 30 35 34
f 30 34 37
f 37 34 28
f 344 436 356
f 356 436 229
f 325 290 326
f 326 290 289
f 311 439 312
f 312 439 438
f 35 319 36
f 36 319 315
f 439 311 430
f 430 311 323
f 315 319 325
f 325 319 290
f 440 463 438
f 438 463 312
f 341 344 355
f 355 344 356
f 360 456 116
f 116 456 117
f 354 22 355
f 355 22 228
f 326 289 324
f 324 289 323
f 74 87 68
f 68 87 69
f 50 53 138
f 138 53 139
f 268 406 267
f 267 406 246
f 190 106 108
f 108 106 109
f 241 455 112
f 112 455 113
f 358 122 343
f 343 122 121
f 129 347 130
f 130 347 348
f 348 351 130
f 130 351 131
f 229 232 356
f 356 232 357
f 340 115 358
f 358 115 122
f 111 359 112
f 112 359 242
f 125 124 457
f 457 124 422
f 231 132 232
f 232 132 131
f 343 121 344
f 344 121 436
f 263 114 360
f 360 114 113
f 347 129 345
f 345 129 422
f 230 229 437
f 437 229 436
f 464 446 423
f 423 446 400
f 465 466 468
f 468 466 467
f 470 471 469
f 469 471 472
f 469 472 373
f 373 472 374
f 474 469 473
f 473 469 373
f 471 475 472
f 472 475 476
f 472 477 374
f 374 477 478
f 477 472 476
f 479 480 476
f 476 480 477
f 473 373 377
f 377 373 372
f 481 482 479
f 479 482 480
f 483 484 481
f 481 484 482
f 403 402 485
f 485 402 486
f 487 488 483
f 483 488 484
f 487 489 488
f 488 489 490
f 489 491 490
f 490 491 492
f 491 493 492
f 492 493 494
f 493 495 494
f 494 495 496
f 497 498 481
f 481 498 483
f 484 499 482
f 482 499 367
f 370 480 367
f 367 480 482
f 480 370 477
f 477 370 478
f 500 497 479
f 479 497 481
f 451 473 380
f 380 473 377
f 448 451 379
f 379 451 380
f 501 502 504
f 504 502 503
f 449 505 507
f 507 505 506
f 486 508 505
f 505 508 506
f 508 509 506
f 506 509 510
f 511 507 510
f 510 507 506
f 509 508 512
f 512 508 513
f 515 509 514
f 514 509 512
f 509 515 510
f 510 515 516
f 510 516 511
f 511 516 517
f 486 505 485
f 485 505 518
f 505 449 518
f 518 449 448
f 383 382 403
f 403 382 404
f 363 404 364
f 364 404 382
f 403 485 383
f 383 485 407
f 519 520 361
f 361 520 362
f 522 496 521
f 521 496 495
f 450 474 451
f 451 474 473
f 363 366 523
f 523 366 524
f 525 499 488
f 488 499 484
f 488 490 525
f 525 490 526
f 496 522 520
f 520 522 527
f 494 496 519
f 519 496 520
f 492 494 528
f 528 494 519
f 529 530 495
f 495 530 521
f 490 492 526
f 526 492 528
f 529 495 531
f 531 495 493
f 533 534 532
f 532 534 535
f 523 524 533
f 533 524 534
f 486 402 532
f 532 402 533
f 529 536 530
f 530 536 537
f 536 538 537
f 537 538 539
f 540 541 539
f 539 541 537
f 530 537 535
f 535 537 541
f 542 539 543
f 543 539 538
f 539 542 540
f 540 542 544
f 541 540 513
f 513 540 512
f 540 544 512
f 512 544 514
f 546 547 545
f 545 547 548
f 549 550 531
f 531 550 551
f 550 549 552
f 552 549 553
f 546 550 554
f 554 550 552
f 547 546 555
f 555 546 554
f 498 556 558
f 558 556 557
f 559 557 560
f 560 557 556
f 561 562 560
f 560 562 559
f 557 559 552
f 552 559 554
f 559 562 554
f 554 562 555
f 558 557 553
f 553 557 552
f 475 471 563
f 563 471 564
f 565 563 567
f 567 563 566
f 471 470 564
f 564 470 466
f 564 466 568
f 568 466 465
f 568 465 569
f 569 465 570
f 572 573 571
f 571 573 574
f 569 575 567
f 567 575 576
f 577 565 576
f 576 565 567
f 578 579 581
f 581 579 580
f 575 561 576
f 576 561 560
f 556 577 560
f 560 577 576
f 577 556 497
f 497 556 498
f 565 577 500
f 500 577 497
f 563 565 475
f 475 565 500
f 553 489 558
f 558 489 487
f 531 493 549
f 549 493 491
f 489 553 491
f 491 553 549
f 394 407 518
f 518 407 485
f 518 448 394
f 394 448 379
f 545 548 538
f 538 548 543
f 551 545 536
f 536 545 538
f 536 529 551
f 551 529 531
f 507 582 449
f 449 582 450
f 511 583 507
f 507 583 582
f 511 517 583
f 583 517 584
f 585 586 588
f 588 586 587
f 590 591 589
f 589 591 592
f 591 590 593
f 593 590 594
f 596 597 595
f 595 597 598
f 599 600 602
f 602 600 601
f 604 605 603
f 603 605 606
f 608 609 607
f 607 609 610
f 612 613 611
f 611 613 614
f 615 616 618
f 618 616 617
f 620 621 619
f 619 621 622
f 624 625 623
f 623 625 626
f 628 629 627
f 627 629 630
f 632 633 631
f 631 633 634
f 635 636 638
f 638 636 637
f 639 640 642
f 642 640 641
f 644 645 643
f 643 645 646
f 619 622 647
f 647 622 648
f 650 651 649
f 649 651 652
f 601 653 602
f 602 653 654
f 656 657 655
f 655 657 658
f 660 661 659
f 659 661 662
f 664 665 663
f 663 665 666
f 593 594 667
f 667 594 668
f 669 670 672
f 672 670 671
f 673 674 676
f 676 674 675
f 633 632 677
f 677 632 678
f 663 666 679
f 679 666 680
f 681 682 684
f 684 682 683
f 686 687 685
f 685 687 688
f 690 661 689
f 689 661 691
f 693 686 692
f 692 686 685
f 695 597 694
f 694 597 668
f 594 696 668
f 668 696 694
f 697 698 696
f 696 698 699
f 700 701 697
f 697 701 698
f 702 585 703
f 703 585 588
f 671 690 672
f 672 690 689
f 640 639 704
f 704 639 705
f 679 706 663
f 663 706 658
f 708 709 707
f 707 709 710
f 711 712 610
f 610 712 607
f 713 714 716
f 716 714 715
f 717 718 720
f 720 718 719
f 722 634 721
f 721 634 633
f 724 725 723
f 723 725 726
f 728 729 727
f 727 729 730
f 732 733 731
f 731 733 734
f 707 710 735
f 735 710 736
f 643 737 644
f 644 737 738
f 740 741 739
f 739 741 742
f 608 744 743
f 743 744 745
f 747 748 746
f 746 748 749
f 751 752 750
f 750 752 753
f 754 755 757
f 757 755 756
f 758 759 761
f 761 759 760
f 763 764 762
f 762 764 765
f 767 768 766
f 766 768 769
f 771 772 770
f 770 772 773
f 775 776 774
f 774 776 777
f 779 780 778
f 778 780 781
f 783 712 782
f 782 712 784
f 785 786 788
f 788 786 787
f 790 628 789
f 789 628 627
f 792 793 791
f 791 793 794
f 795 796 726
f 726 796 723
f 798 799 797
f 797 799 800
f 721 633 801
f 801 633 677
f 797 800 802
f 802 800 803
f 805 806 804
f 804 806 807
f 809 810 808
f 808 810 811
f 813 814 812
f 812 814 815
f 809 808 817
f 817 808 816
f 818 819 804
f 804 819 805
f 820 821 818
f 818 821 819
f 821 820 587
f 587 820 822
f 809 823 810
f 810 823 824
f 814 807 815
f 815 807 806
f 826 426 825
f 825 426 223
f 426 826 427
f 427 826 827
f 828 829 454
f 454 829 830
f 831 832 677
f 677 832 801
f 834 835 833
f 833 835 836
f 838 839 837
f 837 839 840
f 841 842 844
f 844 842 843
f 845 846 803
f 803 846 802
f 847 831 678
f 678 831 677
f 848 849 851
f 851 849 850
f 853 854 852
f 852 854 855
f 857 858 856
f 856 858 680
f 860 861 859
f 859 861 862
f 864 865 863
f 863 865 866
f 868 869 867
f 867 869 870
f 839 871 840
f 840 871 872
f 849 848 874
f 874 848 873
f 876 877 875
f 875 877 878
f 880 881 879
f 879 881 882
f 883 884 886
f 886 884 885
f 846 887 802
f 802 887 888
f 890 891 889
f 889 891 888
f 893 894 892
f 892 894 895
f 896 897 728
f 728 897 729
f 899 900 898
f 898 900 901
f 902 852 904
f 904 852 903
f 849 905 850
f 850 905 906
f 875 878 907
f 907 878 908
f 910 911 909
f 909 911 912
f 914 915 913
f 913 915 916
f 917 918 862
f 862 918 859
f 919 920 856
f 856 920 921
f 923 924 922
f 922 924 925
f 926 927 925
f 925 927 922
f 929 930 928
f 928 930 693
f 932 695 931
f 931 695 694
f 823 867 824
f 824 867 933
f 935 936 934
f 934 936 937
f 938 868 823
f 823 868 867
f 940 847 939
f 939 847 678
f 632 655 678
f 678 655 939
f 941 942 619
f 619 942 620
f 687 943 688
f 688 943 944
f 851 850 945
f 945 850 903
f 850 906 903
f 903 906 904
f 946 947 949
f 949 947 948
f 951 952 950
f 950 952 953
f 955 956 954
f 954 956 957
f 907 958 875
f 875 958 874
f 960 961 959
f 959 961 962
f 963 853 902
f 902 853 852
f 909 964 910
f 910 964 965
f 967 968 966
f 966 968 969
f 971 972 970
f 970 972 973
f 974 960 975
f 975 960 959
f 977 978 976
f 976 978 979
f 981 977 980
f 980 977 976
f 980 982 981
f 981 982 983
f 985 983 984
f 984 983 982
f 984 986 985
f 985 986 987
f 989 990 988
f 988 990 991
f 993 994 992
f 992 994 995
f 997 998 996
f 996 998 999
f 1001 1002 1000
f 1000 1002 1003
f 1005 1006 1004
f 1004 1006 1007
f 1004 1008 1005
f 1005 1008 1009
f 1008 1010 1009
f 1009 1010 1011
f 1013 1011 1012
f 1012 1011 1010
f 1014 1015 1017
f 1017 1015 1016
f 1019 1020 1018
f 1018 1020 1021
f 1022 1023 976
f 976 1023 980
f 1024 1025 982
f 982 1025 984
f 992 995 1026
f 1026 995 1027
f 956 955 1028
f 1028 955 1029
f 1030 1031 1033
f 1033 1031 1032
f 1010 1008 1034
f 1034 1008 1035
f 1008 1004 1035
f 1035 1004 1036
f 1037 1038 1002
f 1002 1038 1007
f 1002 1001 1037
f 1037 1001 1039
f 1040 1041 997
f 997 1041 998
f 1015 1014 1043
f 1043 1014 1042
f 1044 1045 1047
f 1047 1045 1046
f 1044 1020 1048
f 1048 1020 1049
f 1050 1051 1003
f 1003 1051 1000
f 1052 1050 1006
f 1006 1050 1003
f 1053 1054 1011
f 1011 1054 1009
f 1013 1045 1055
f 1055 1045 1056
f 1058 1059 1057
f 1057 1059 1060
f 1062 1063 1061
f 1061 1063 1064
f 1065 1066 1050
f 1050 1066 1051
f 1067 1065 1052
f 1052 1065 1050
f 1068 1069 1054
f 1054 1069 1070
f 1071 1068 1053
f 1053 1068 1054
f 1073 1071 1072
f 1072 1071 1074
f 1074 1071 1055
f 1055 1071 1053
f 1076 1077 1075
f 1075 1077 1078
f 1079 1080 1057
f 1057 1080 1058
f 1081 1082 1064
f 1064 1082 1061
f 1084 1085 1083
f 1083 1085 1086
f 1088 1089 1087
f 1087 1089 1090
f 1092 1093 1091
f 1091 1093 1094
f 1096 1097 1095
f 1095 1097 1098
f 1099 1100 1102
f 1102 1100 1101
f 1103 1104 1099
f 1099 1104 1100
f 1106 1107 1105
f 1105 1107 1108
f 1110 1111 1109
f 1109 1111 1112
f 1114 1115 1113
f 1113 1115 1116
f 1118 1119 1117
f 1117 1119 1077
f 1117 1120 1122
f 1122 1120 1121
f 1105 1123 1106
f 1106 1123 1124
f 1125 1126 1128
f 1128 1126 1127
f 1130 1131 1129
f 1129 1131 1132
f 1134 1135 1133
f 1133 1135 1114
f 1113 1136 1114
f 1114 1136 1133
f 1118 1137 1113
f 1113 1137 1136
f 1118 1117 1137
f 1137 1117 1122
f 1139 1140 1138
f 1138 1140 1141
f 1143 953 1142
f 1142 953 952
f 1145 957 1144
f 1144 957 956
f 1028 1146 956
f 956 1146 1144
f 1014 1147 1042
f 1042 1147 1148
f 1014 1017 1147
f 1147 1017 1149
f 1059 1058 1150
f 1150 1058 1151
f 1153 1080 1152
f 1152 1080 1154
f 1156 1088 1155
f 1155 1088 1087
f 1157 1158 1106
f 1106 1158 1107
f 1106 1124 1157
f 1157 1124 1159
f 1161 1162 1160
f 1160 1162 1163
f 1165 1166 1164
f 1164 1166 1167
f 1168 1031 1012
f 1012 1031 1046
f 1024 1023 1035
f 1035 1023 1034
f 1036 1038 1025
f 1025 1038 1169
f 1170 1171 1039
f 1039 1171 1037
f 1028 1029 1042
f 1042 1029 1043
f 1172 1173 1175
f 1175 1173 1174
f 1055 1053 1013
f 1013 1053 1011
f 1005 1009 1070
f 1070 1009 1054
f 996 999 1062
f 1062 999 1063
f 1016 1060 1017
f 1017 1060 1059
f 1017 1059 1149
f 1149 1059 1150
f 1177 1178 1176
f 1176 1178 1103
f 1176 1072 1179
f 1179 1072 1074
f 1073 1102 1086
f 1086 1102 1083
f 1180 1181 1067
f 1067 1181 1065
f 1182 1183 1184
f 1184 1183 1181
f 1186 1187 1185
f 1185 1187 1188
f 1189 1190 798
f 798 1190 799
f 1192 1193 1191
f 1191 1193 1194
f 1195 1196 1194
f 1194 1196 1191
f 1196 1195 1198
f 1198 1195 1197
f 1200 674 1199
f 1199 674 673
f 928 1201 1203
f 1203 1201 1202
f 861 1204 862
f 862 1204 921
f 1205 1206 913
f 913 1206 1207
f 882 1208 879
f 879 1208 1209
f 1210 1211 1167
f 1167 1211 1164
f 1212 769 1213
f 1213 769 768
f 727 1214 728
f 728 1214 1215
f 1217 1218 1216
f 1216 1218 1219
f 1220 813 1221
f 1221 813 812
f 827 828 427
f 427 828 454
f 1223 1224 1222
f 1222 1224 1165
f 1226 1227 1225
f 1225 1227 1228
f 851 1229 848
f 848 1229 1230
f 834 854 835
f 835 854 1231
f 1233 1234 1232
f 1232 1234 1235
f 1237 751 1236
f 1236 751 750
f 743 819 1238
f 1238 819 821
f 1240 1241 1239
f 1239 1241 1242
f 1244 1245 1243
f 1243 1245 1246
f 844 1247 841
f 841 1247 1248
f 1250 1251 1249
f 1249 1251 1252
f 1254 893 1253
f 1253 893 1237
f 1255 1256 1258
f 1258 1256 1257
f 1260 1261 1259
f 1259 1261 1262
f 945 903 855
f 855 903 852
f 855 1263 945
f 945 1263 1264
f 832 845 801
f 801 845 803
f 800 721 803
f 803 721 801
f 721 800 722
f 722 800 799
f 1266 1267 1265
f 1265 1267 1268
f 1270 795 1269
f 1269 795 726
f 725 1271 726
f 726 1271 1269
f 737 765 738
f 738 765 764
f 759 740 760
f 760 740 739
f 717 1272 1274
f 1274 1272 1273
f 1163 1226 1275
f 1275 1226 1225
f 1277 882 1276
f 1276 882 881
f 1041 1040 1027
f 1027 1040 1026
f 900 935 901
f 901 935 934
f 1164 1278 1165
f 1165 1278 1222
f 1211 1279 1164
f 1164 1279 1278
f 442 1280 453
f 453 1280 1281
f 788 1282 785
f 785 1282 1283
f 1285 1286 1284
f 1284 1286 1287
f 1284 1288 1285
f 1285 1288 1289
f 757 1289 754
f 754 1289 1288
f 605 604 675
f 675 604 676
f 1290 1291 1293
f 1293 1291 1292
f 1295 1296 1294
f 1294 1296 1297
f 696 699 694
f 694 699 931
f 1298 1299 592
f 592 1299 589
f 1299 1300 589
f 589 1300 700
f 1300 1301 700
f 700 1301 701
f 743 745 819
f 819 745 805
f 1303 1304 1302
f 1302 1304 1305
f 1306 1307 1305
f 1305 1307 1302
f 609 1298 610
f 610 1298 592
f 587 822 588
f 588 822 1308
f 703 588 1309
f 1309 588 1308
f 1310 703 571
f 571 703 1309
f 1311 1312 789
f 789 1312 790
f 825 223 1313
f 1313 223 220
f 219 1314 220
f 220 1314 1313
f 1315 1316 1311
f 1311 1316 1312
f 1317 1318 1319
f 1319 1318 1241
f 441 1320 442
f 442 1320 1280
f 1321 217 572
f 572 217 216
f 1323 1230 1322
f 1322 1230 1229
f 1324 1325 631
f 631 1325 656
f 1034 1168 1010
f 1010 1168 1012
f 1327 1328 1326
f 1326 1328 1329
f 1331 1202 1330
f 1330 1202 1201
f 571 1309 572
f 572 1309 1321
f 573 572 1332
f 1332 572 216
f 1334 1335 1333
f 1333 1335 1336
f 1337 1338 918
f 918 1338 859
f 1339 863 1340
f 1340 863 866
f 1341 1342 1344
f 1344 1342 1343
f 1345 1346 919
f 919 1346 920
f 1347 1348 673
f 673 1348 1199
f 693 1349 928
f 928 1349 1201
f 1351 1257 1350
f 1350 1257 1256
f 1350 1352 1351
f 1351 1352 1353
f 653 930 654
f 654 930 662
f 1279 1354 1278
f 1278 1354 1355
f 1357 1358 1356
f 1356 1358 1359
f 937 1360 1140
f 1140 1360 1361
f 1225 1228 909
f 909 1228 964
f 901 934 1362
f 1362 934 1139
f 1364 1365 1363
f 1363 1365 1362
f 1367 912 1366
f 1366 912 911
f 1143 1142 1368
f 1368 1142 1369
f 1144 1186 1145
f 1145 1186 1185
f 1146 1175 1144
f 1144 1175 1186
f 1175 1146 1172
f 1172 1146 1148
f 1147 1018 1148
f 1148 1018 1172
f 1018 1147 1019
f 1019 1147 1149
f 1149 1150 1019
f 1019 1150 1370
f 1150 1151 1370
f 1370 1151 1371
f 1151 1153 1371
f 1371 1153 1177
f 1152 1156 1178
f 1178 1156 1372
f 1155 1158 1373
f 1373 1158 1374
f 1157 1159 1376
f 1376 1159 1375
f 1378 1379 1377
f 1377 1379 1380
f 1382 1383 1381
f 1381 1383 1384
f 1382 1386 1385
f 1385 1386 1387
f 1386 1233 1387
f 1387 1233 1232
f 1389 1390 1388
f 1388 1390 1391
f 1393 1394 1392
f 1392 1394 1395
f 1397 1398 1396
f 1396 1398 1399
f 629 1397 630
f 630 1397 1396
f 1342 1400 1343
f 1343 1400 1401
f 1403 1404 1402
f 1402 1404 1405
f 1407 1408 1406
f 1406 1408 1409
f 1411 1412 1410
f 1410 1412 1413
f 793 1414 794
f 794 1414 1415
f 1417 1341 1416
f 1416 1341 1344
f 704 705 1347
f 1347 705 1418
f 741 1419 742
f 742 1419 1420
f 1422 669 1421
f 1421 669 672
f 645 1423 646
f 646 1423 1424
f 1196 1198 614
f 614 1198 611
f 613 1425 614
f 614 1425 1426
f 1427 616 659
f 659 616 660
f 614 1426 1196
f 1196 1426 1191
f 696 594 697
f 697 594 590
f 697 590 700
f 700 590 589
f 703 1310 702
f 702 1310 1428
f 1421 672 1192
f 1192 672 689
f 1271 648 1269
f 1269 648 622
f 621 1270 622
f 622 1270 1269
f 1429 1430 1417
f 1417 1430 1341
f 1431 1432 1434
f 1434 1432 1433
f 1436 1437 1435
f 1435 1437 1438
f 1440 1441 1439
f 1439 1441 1442
f 1443 1444 1446
f 1446 1444 1445
f 823 809 938
f 938 809 817
f 810 1447 811
f 811 1447 1448
f 1449 1450 679
f 679 1450 706
f 913 916 1205
f 1205 916 1451
f 1275 1225 912
f 912 1225 909
f 1452 1453 880
f 880 1453 881
f 1444 1401 1445
f 1445 1401 1400
f 936 1454 937
f 937 1454 1360
f 824 1455 810
f 810 1455 1447
f 631 656 632
f 632 656 655
f 966 1456 967
f 967 1456 1457
f 1459 1460 1458
f 1458 1460 1461
f 1460 1462 1461
f 1461 1462 1463
f 972 974 973
f 973 974 975
f 990 995 991
f 991 995 994
f 1464 1187 1033
f 1033 1187 1174
f 1018 1021 1172
f 1172 1021 1173
f 1000 999 1001
f 1001 999 998
f 976 979 1022
f 1022 979 1032
f 1023 1024 980
f 980 1024 982
f 989 986 1171
f 1171 986 1169
f 1171 1170 989
f 989 1170 990
f 1170 1027 990
f 990 1027 995
f 1041 1039 998
f 998 1039 1001
f 1051 1063 1000
f 1000 1063 999
f 1066 1064 1051
f 1051 1064 1063
f 1183 1081 1066
f 1066 1081 1064
f 1178 1372 1103
f 1103 1372 1104
f 1092 1091 1465
f 1465 1091 1182
f 1467 1465 1466
f 1466 1465 1468
f 1469 1470 1184
f 1184 1470 1468
f 1095 1098 1471
f 1471 1098 1101
f 1076 1374 1120
f 1120 1374 1376
f 1110 1472 1127
f 1127 1472 1132
f 1472 1473 1132
f 1132 1473 1129
f 1474 1475 1466
f 1466 1475 1473
f 1119 1118 1116
f 1116 1118 1113
f 1375 1121 1376
f 1376 1121 1120
f 1127 1132 1128
f 1128 1132 1131
f 1227 1476 1228
f 1228 1476 1361
f 1365 1477 1362
f 1362 1477 872
f 1478 1479 1323
f 1323 1479 1230
f 1480 1481 914
f 914 1481 915
f 913 1277 914
f 914 1277 1276
f 1168 1034 1022
f 1022 1034 1023
f 1035 1036 1024
f 1024 1036 1025
f 1039 1041 1170
f 1170 1041 1027
f 1042 1148 1028
f 1028 1148 1146
f 968 1459 969
f 969 1459 1458
f 1482 1483 664
f 664 1483 665
f 1485 1486 1484
f 1484 1486 1487
f 1489 1490 1488
f 1488 1490 1491
f 1492 1493 722
f 722 1493 634
f 1495 1496 1494
f 1494 1496 1497
f 1498 1207 1339
f 1339 1207 863
f 1224 1499 1165
f 1165 1499 1166
f 1160 1163 1500
f 1500 1163 1275
f 1500 877 1160
f 1160 877 1501
f 876 873 1502
f 1502 873 1479
f 945 1264 851
f 851 1264 1229
f 835 1231 839
f 839 1231 871
f 1503 1283 778
f 778 1283 1282
f 716 715 1505
f 1505 715 1504
f 1446 1445 1507
f 1507 1445 1506
f 779 792 1381
f 1381 792 791
f 1430 1409 1341
f 1341 1409 1342
f 1411 1429 1508
f 1508 1429 1417
f 635 1510 1509
f 1509 1510 1511
f 1377 1380 1315
f 1315 1380 1316
f 1445 1400 1506
f 1506 1400 1408
f 918 917 1336
f 1336 917 1333
f 1513 1514 1512
f 1512 1514 870
f 1515 1516 1363
f 1363 1516 1364
f 1453 1517 881
f 881 1517 1276
f 992 1518 993
f 993 1518 1519
f 1520 1029 1518
f 1518 1029 955
f 1520 1026 1521
f 1521 1026 1040
f 1522 1015 1521
f 1521 1015 1043
f 996 1523 997
f 997 1523 1522
f 1060 1016 1524
f 1524 1016 1523
f 1061 1525 1062
f 1062 1525 1524
f 1079 1527 1526
f 1526 1527 1528
f 1093 1529 1094
f 1094 1529 1528
f 1111 1530 1112
f 1112 1530 1531
f 1532 1533 1105
f 1105 1533 1123
f 934 937 1139
f 1139 937 1140
f 1138 1363 1139
f 1139 1363 1362
f 1534 1222 1355
f 1355 1222 1278
f 1535 1223 1534
f 1534 1223 1222
f 821 587 1238
f 1238 587 586
f 1319 711 1317
f 1317 711 1536
f 1538 1200 1537
f 1537 1200 1199
f 1508 1417 1539
f 1539 1417 1416
f 1540 1541 840
f 840 1541 837
f 1231 898 871
f 871 898 901
f 1500 1275 1367
f 1367 1275 912
f 1543 1379 1542
f 1542 1379 1395
f 1539 772 1508
f 1508 772 1544
f 1546 1403 1545
f 1545 1403 1402
f 1548 1549 1547
f 1547 1549 1550
f 1552 1548 1551
f 1551 1548 1547
f 1554 1555 1553
f 1553 1555 1556
f 1558 1559 1557
f 1557 1559 1560
f 1562 1563 1561
f 1561 1563 1564
f 1566 1567 1565
f 1565 1567 1568
f 1570 1571 1569
f 1569 1571 1572
f 1574 1575 1573
f 1573 1575 1576
f 1577 1578 1572
f 1572 1578 1569
f 1580 1581 1579
f 1579 1581 1582
f 1584 1585 1583
f 1583 1585 1586
f 1588 1555 1587
f 1587 1555 1589
f 1591 1592 1590
f 1590 1592 1593
f 1595 1596 1594
f 1594 1596 1597
f 1596 1581 1597
f 1597 1581 1576
f 1599 1570 1598
f 1598 1570 1569
f 1601 1602 1600
f 1600 1602 1603
f 1605 1606 1604
f 1604 1606 1607
f 1608 1609 1568
f 1568 1609 1565
f 1611 1612 1610
f 1610 1612 1613
f 1615 1616 1614
f 1614 1616 1617
f 1619 1617 1618
f 1618 1617 1616
f 1621 1622 1620
f 1620 1622 1623
f 1625 1626 1624
f 1624 1626 1627
f 1629 1630 1628
f 1628 1630 1631
f 1633 1634 1632
f 1632 1634 1635
f 1636 1637 1639
f 1639 1637 1638
f 1641 1642 1640
f 1640 1642 1643
f 1624 1627 1644
f 1644 1627 1645
f 1647 1648 1646
f 1646 1648 1649
f 1651 1652 1650
f 1650 1652 1653
f 1655 1656 1654
f 1654 1656 1657
f 1659 1660 1658
f 1658 1660 1661
f 1662 1663 1631
f 1631 1663 1628
f 1651 1665 1664
f 1664 1665 1666
f 1667 1656 1619
f 1619 1656 1617
f 1669 1670 1668
f 1668 1670 1671
f 1632 1635 1672
f 1672 1635 1673
f 1674 1675 1638
f 1638 1675 1639
f 1677 1678 1676
f 1676 1678 1679
f 1680 1640 1681
f 1681 1640 1643
f 1682 1683 1643
f 1643 1683 1681
f 1670 1669 1235
f 1235 1669 1232
f 1396 1399 1674
f 1674 1399 1675
f 627 630 1679
f 1679 630 1676
f 1681 1315 1680
f 1680 1315 1311
f 1683 1377 1681
f 1681 1377 1315
f 1672 1673 1387
f 1387 1673 1385
f 1636 1684 1646
f 1646 1684 1685
f 1687 1688 1686
f 1686 1688 1689
f 1585 1690 1586
f 1586 1690 1691
f 1599 1692 1551
f 1551 1692 1693
f 1552 1558 1694
f 1694 1558 1557
f 1696 1615 1695
f 1695 1615 1614
f 1698 1699 1697
f 1697 1699 1623
f 1700 1701 1703
f 1703 1701 1702
f 1705 1706 1704
f 1704 1706 1707
f 1708 1709 1640
f 1640 1709 1641
f 1710 1711 1713
f 1713 1711 1712
f 1652 1655 1653
f 1653 1655 1654
f 1714 1699 1712
f 1712 1699 1713
f 1715 1710 1716
f 1716 1710 1713
f 1717 1708 1680
f 1680 1708 1640
f 1393 1392 1715
f 1715 1392 1710
f 1719 1720 1718
f 1718 1720 1721
f 1680 1311 1717
f 1717 1311 789
f 1378 1711 1392
f 1392 1711 1710
f 1388 1391 1719
f 1719 1391 1720
f 1723 1606 1722
f 1722 1606 1689
f 1725 1568 1724
f 1724 1568 1567
f 1726 1647 1685
f 1685 1647 1646
f 1728 1554 1727
f 1727 1554 1553
f 1591 1687 1600
f 1600 1687 1686
f 1730 1595 1729
f 1729 1595 1594
f 1601 1605 1731
f 1731 1605 1604
f 1733 1663 1732
f 1732 1663 1734
f 1736 1639 1735
f 1735 1639 1675
f 1658 1644 1737
f 1737 1644 1645
f 1726 1662 1724
f 1724 1662 1631
f 1399 1738 1675
f 1675 1738 1735
f 1621 1667 1739
f 1739 1667 1619
f 1714 1740 1620
f 1620 1740 1741
f 1592 1549 1593
f 1593 1549 1742
f 1602 1571 1603
f 1603 1571 1550
f 1688 1690 1689
f 1689 1690 1722
f 1588 1559 1582
f 1582 1559 1579
f 1673 1735 1385
f 1385 1735 1738
f 1387 1232 1672
f 1672 1232 1669
f 1580 1692 1573
f 1573 1692 1743
f 1377 1683 1378
f 1378 1683 1711
f 1664 1666 1744
f 1744 1666 1745
f 1744 1696 1664
f 1664 1696 1695
f 1746 1747 1732
f 1732 1747 1748
f 1749 1750 1677
f 1677 1750 1678
f 1709 1708 1750
f 1750 1708 1678
f 1668 1632 1669
f 1669 1632 1672
f 1633 1746 1734
f 1734 1746 1732
f 1679 1678 1717
f 1717 1678 1708
f 789 627 1717
f 1717 627 1679
f 1563 1723 1564
f 1564 1723 1722
f 1728 1584 1751
f 1751 1584 1583
f 1674 1676 1396
f 1396 1676 630
f 1666 1566 1745
f 1745 1566 1565
f 1627 1629 1645
f 1645 1629 1628
f 1637 1749 1638
f 1638 1749 1677
f 1648 1665 1649
f 1649 1665 1752
f 1740 1642 1741
f 1741 1642 1657
f 1676 1674 1677
f 1677 1674 1638
f 1683 1682 1711
f 1711 1682 1712
f 1618 1753 1619
f 1619 1753 1739
f 1701 1739 1702
f 1702 1739 1753
f 1754 1214 1756
f 1756 1214 1755
f 647 1757 619
f 619 1757 941
f 1759 1193 1758
f 1758 1193 691
f 1419 1760 1420
f 1420 1760 1761
f 682 1762 683
f 683 1762 1763
f 1412 780 1413
f 1413 780 1384
f 1383 1398 1384
f 1384 1398 1413
f 1197 1424 1764
f 1764 1424 1423
f 1537 1287 1538
f 1538 1287 1286
f 1634 1684 1635
f 1635 1684 1736
f 1724 1631 1725
f 1725 1631 1630
f 1562 1730 1610
f 1610 1730 1729
f 1735 1673 1736
f 1736 1673 1635
f 1757 1195 941
f 941 1195 1194
f 1766 200 1765
f 1765 200 199
f 475 500 476
f 476 500 479
f 498 558 483
f 483 558 487
f 545 551 546
f 546 551 550
f 453 1281 219
f 219 1281 1314
f 298 453 208
f 208 453 219
f 368 1765 1767
f 1767 1765 199
f 523 405 363
f 363 405 404
f 523 533 405
f 405 533 402
f 298 208 299
f 299 208 207
f 299 207 176
f 176 207 300
f 176 300 173
f 173 300 202
f 173 202 174
f 174 202 201
f 1337 918 1768
f 1768 918 1336
f 1769 1770 1338
f 1338 1770 859
f 581 570 578
f 578 570 1771
f 555 562 580
f 580 562 561
f 504 1772 501
f 501 1772 548
f 517 542 584
f 584 542 543
f 515 514 516
f 516 514 544
f 542 517 544
f 544 517 516
f 561 575 580
f 580 575 581
f 575 569 581
f 581 569 570
f 501 548 1773
f 1773 548 547
f 1774 1775 570
f 570 1775 1771
f 369 368 1776
f 1776 368 1767
f 372 369 375
f 375 369 1776
f 822 1280 1308
f 1308 1280 1320
f 820 1281 822
f 822 1281 1280
f 818 1314 820
f 820 1314 1281
f 1314 818 1313
f 1313 818 804
f 807 814 825
f 825 814 826
f 814 813 826
f 826 813 827
f 813 1220 827
f 827 1220 828
f 580 579 555
f 555 579 547
f 1477 1540 872
f 872 1540 840
f 367 499 368
f 368 499 1765
f 1766 1765 525
f 525 1765 499
f 1777 1766 526
f 526 1766 525
f 520 527 362
f 362 527 384
f 361 1778 519
f 519 1778 528
f 371 1779 372
f 372 1779 369
f 369 1779 370
f 370 1779 478
f 1779 371 478
f 478 371 374
f 1778 1777 528
f 528 1777 526
f 1781 1782 1780
f 1780 1782 1783
f 431 460 67
f 67 460 64
f 68 338 74
f 74 338 72
f 1785 1782 1784
f 1784 1782 1786
f 1787 1788 1790
f 1790 1788 1789
f 1792 1789 1791
f 1791 1789 1793
f 1791 1794 1792
f 1792 1794 1795
f 1794 1796 1795
f 1795 1796 1797
f 1797 1798 938
f 938 1798 868
f 1798 1799 868
f 868 1799 869
f 1801 1802 1800
f 1800 1802 1451
f 1803 1804 1205
f 1205 1804 1206
f 1805 1806 864
f 864 1806 865
f 1806 1807 865
f 865 1807 1808
f 68 71 338
f 287 328 288
f 1320 1321 1308
f 1308 1321 1309
f 1320 441 1321
f 1321 441 217
f 441 152 217
f 217 152 218
f 151 286 152
f 152 286 218
f 297 310 151
f 151 310 286
f 296 307 297
f 297 307 310
f 296 143 307
f 307 143 284
f 143 56 284
f 284 56 104
f 56 59 104
f 104 59 63
f 59 102 63
f 63 102 60
f 102 94 60
f 60 94 282
f 93 459 279
f 279 459 77
f 459 460 77
f 77 460 78
f 460 431 78
f 78 431 295
f 431 49 295
f 295 49 292
f 48 421 49
f 49 421 292
f 276 278 418
f 418 278 429
f 317 432 278
f 278 432 429
f 432 317 433
f 433 317 316
f 326 324 316
f 316 324 433
f 1536 592 1809
f 1809 592 591
f 1810 744 1812
f 1812 744 1811
f 1814 1815 1813
f 1813 1815 1816
f 1817 748 1818
f 1818 748 747
f 1812 1819 1810
f 1810 1819 1817
f 1820 1821 748
f 748 1821 749
f 1823 1824 1822
f 1822 1824 1825
f 1827 1828 1826
f 1826 1828 1829
f 1831 1832 1830
f 1830 1832 1833
f 1834 1827 1243
f 1243 1827 1826
f 1313 804 825
f 825 804 807
f 1835 1253 1236
f 1236 1253 1237
f 1836 1837 1438
f 1438 1837 1435
f 1838 1505 1840
f 1840 1505 1839
f 1841 1842 716
f 716 1842 713
f 1843 1844 1510
f 1510 1844 1845
f 1847 1848 1846
f 1846 1848 1849
f 1850 1240 1822
f 1822 1240 1239
f 636 1831 637
f 637 1831 1830
f 1852 1853 1851
f 1851 1853 1854
f 1855 1856 1858
f 1858 1856 1857
f 1846 1849 1859
f 1859 1849 1860
f 1343 1401 1509
f 1509 1401 1861
f 1509 1861 635
f 635 1861 636
f 1863 1864 1862
f 1862 1864 1865
f 1283 1503 1867
f 1867 1503 1866
f 1868 1867 681
f 681 1867 682
f 1286 1285 683
f 683 1285 684
f 757 756 1274
f 1274 756 1869
f 1274 1869 717
f 717 1869 718
f 1434 1433 719
f 719 1433 720
f 1200 1538 1545
f 1545 1538 1763
f 1285 1289 684
f 684 1289 1273
f 684 1273 681
f 681 1273 1272
f 785 1283 1868
f 1868 1283 1867
f 786 785 1870
f 1870 785 1868
f 1289 757 1273
f 1273 757 1274
f 1539 1416 1871
f 1871 1416 1872
f 773 1871 1403
f 1403 1871 1404
f 675 674 1405
f 1405 674 1402
f 1864 1873 1865
f 1865 1873 1874
f 638 1843 635
f 635 1843 1510
f 1344 1343 1511
f 1511 1343 1509
f 772 1539 773
f 773 1539 1871
f 674 1200 1402
f 1402 1200 1545
f 1538 1286 1763
f 1763 1286 683
f 1444 1443 1875
f 1875 1443 1876
f 1875 1876 1831
f 1831 1876 1832
f 1416 1344 1872
f 1872 1344 1511
f 1877 1878 774
f 774 1878 1879
f 1878 1847 1879
f 1879 1847 1846
f 1880 714 1881
f 1881 714 1848
f 1401 1444 1861
f 1861 1444 1875
f 1861 1875 636
f 636 1875 1831
f 1823 1863 1882
f 1882 1863 1862
f 1441 1440 1884
f 1884 1440 1883
f 1883 1852 1884
f 1884 1852 1851
f 1886 1887 1885
f 1885 1887 1888
f 1358 1889 1359
f 1359 1889 1890
f 1891 1886 1892
f 1892 1886 1885
f 774 1879 775
f 775 1879 1893
f 1859 1893 1846
f 1846 1893 1879
f 713 1842 1849
f 1849 1842 1860
f 1318 1895 1894
f 1894 1895 1896
f 1873 1897 1874
f 1874 1897 1898
f 1898 605 1899
f 1899 605 675
f 1405 1844 675
f 675 1844 1899
f 1404 1845 1405
f 1405 1845 1844
f 593 1296 591
f 591 1296 1809
f 1295 1292 1900
f 1900 1292 1895
f 606 1897 1291
f 1291 1897 1896
f 1510 1845 1511
f 1511 1845 1872
f 1871 1872 1404
f 1404 1872 1845
f 1866 770 1762
f 1762 770 1546
f 1762 682 1866
f 1866 682 1867
f 1870 1868 1272
f 1272 1868 681
f 1272 717 1870
f 1870 717 720
f 1870 720 786
f 786 720 1433
f 786 1433 787
f 787 1433 1432
f 1261 1414 1432
f 1432 1414 787
f 1389 1234 1260
f 1260 1234 1415
f 1719 1670 1388
f 1388 1670 1235
f 1718 1671 1719
f 1719 1671 1670
f 1705 1747 1718
f 1718 1747 1671
f 1659 1901 1704
f 1704 1901 1748
f 1877 1903 1902
f 1902 1903 1904
f 1259 1905 1390
f 1390 1905 1394
f 1715 1720 1393
f 1393 1720 1391
f 1716 1721 1715
f 1715 1721 1720
f 1698 1706 1716
f 1716 1706 1721
f 277 276 47
f 47 276 48
f 84 96 81
f 81 96 82
f 80 70 81
f 81 70 85
f 99 97 88
f 88 97 89
f 90 100 88
f 88 100 99
f 101 95 102
f 102 95 94
f 1906 1907 280
f 280 1907 281
f 97 86 89
f 89 86 85
f 60 282 61
f 61 282 281
f 83 82 46
f 46 82 47
f 293 292 420
f 420 292 421
f 419 1908 420
f 420 1908 1909
f 92 95 91
f 91 95 90
f 279 282 93
f 93 282 94
f 276 418 48
f 48 418 421
f 1910 1660 1697
f 1697 1660 1707
f 1703 1624 1700
f 1700 1624 1644
f 1622 1910 1623
f 1623 1910 1697
f 1701 1700 1911
f 1911 1700 1661
f 1700 1644 1661
f 1661 1644 1658
f 1901 1737 1733
f 1733 1737 1645
f 1625 1912 1604
f 1604 1912 1731
f 1912 1913 1731
f 1731 1913 1914
f 1913 1577 1914
f 1914 1577 1572
f 1915 1578 1616
f 1616 1578 1618
f 1915 1916 1598
f 1598 1916 1743
f 1916 1574 1743
f 1743 1574 1573
f 1575 1917 1576
f 1576 1917 1597
f 1917 1609 1597
f 1597 1609 1594
f 1608 1611 1729
f 1729 1611 1610
f 1918 1612 1629
f 1629 1612 1630
f 1626 1918 1627
f 1627 1918 1629
f 1920 1921 1919
f 1919 1921 1922
f 1920 1924 1923
f 1923 1924 1925
f 1926 1927 1924
f 1924 1927 1925
f 1929 1930 1928
f 1928 1930 1931
f 1932 1933 1935
f 1935 1933 1934
f 1937 1938 1936
f 1936 1938 1939
f 1941 1942 1940
f 1940 1942 1943
f 1941 1945 1944
f 1944 1945 1946
f 1947 1948 1694
f 1694 1948 1949
f 1950 1951 1953
f 1953 1951 1952
f 1955 1956 1954
f 1954 1956 1589
f 1958 1956 1957
f 1957 1956 1932
f 1960 1934 1959
f 1959 1934 1933
f 1962 1963 1961
f 1961 1963 1964
f 1965 1955 1751
f 1751 1955 1954
f 1935 1930 1932
f 1932 1930 1957
f 1951 1950 1926
f 1926 1950 1929
f 1966 1967 1593
f 1593 1967 1590
f 1969 1967 1968
f 1968 1967 1964
f 1962 1921 1970
f 1970 1921 1971
f 1963 1945 1964
f 1964 1945 1968
f 1972 1948 1922
f 1922 1948 1919
f 1966 1972 1961
f 1961 1972 1922
f 1958 1953 1587
f 1587 1953 1560
f 1974 1975 1973
f 1973 1975 1976
f 1978 1979 1977
f 1977 1979 1691
f 1979 1975 1691
f 1691 1975 1586
f 1938 1942 1939
f 1939 1942 1980
f 1952 1947 1557
f 1557 1947 1694
f 1969 1978 1981
f 1981 1978 1977
f 1983 1984 1982
f 1982 1984 1985
f 1986 1987 1989
f 1989 1987 1988
f 1990 1991 1983
f 1983 1991 1984
f 1990 1993 1992
f 1992 1993 1994
f 1995 1996 1994
f 1994 1996 1997
f 1999 2000 1998
f 1998 2000 2001
f 2003 2004 2002
f 2002 2004 2005
f 2007 2008 2006
f 2006 2008 2009
f 2011 2012 2010
f 2010 2012 2013
f 2014 2015 2017
f 2017 2015 2016
f 2018 2019 2021
f 2021 2019 2020
f 2022 1989 2024
f 2024 1989 2023
f 1989 1988 2023
f 2023 1988 2025
f 2026 2027 2017
f 2017 2027 2014
f 2029 2030 2028
f 2028 2030 2031
f 2033 2034 2032
f 2032 2034 2035
f 2032 2035 2036
f 2036 2035 2037
f 2039 2040 2038
f 2038 2040 2041
f 1982 2042 1983
f 1983 2042 2043
f 2045 2046 2044
f 2044 2046 2047
f 2049 2050 2048
f 2048 2050 2051
f 2053 2054 2052
f 2052 2054 2055
f 2057 2058 2056
f 2056 2058 2059
f 2060 2061 2033
f 2033 2061 2034
f 2063 2064 2062
f 2062 2064 2065
f 2066 2035 2067
f 2067 2035 2034
f 2069 2039 2068
f 2068 2039 2038
f 2025 2070 2023
f 2023 2070 2071
f 2072 2024 2071
f 2071 2024 2023
f 2074 2020 2073
f 2073 2020 2019
f 2050 2049 2047
f 2047 2049 2075
f 1983 2043 1990
f 1990 2043 1993
f 2006 2050 2007
f 2007 2050 2076
f 2050 2006 2051
f 2051 2006 2077
f 2079 2080 2078
f 2078 2080 2081
f 2082 2083 2085
f 2085 2083 2084
f 2010 2013 2086
f 2086 2013 2087
f 2089 2033 2088
f 2088 2033 2032
f 2090 2060 2089
f 2089 2060 2033
f 2092 2093 2091
f 2091 2093 2094
f 2096 1986 2095
f 2095 1986 2097
f 2097 1986 2022
f 2022 1986 1989
f 2015 2094 2016
f 2016 2094 2098
f 2016 2098 2100
f 2100 2098 2099
f 2017 2016 2101
f 2101 2016 2100
f 2017 2101 2026
f 2026 2101 2102
f 2100 2099 2104
f 2104 2099 2103
f 2104 2105 2100
f 2100 2105 2101
f 2105 2106 2101
f 2101 2106 2102
f 2108 2061 2107
f 2107 2061 2109
f 2111 2112 2110
f 2110 2112 2020
f 2020 2074 2110
f 2110 2074 2113
f 2115 2116 2114
f 2114 2116 2117
f 2118 2119 1995
f 1995 2119 2120
f 2121 2122 2027
f 2027 2122 2014
f 2047 2075 2044
f 2044 2075 2123
f 2124 2125 2127
f 2127 2125 2126
f 2129 2130 2128
f 2128 2130 2131
f 2132 2133 2057
f 2057 2133 2058
f 2134 1999 2136
f 2136 1999 2135
f 2055 2138 2137
f 2137 2138 2139
f 2141 2142 2140
f 2140 2142 2143
f 2083 2082 2064
f 2064 2082 2065
f 2082 2144 2065
f 2065 2144 2145
f 2040 2146 2041
f 2041 2146 2147
f 2060 2090 2148
f 2148 2090 2149
f 2048 2051 2137
f 2137 2051 2150
f 2151 1997 2135
f 2135 1997 1996
f 2152 2150 2077
f 2077 2150 2051
f 2046 2045 2118
f 2118 2045 2119
f 2154 2155 2153
f 2153 2155 2156
f 2158 2159 2157
f 2157 2159 2160
f 2162 2163 2161
f 2161 2163 2164
f 2164 2163 2165
f 2165 2163 2166
f 2168 2169 2167
f 2167 2169 2170
f 2003 2172 2171
f 2171 2172 2173
f 2174 2175 2002
f 2002 2175 2176
f 2145 2177 2065
f 2065 2177 2062
f 2178 2179 2180
f 2180 2179 2134
f 2181 2052 2152
f 2152 2052 2150
f 2040 2127 2146
f 2146 2127 2182
f 2130 2162 2131
f 2131 2162 2161
f 2052 2055 2150
f 2150 2055 2137
f 2184 2185 2183
f 2183 2185 2186
f 2159 2030 2160
f 2160 2030 2187
f 2146 2182 2029
f 2029 2182 2188
f 2189 2190 2192
f 2192 2190 2191
f 2172 2003 2176
f 2176 2003 2002
f 1998 2151 1999
f 1999 2151 2135
f 2177 2172 2062
f 2062 2172 2176
f 2172 2177 2173
f 2173 2177 2193
f 2063 2194 2064
f 2064 2194 2195
f 2066 2197 2196
f 2196 2197 2198
f 2002 2005 2174
f 2174 2005 2199
f 2004 2003 2200
f 2200 2003 2171
f 2198 2201 2171
f 2171 2201 2200
f 2197 2202 2198
f 2198 2202 2201
f 2202 2197 2203
f 2203 2197 2204
f 2196 2198 2173
f 2173 2198 2171
f 2205 2069 2170
f 2170 2069 2206
f 2197 2066 2204
f 2204 2066 2067
f 2107 2207 2108
f 2108 2207 2208
f 2210 2208 2209
f 2209 2208 2207
f 2185 2211 2212
f 2213 2214 2211
f 2211 2214 2212
f 1998 2001 2213
f 2213 2001 2214
f 2134 2215 1999
f 1999 2215 2000
f 2216 2217 2219
f 2219 2217 2218
f 2206 2220 2170
f 2170 2220 2167
f 2069 2068 2206
f 2206 2068 2221
f 2151 1998 2222
f 2222 1998 2213
f 2124 2039 2205
f 2205 2039 2069
f 2142 2223 2143
f 2143 2223 2128
f 2203 2186 2202
f 2202 2186 2185
f 2185 2184 2211
f 2211 2184 2224
f 2224 2225 2222
f 2222 2225 2226
f 2071 2227 2072
f 2072 2227 2228
f 2229 2074 2230
f 2230 2074 2073
f 2074 2229 2113
f 2113 2229 2231
f 2232 2225 2227
f 2227 2225 2224
f 2233 2234 2031
f 2031 2234 2028
f 2236 2231 2235
f 2235 2231 2229
f 2230 2183 2229
f 2229 2183 2235
f 2237 1987 2096
f 2096 1987 1986
f 2152 2238 2181
f 2181 2238 2239
f 2080 2240 2081
f 2081 2240 2241
f 2236 2242 1971
f 1971 2242 1970
f 1925 2113 1923
f 1923 2113 2231
f 2110 1927 2111
f 2111 1927 1928
f 2103 2111 1931
f 1931 2111 1928
f 1931 2243 2103
f 2103 2243 2104
f 2105 2104 2244
f 2244 2104 2243
f 1939 1980 2148
f 2148 1980 2109
f 1980 1944 2109
f 2109 1944 2107
f 1946 2245 2207
f 2207 2245 2209
f 2245 1970 2209
f 2209 1970 2242
f 2231 2236 1923
f 1923 2236 1971
f 2113 1925 2110
f 2110 1925 1927
f 2234 2246 2028
f 2028 2246 2147
f 2247 2248 2058
f 2058 2248 2059
f 2114 2117 2249
f 2249 2117 2250
f 2252 2253 2251
f 2251 2253 2254
f 2094 2015 2091
f 2091 2015 2255
f 2256 2255 2014
f 2014 2255 2015
f 2257 2145 2258
f 2258 2145 2144
f 2131 2161 2123
f 2123 2161 2044
f 2045 2044 2164
f 2164 2044 2161
f 2045 2164 2119
f 2119 2164 2165
f 2259 2120 2165
f 2165 2120 2119
f 2260 2261 2259
f 2259 2261 2120
f 2205 2262 2124
f 2124 2262 2125
f 2180 2263 2178
f 2178 2263 2264
f 2265 2266 2092
f 2092 2266 2093
f 1992 2267 2268
f 2184 2228 2224
f 2224 2228 2227
f 2048 2269 2049
f 2049 2269 2141
f 2129 2168 2157
f 2157 2168 2167
f 2049 2141 2075
f 2075 2141 2140
f 2199 2215 2270
f 2270 2215 2271
f 2142 2141 2272
f 2272 2141 2269
f 2089 2026 2090
f 2090 2026 2102
f 2146 2029 2147
f 2147 2029 2028
f 2111 2103 2112
f 2112 2103 2099
f 2061 2060 2109
f 2109 2060 2148
f 2273 2274 2041
f 2041 2274 2038
f 2260 2275 2261
f 2261 2275 2136
f 2057 2138 2132
f 2132 2138 2276
f 2272 2269 2056
f 2056 2269 2139
f 2277 2278 2270
f 2270 2278 2199
f 2029 2188 2030
f 2030 2188 2187
f 2040 2039 2127
f 2127 2039 2124
f 2064 2195 2083
f 2083 2195 2279
f 2056 2139 2057
f 2057 2139 2138
f 2278 2277 2247
f 2247 2277 2248
f 2062 2176 2063
f 2063 2176 2175
f 2280 2210 2242
f 2242 2210 2209
f 2282 2233 2281
f 2281 2233 2031
f 2216 2219 2283
f 2283 2219 2221
f 2158 2220 2218
f 2218 2220 2219
f 2217 2282 2218
f 2218 2282 2281
f 2220 2158 2167
f 2167 2158 2157
f 2223 2264 2128
f 2128 2264 2263
f 2261 1996 2120
f 2120 1996 1995
f 2213 2211 2222
f 2222 2211 2224
f 2283 2221 2284
f 2284 2221 2068
f 2135 1996 2136
f 2136 1996 2261
f 2144 2081 2258
f 2258 2081 2241
f 2235 2280 2236
f 2236 2280 2242
f 2246 2273 2147
f 2147 2273 2041
f 2036 2285 2032
f 2032 2285 2088
f 2077 2286 2152
f 2152 2286 2238
f 1937 1960 1973
f 1973 1960 1959
f 2070 2232 2071
f 2071 2232 2227
f 2244 2287 2105
f 2105 2287 2106
f 1936 1939 2149
f 2149 1939 2148
f 1944 1946 2107
f 2107 1946 2207
f 2285 2121 2088
f 2088 2121 2027
f 2253 2249 2254
f 2254 2249 2250
f 2006 2009 2077
f 2077 2009 2286
f 2289 2086 2288
f 2288 2086 2087
f 2223 2142 2290
f 2290 2142 2272
f 2128 2131 2143
f 2143 2131 2123
f 2156 2291 2153
f 2153 2291 2175
f 2292 2293 2278
f 2278 2293 2294
f 2075 2140 2123
f 2123 2140 2143
f 2262 2169 2275
f 2275 2169 2180
f 2275 2180 2136
f 2136 2180 2134
f 2274 2284 2038
f 2038 2284 2068
f 2127 2126 2182
f 2182 2126 2166
f 2094 2093 2098
f 2098 2093 2021
f 2098 2021 2099
f 2099 2021 2112
f 2018 2021 2266
f 2266 2021 2093
f 2251 2289 2252
f 2252 2289 2288
f 1997 2151 2226
f 2226 2151 2222
f 2206 2221 2220
f 2220 2221 2219
f 2269 2048 2139
f 2139 2048 2137
f 2159 2158 2281
f 2281 2158 2218
f 2156 2155 2190
f 2190 2155 2191
f 1974 1965 1583
f 1583 1965 1751
f 2088 2027 2089
f 2089 2027 2026
f 2030 2159 2031
f 2031 2159 2281
f 2106 2149 2102
f 2102 2149 2090
f 2287 1936 2106
f 2106 1936 2149
f 2293 2154 2294
f 2294 2154 2153
f 2021 2020 2112
f 2247 2295 2278
f 2278 2295 2292
f 2284 2296 2283
f 2283 2296 2297
f 2298 2296 2274
f 2274 2296 2284
f 2273 2299 2274
f 2274 2299 2298
f 2246 2300 2273
f 2273 2300 2299
f 2283 2297 2216
f 2216 2297 2301
f 2216 2301 2217
f 2217 2301 2302
f 2302 2303 2217
f 2217 2303 2282
f 2304 2301 2305
f 2305 2301 2297
f 2307 2308 2306
f 2306 2308 2309
f 2306 2310 2307
f 2307 2310 2311
f 2307 2312 2308
f 2308 2312 2313
f 2314 2315 2312
f 2312 2315 2316
f 2316 2317 2312
f 2312 2317 2313
f 2317 2305 2313
f 2313 2305 2318
f 2314 2312 2311
f 2311 2312 2307
f 2319 2320 2322
f 2322 2320 2321
f 2322 2311 2319
f 2319 2311 2310
f 2313 2318 2308
f 2308 2318 2309
f 2296 2298 2318
f 2318 2298 2309
f 2309 2298 2323
f 2323 2298 2299
f 2306 2309 2324
f 2324 2309 2323
f 2310 2306 2325
f 2325 2306 2324
f 2296 2318 2297
f 2297 2318 2305
f 2319 2310 2326
f 2326 2310 2325
f 2328 2325 2327
f 2327 2325 2324
f 2325 2328 2326
f 2326 2328 2329
f 2331 2328 2330
f 2330 2328 2327
f 2332 2333 2327
f 2327 2333 2330
f 2328 2331 2329
f 2329 2331 2334
f 2324 2323 2327
f 2327 2323 2332
f 2300 2332 2299
f 2299 2332 2323
f 2326 2335 2319
f 2319 2335 2320
f 2305 2317 2336
f 2336 2317 2316
f 2336 2316 2337
f 2337 2316 2315
f 2338 2304 2336
f 2336 2304 2305
f 2337 2339 2336
f 2336 2339 2338
f 2337 2315 2341
f 2341 2315 2340
f 2342 2300 2234
f 2234 2300 2246
f 2303 2343 2282
f 2282 2343 2233
f 2234 2233 2342
f 2342 2233 2343
f 2342 2343 2333
f 2333 2343 2344
f 2333 2344 2330
f 2330 2344 2345
f 2346 2344 2303
f 2303 2344 2343
f 2332 2300 2333
f 2333 2300 2342
f 2347 2346 2302
f 2302 2346 2303
f 2301 2304 2302
f 2302 2304 2347
f 2304 2338 2347
f 2347 2338 2348
f 2348 2349 2347
f 2347 2349 2346
f 2350 2351 2348
f 2348 2351 2349
f 2349 2345 2346
f 2346 2345 2344
f 2345 2349 2352
f 2352 2349 2351
f 2338 2339 2348
f 2348 2339 2350
f 2350 2339 2353
f 2353 2339 2354
f 2356 2357 2355
f 2355 2357 2353
f 2351 2350 2357
f 2357 2350 2353
f 2353 2354 2355
f 2355 2354 2335
f 2320 2335 2341
f 2341 2335 2354
f 2339 2337 2354
f 2354 2337 2341
f 2352 2331 2345
f 2345 2331 2330
f 2356 2334 2352
f 2352 2334 2331
f 2356 2352 2357
f 2357 2352 2351
f 2355 2329 2356
f 2356 2329 2334
f 2335 2326 2355
f 2355 2326 2329
f 2321 2314 2322
f 2322 2314 2311
f 2321 2320 2340
f 2340 2320 2341
f 2315 2314 2340
f 2340 2314 2321
f 2125 2260 2126
f 2126 2260 2259
f 2157 2160 2129
f 2129 2160 2130
f 2188 2163 2187
f 2187 2163 2162
f 2182 2166 2188
f 2188 2166 2163
f 2180 2169 2263
f 2263 2169 2168
f 2160 2187 2130
f 2130 2187 2162
f 2275 2260 2262
f 2262 2260 2125
f 2128 2263 2129
f 2129 2263 2168
f 2262 2205 2169
f 2169 2205 2170
f 2165 2166 2259
f 2259 2166 2126
f 2359 2360 2358
f 2358 2360 2361
f 2363 2364 2362
f 2362 2364 2365
f 2367 2363 2366
f 2366 2363 2362
f 2368 2369 2371
f 2371 2369 2370
f 2372 2373 2248
f 2248 2373 2059
f 2364 2374 2365
f 2365 2374 2375
f 2377 2378 2376
f 2376 2378 2379
f 2290 2380 2223
f 2223 2380 2381
f 2223 2381 2264
f 2264 2381 2382
f 2384 2385 2383
f 2383 2385 2386
f 2364 2371 2374
f 2374 2371 2387
f 2059 2373 2290
f 2290 2373 2380
f 2378 2360 2379
f 2379 2360 2388
f 2374 2387 2359
f 2359 2387 2389
f 2390 2367 2386
f 2386 2367 2391
f 2393 2394 2392
f 2392 2394 2395
f 2386 2391 2383
f 2383 2391 2396
f 2367 2366 2391
f 2391 2366 2397
f 2363 2367 2368
f 2368 2367 2390
f 2398 2399 2361
f 2361 2399 2358
f 2399 2400 2358
f 2358 2400 2375
f 2390 2401 2368
f 2368 2401 2369
f 2372 2384 2376
f 2376 2384 2383
f 2374 2359 2375
f 2375 2359 2358
f 2402 2403 2365
f 2365 2403 2362
f 2359 2389 2360
f 2360 2389 2388
f 2364 2363 2371
f 2371 2363 2368
f 2405 2398 2404
f 2404 2398 2361
f 2392 2395 2406
f 2406 2395 2397
f 2377 2396 2394
f 2394 2396 2395
f 2394 2393 2404
f 2404 2393 2405
f 2396 2377 2383
f 2383 2377 2376
f 2406 2397 2407
f 2407 2397 2366
f 2400 2402 2375
f 2375 2402 2365
f 2385 2270 2401
f 2401 2270 2271
f 2403 2407 2362
f 2362 2407 2366
f 2371 2370 2387
f 2387 2370 2382
f 2391 2397 2396
f 2396 2397 2395
f 2378 2377 2404
f 2404 2377 2394
f 2360 2378 2361
f 2361 2378 2404
f 2407 2408 2406
f 2406 2408 2409
f 2410 2408 2403
f 2403 2408 2407
f 2411 2410 2402
f 2402 2410 2403
f 2412 2411 2400
f 2400 2411 2402
f 2406 2409 2392
f 2392 2409 2413
f 2392 2413 2393
f 2393 2413 2414
f 2415 2405 2414
f 2414 2405 2393
f 2416 2413 2417
f 2417 2413 2409
f 2419 2420 2418
f 2418 2420 2421
f 2420 2422 2421
f 2421 2422 2423
f 2420 2424 2422
f 2422 2424 2425
f 2426 2427 2424
f 2424 2427 2428
f 2428 2429 2424
f 2424 2429 2425
f 2426 2424 2419
f 2419 2424 2420
f 2419 2418 2431
f 2431 2418 2430
f 2425 2432 2422
f 2422 2432 2423
f 2408 2410 2432
f 2432 2410 2423
f 2423 2410 2433
f 2433 2410 2411
f 2421 2423 2434
f 2434 2423 2433
f 2435 2418 2434
f 2434 2418 2421
f 2429 2417 2425
f 2425 2417 2432
f 2408 2432 2409
f 2409 2432 2417
f 2418 2435 2430
f 2430 2435 2436
f 2438 2435 2437
f 2437 2435 2434
f 2435 2438 2436
f 2436 2438 2439
f 2441 2438 2440
f 2440 2438 2437
f 2442 2443 2437
f 2437 2443 2440
f 2439 2438 2444
f 2444 2438 2441
f 2433 2442 2434
f 2434 2442 2437
f 2412 2442 2411
f 2411 2442 2433
f 2436 2445 2430
f 2430 2445 2446
f 2430 2446 2431
f 2431 2446 2447
f 2417 2429 2448
f 2448 2429 2428
f 2427 2449 2428
f 2428 2449 2448
f 2450 2416 2448
f 2448 2416 2417
f 2451 2450 2449
f 2449 2450 2448
f 2427 2452 2449
f 2449 2452 2453
f 2447 2446 2452
f 2452 2446 2453
f 2454 2412 2399
f 2399 2412 2400
f 2415 2455 2405
f 2405 2455 2398
f 2399 2398 2454
f 2454 2398 2455
f 2454 2455 2443
f 2443 2455 2456
f 2443 2456 2440
f 2440 2456 2457
f 2458 2456 2415
f 2415 2456 2455
f 2443 2442 2454
f 2454 2442 2412
f 2459 2458 2414
f 2414 2458 2415
f 2413 2416 2414
f 2414 2416 2459
f 2459 2416 2460
f 2460 2416 2450
f 2460 2461 2459
f 2459 2461 2458
f 2462 2463 2460
f 2460 2463 2461
f 2461 2457 2458
f 2458 2457 2456
f 2457 2461 2464
f 2464 2461 2463
f 2451 2462 2450
f 2450 2462 2460
f 2462 2451 2465
f 2465 2451 2466
f 2468 2469 2467
f 2467 2469 2465
f 2463 2462 2469
f 2469 2462 2465
f 2465 2466 2467
f 2467 2466 2445
f 2446 2445 2453
f 2453 2445 2466
f 2451 2449 2466
f 2466 2449 2453
f 2464 2441 2457
f 2457 2441 2440
f 2468 2444 2464
f 2464 2444 2441
f 2468 2464 2469
f 2469 2464 2463
f 2467 2439 2468
f 2468 2439 2444
f 2445 2436 2467
f 2467 2436 2439
f 2447 2426 2431
f 2431 2426 2419
f 2427 2426 2452
f 2452 2426 2447
f 2369 2179 2370
f 2370 2179 2178
f 2376 2379 2372
f 2372 2379 2373
f 2389 2381 2388
f 2388 2381 2380
f 2387 2382 2389
f 2389 2382 2381
f 2270 2385 2277
f 2277 2385 2384
f 2379 2388 2373
f 2373 2388 2380
f 2401 2271 2369
f 2369 2271 2179
f 2248 2277 2372
f 2372 2277 2384
f 2401 2390 2385
f 2385 2390 2386
f 2264 2382 2178
f 2178 2382 2370
f 2215 2134 2271
f 2271 2134 2179
f 2005 2000 2199
f 2199 2000 2215
f 2004 2001 2005
f 2005 2001 2000
f 2200 2214 2004
f 2004 2214 2001
f 2470 2471 2473
f 2473 2471 2472
f 2475 2476 2474
f 2474 2476 2477
f 2479 2475 2478
f 2478 2475 2474
f 2481 2482 2480
f 2480 2482 2483
f 2476 2484 2477
f 2477 2484 2485
f 2487 2488 2486
f 2486 2488 2489
f 2133 2490 2058
f 2058 2490 2491
f 2058 2491 2247
f 2247 2491 2492
f 2494 2495 2493
f 2493 2495 2496
f 2476 2483 2484
f 2484 2483 2497
f 2472 2498 2488
f 2488 2498 2489
f 2484 2497 2471
f 2471 2497 2499
f 2500 2479 2496
f 2496 2479 2501
f 2502 2503 2505
f 2505 2503 2504
f 2496 2501 2493
f 2493 2501 2506
f 2479 2478 2501
f 2501 2478 2507
f 2475 2479 2480
f 2480 2479 2500
f 2508 2509 2473
f 2473 2509 2470
f 2509 2510 2470
f 2470 2510 2485
f 2511 2481 2500
f 2500 2481 2480
f 2512 2494 2486
f 2486 2494 2493
f 2485 2484 2470
f 2470 2484 2471
f 2513 2514 2477
f 2477 2514 2474
f 2471 2499 2472
f 2472 2499 2498
f 2476 2475 2483
f 2483 2475 2480
f 2516 2508 2515
f 2515 2508 2473
f 2502 2505 2517
f 2517 2505 2507
f 2504 2487 2505
f 2505 2487 2506
f 2503 2516 2504
f 2504 2516 2515
f 2506 2487 2493
f 2493 2487 2486
f 2517 2507 2518
f 2518 2507 2478
f 2510 2513 2485
f 2485 2513 2477
f 2511 2495 2293
f 2293 2495 2154
f 2514 2518 2474
f 2474 2518 2478
f 2483 2482 2497
f 2497 2482 2492
f 2501 2507 2506
f 2506 2507 2505
f 2488 2487 2515
f 2515 2487 2504
f 2472 2488 2473
f 2473 2488 2515
f 2518 2519 2517
f 2517 2519 2520
f 2521 2519 2514
f 2514 2519 2518
f 2522 2521 2513
f 2513 2521 2514
f 2523 2522 2510
f 2510 2522 2513
f 2517 2520 2502
f 2502 2520 2524
f 2502 2524 2503
f 2503 2524 2525
f 2525 2526 2503
f 2503 2526 2516
f 2527 2524 2528
f 2528 2524 2520
f 2530 2531 2529
f 2529 2531 2532
f 2531 2533 2532
f 2532 2533 2534
f 2531 2535 2533
f 2533 2535 2536
f 2537 2538 2535
f 2535 2538 2539
f 2539 2540 2535
f 2535 2540 2536
f 2537 2535 2530
f 2530 2535 2531
f 2529 2541 2530
f 2530 2541 2542
f 2543 2534 2536
f 2536 2534 2533
f 2519 2521 2543
f 2543 2521 2534
f 2534 2521 2544
f 2544 2521 2522
f 2532 2534 2545
f 2545 2534 2544
f 2529 2532 2546
f 2546 2532 2545
f 2536 2540 2543
f 2543 2540 2528
f 2519 2543 2520
f 2520 2543 2528
f 2541 2529 2547
f 2547 2529 2546
f 2548 2549 2545
f 2545 2549 2546
f 2549 2550 2546
f 2546 2550 2547
f 2551 2552 2548
f 2548 2552 2549
f 2548 2553 2551
f 2551 2553 2554
f 2550 2549 2555
f 2555 2549 2552
f 2545 2544 2548
f 2548 2544 2553
f 2523 2553 2522
f 2522 2553 2544
f 2547 2556 2541
f 2541 2556 2557
f 2541 2557 2542
f 2542 2557 2558
f 2528 2540 2559
f 2559 2540 2539
f 2538 2560 2539
f 2539 2560 2559
f 2561 2527 2559
f 2559 2527 2528
f 2560 2562 2559
f 2559 2562 2561
f 2560 2538 2564
f 2564 2538 2563
f 2558 2557 2563
f 2563 2557 2564
f 2565 2523 2509
f 2509 2523 2510
f 2526 2566 2516
f 2516 2566 2508
f 2509 2508 2565
f 2565 2508 2566
f 2565 2566 2554
f 2554 2566 2567
f 2554 2567 2551
f 2551 2567 2568
f 2569 2567 2526
f 2526 2567 2566
f 2553 2523 2554
f 2554 2523 2565
f 2570 2569 2525
f 2525 2569 2526
f 2524 2527 2525
f 2525 2527 2570
f 2527 2561 2570
f 2570 2561 2571
f 2571 2572 2570
f 2570 2572 2569
f 2573 2574 2571
f 2571 2574 2572
f 2572 2568 2569
f 2569 2568 2567
f 2568 2572 2575
f 2575 2572 2574
f 2562 2573 2561
f 2561 2573 2571
f 2573 2562 2576
f 2576 2562 2577
f 2579 2580 2578
f 2578 2580 2576
f 2574 2573 2580
f 2580 2573 2576
f 2576 2577 2578
f 2578 2577 2556
f 2557 2556 2564
f 2564 2556 2577
f 2562 2560 2577
f 2577 2560 2564
f 2575 2552 2568
f 2568 2552 2551
f 2579 2555 2575
f 2575 2555 2552
f 2579 2575 2580
f 2580 2575 2574
f 2550 2555 2578
f 2578 2555 2579
f 2556 2547 2578
f 2578 2547 2550
f 2558 2537 2542
f 2542 2537 2530
f 2538 2537 2563
f 2563 2537 2558
f 2292 2295 2481
f 2481 2295 2482
f 2486 2489 2512
f 2512 2489 2581
f 2499 2491 2498
f 2498 2491 2490
f 2497 2492 2499
f 2499 2492 2491
f 2155 2154 2494
f 2494 2154 2495
f 2581 2489 2490
f 2490 2489 2498
f 2293 2292 2511
f 2511 2292 2481
f 2191 2155 2512
f 2512 2155 2494
f 2500 2496 2511
f 2511 2496 2495
f 2247 2492 2295
f 2295 2492 2482
f 2583 2584 2582
f 2582 2584 2585
f 2587 2588 2586
f 2586 2588 2589
f 2591 2587 2590
f 2590 2587 2586
f 2593 2594 2592
f 2592 2594 2595
f 2596 2597 2599
f 2599 2597 2598
f 2588 2600 2589
f 2589 2600 2601
f 2602 2603 2605
f 2605 2603 2604
f 2606 2607 2609
f 2609 2607 2608
f 2609 2608 2190
f 2190 2608 2610
f 2611 2612 2614
f 2614 2612 2613
f 2600 2588 2615
f 2615 2588 2595
f 2599 2598 2606
f 2606 2598 2607
f 2584 2616 2604
f 2604 2616 2605
f 2600 2615 2583
f 2583 2615 2617
f 2591 2619 2618
f 2618 2619 2614
f 2621 2622 2620
f 2620 2622 2623
f 2619 2624 2614
f 2614 2624 2611
f 2591 2590 2619
f 2619 2590 2625
f 2587 2591 2592
f 2592 2591 2618
f 2626 2627 2585
f 2585 2627 2582
f 2627 2628 2582
f 2582 2628 2601
f 2629 2593 2618
f 2618 2593 2592
f 2602 2597 2611
f 2611 2597 2612
f 2600 2583 2601
f 2601 2583 2582
f 2630 2631 2589
f 2589 2631 2586
f 2583 2617 2584
f 2584 2617 2616
f 2588 2587 2595
f 2595 2587 2592
f 2633 2626 2632
f 2632 2626 2585
f 2620 2623 2634
f 2634 2623 2625
f 2622 2603 2623
f 2623 2603 2624
f 2621 2633 2622
f 2622 2633 2632
f 2611 2624 2602
f 2602 2624 2603
f 2634 2625 2635
f 2635 2625 2590
f 2628 2630 2601
f 2601 2630 2589
f 2613 2195 2629
f 2629 2195 2194
f 2631 2635 2586
f 2586 2635 2590
f 2595 2594 2615
f 2615 2594 2610
f 2619 2625 2624
f 2624 2625 2623
f 2632 2604 2622
f 2622 2604 2603
f 2585 2584 2632
f 2632 2584 2604
f 2635 2636 2634
f 2634 2636 2637
f 2638 2636 2631
f 2631 2636 2635
f 2639 2638 2630
f 2630 2638 2631
f 2640 2639 2628
f 2628 2639 2630
f 2634 2637 2620
f 2620 2637 2641
f 2620 2641 2621
f 2621 2641 2642
f 2642 2643 2621
f 2621 2643 2633
f 2641 2637 2644
f 2644 2637 2645
f 2646 2647 2649
f 2649 2647 2648
f 2648 2650 2649
f 2649 2650 2651
f 2648 2652 2650
f 2650 2652 2653
f 2652 2654 2656
f 2656 2654 2655
f 2656 2657 2652
f 2652 2657 2653
f 2654 2652 2647
f 2647 2652 2648
f 2647 2646 2659
f 2659 2646 2658
f 2660 2651 2653
f 2653 2651 2650
f 2636 2638 2660
f 2660 2638 2651
f 2651 2638 2661
f 2661 2638 2639
f 2651 2661 2649
f 2649 2661 2662
f 2663 2646 2662
f 2662 2646 2649
f 2653 2657 2660
f 2660 2657 2645
f 2636 2660 2637
f 2637 2660 2645
f 2646 2663 2658
f 2658 2663 2664
f 2665 2666 2662
f 2662 2666 2663
f 2666 2667 2663
f 2663 2667 2664
f 2668 2669 2665
f 2665 2669 2666
f 2665 2670 2668
f 2668 2670 2671
f 2667 2666 2672
f 2672 2666 2669
f 2662 2661 2665
f 2665 2661 2670
f 2640 2670 2639
f 2639 2670 2661
f 2673 2674 2664
f 2664 2674 2658
f 2658 2674 2659
f 2659 2674 2675
f 2645 2657 2676
f 2676 2657 2656
f 2677 2676 2655
f 2655 2676 2656
f 2676 2678 2645
f 2645 2678 2644
f 2677 2679 2676
f 2676 2679 2678
f 2655 2680 2677
f 2677 2680 2681
f 2675 2674 2680
f 2680 2674 2681
f 2682 2640 2627
f 2627 2640 2628
f 2643 2683 2633
f 2633 2683 2626
f 2682 2627 2683
f 2683 2627 2626
f 2683 2684 2682
f 2682 2684 2671
f 2684 2685 2671
f 2671 2685 2668
f 2686 2684 2643
f 2643 2684 2683
f 2670 2640 2671
f 2671 2640 2682
f 2687 2686 2642
f 2642 2686 2643
f 2642 2641 2687
f 2687 2641 2644
f 2687 2644 2688
f 2688 2644 2678
f 2688 2689 2687
f 2687 2689 2686
f 2690 2691 2688
f 2688 2691 2689
f 2689 2685 2686
f 2686 2685 2684
f 2685 2689 2692
f 2692 2689 2691
f 2679 2690 2678
f 2678 2690 2688
f 2690 2679 2693
f 2693 2679 2694
f 2696 2697 2695
f 2695 2697 2693
f 2691 2690 2697
f 2697 2690 2693
f 2693 2694 2695
f 2695 2694 2673
f 2674 2673 2681
f 2681 2673 2694
f 2679 2677 2694
f 2694 2677 2681
f 2685 2692 2668
f 2668 2692 2669
f 2696 2672 2692
f 2692 2672 2669
f 2696 2692 2697
f 2697 2692 2691
f 2695 2667 2696
f 2696 2667 2672
f 2673 2664 2695
f 2695 2664 2667
f 2675 2654 2659
f 2659 2654 2647
f 2655 2654 2680
f 2680 2654 2675
f 2291 2156 2593
f 2593 2156 2594
f 2597 2602 2598
f 2598 2602 2605
f 2616 2617 2607
f 2607 2617 2608
f 2615 2610 2617
f 2617 2610 2608
f 2597 2596 2612
f 2612 2596 2698
f 2598 2605 2607
f 2607 2605 2616
f 2194 2291 2629
f 2629 2291 2593
f 2629 2618 2613
f 2613 2618 2614
f 2190 2610 2156
f 2156 2610 2594
f 2700 2010 2699
f 2699 2010 2086
f 2267 2701 2116
f 2116 2701 2702
f 2116 2702 2117
f 2117 2702 2703
f 2704 2705 2250
f 2250 2705 2254
f 2011 2706 2267
f 2267 2706 2701
f 2699 2086 2707
f 2707 2086 2289
f 2010 2700 2011
f 2011 2700 2706
f 2708 2707 2251
f 2251 2707 2289
f 2703 2704 2117
f 2117 2704 2250
f 2705 2708 2254
f 2254 2708 2251
f 2709 2710 2708
f 2708 2710 2707
f 2711 2709 2705
f 2705 2709 2708
f 2712 2711 2704
f 2704 2711 2705
f 2713 2712 2703
f 2703 2712 2704
f 2707 2710 2699
f 2699 2710 2714
f 2699 2714 2700
f 2700 2714 2715
f 2716 2706 2715
f 2715 2706 2700
f 2714 2710 2717
f 2717 2710 2718
f 2720 2721 2719
f 2719 2721 2722
f 2721 2723 2722
f 2722 2723 2724
f 2721 2725 2723
f 2723 2725 2726
f 2727 2728 2725
f 2725 2728 2726
f 2729 2725 2720
f 2720 2725 2721
f 2731 2729 2730
f 2730 2729 2720
f 2719 2732 2720
f 2720 2732 2730
f 2726 2733 2723
f 2723 2733 2724
f 2709 2711 2733
f 2733 2711 2724
f 2724 2711 2734
f 2734 2711 2712
f 2722 2724 2735
f 2735 2724 2734
f 2719 2722 2736
f 2736 2722 2735
f 2726 2728 2733
f 2733 2728 2718
f 2709 2733 2710
f 2710 2733 2718
f 2732 2719 2737
f 2737 2719 2736
f 2738 2739 2735
f 2735 2739 2736
f 2739 2740 2736
f 2736 2740 2737
f 2741 2742 2738
f 2738 2742 2739
f 2738 2743 2741
f 2741 2743 2744
f 2740 2739 2745
f 2745 2739 2742
f 2735 2734 2738
f 2738 2734 2743
f 2713 2743 2712
f 2712 2743 2734
f 2737 2746 2732
f 2732 2746 2747
f 2732 2747 2730
f 2730 2747 2731
f 2718 2728 2748
f 2748 2728 2727
f 2749 2750 2727
f 2727 2750 2748
f 2748 2751 2718
f 2718 2751 2717
f 2750 2752 2748
f 2748 2752 2751
f 2750 2749 2754
f 2754 2749 2753
f 2731 2747 2753
f 2753 2747 2754
f 2727 2725 2749
f 2749 2725 2729
f 2749 2729 2753
f 2753 2729 2731
f 2702 2755 2703
f 2703 2755 2713
f 2706 2716 2701
f 2701 2716 2756
f 2755 2702 2756
f 2756 2702 2701
f 2756 2757 2755
f 2755 2757 2744
f 2757 2758 2744
f 2744 2758 2741
f 2759 2757 2716
f 2716 2757 2756
f 2743 2713 2744
f 2744 2713 2755
f 2760 2759 2715
f 2715 2759 2716
f 2715 2714 2760
f 2760 2714 2717
f 2760 2717 2761
f 2761 2717 2751
f 2761 2762 2760
f 2760 2762 2759
f 2763 2764 2761
f 2761 2764 2762
f 2762 2758 2759
f 2759 2758 2757
f 2758 2762 2765
f 2765 2762 2764
f 2752 2763 2751
f 2751 2763 2761
f 2763 2752 2766
f 2766 2752 2767
f 2768 2769 2766
f 2766 2769 2770
f 2764 2763 2770
f 2770 2763 2766
f 2766 2767 2768
f 2768 2767 2746
f 2747 2746 2754
f 2754 2746 2767
f 2752 2750 2767
f 2767 2750 2754
f 2758 2765 2741
f 2741 2765 2742
f 2769 2745 2765
f 2765 2745 2742
f 2769 2765 2770
f 2770 2765 2764
f 2768 2740 2769
f 2769 2740 2745
f 2746 2737 2768
f 2768 2737 2740
f 2201 2212 2200
f 2200 2212 2214
f 2201 2202 2212
f 2212 2202 2185
f 2512 2581 2191
f 2191 2581 2192
f 2059 2290 2056
f 2056 2290 2272
f 2174 2199 2294
f 2294 2199 2278
f 2063 2175 2194
f 2194 2175 2291
f 2192 2581 2133
f 2133 2581 2490
f 2133 2132 2192
f 2192 2132 2189
f 2054 2276 2055
f 2055 2276 2138
f 2083 2279 2084
f 2084 2279 2771
f 2771 2279 2599
f 2599 2279 2596
f 2606 2772 2599
f 2599 2772 2771
f 2772 2773 2771
f 2771 2773 2084
f 2773 2774 2084
f 2084 2774 2085
f 2085 2775 2082
f 2082 2775 2144
f 2774 2078 2085
f 2085 2078 2775
f 2078 2774 2079
f 2079 2774 2776
f 2774 2773 2776
f 2776 2773 2777
f 2773 2772 2777
f 2777 2772 2778
f 2190 2189 2609
f 2609 2189 2778
f 2053 2052 2779
f 2779 2052 2181
f 2144 2775 2081
f 2081 2775 2078
f 2294 2153 2174
f 2174 2153 2175
f 2132 2276 2189
f 2189 2276 2778
f 2606 2609 2772
f 2772 2609 2778
f 2195 2613 2698
f 2698 2613 2612
f 2596 2279 2698
f 2698 2279 2195
f 2054 2777 2276
f 2276 2777 2778
f 2777 2054 2776
f 2776 2054 2053
f 2053 2779 2776
f 2776 2779 2079
f 2779 2181 2079
f 2079 2181 2080
f 2181 2239 2080
f 2080 2239 2240
f 2122 2256 2014
f 2042 1982 2076
f 2076 1982 2007
f 1982 1985 2007
f 2007 1985 2008
f 2095 2097 2265
f 2265 2097 2266
f 2076 2050 2042
f 2042 2050 2047
f 2046 2043 2047
f 2047 2043 2042
f 2118 1993 2046
f 2046 1993 2043
f 1995 1994 2118
f 2118 1994 1993
f 2267 1992 2011
f 2011 1992 2012
f 1997 2012 1994
f 1994 2012 1992
f 2226 2013 1997
f 1997 2013 2012
f 2225 2087 2226
f 2226 2087 2013
f 2225 2232 2087
f 2087 2232 2288
f 2232 2070 2288
f 2288 2070 2252
f 2070 2025 2252
f 2252 2025 2253
f 1988 2249 2025
f 2025 2249 2253
f 2116 2115 2267
f 2267 2115 2268
f 2096 1984 2237
f 2237 1984 1991
f 2095 1985 2096
f 2096 1985 1984
f 2265 2008 2095
f 2095 2008 1985
f 2092 2009 2265
f 2265 2009 2008
f 2091 2286 2092
f 2092 2286 2009
f 2255 2238 2091
f 2091 2238 2286
f 2256 2239 2255
f 2255 2239 2238
f 2122 2240 2256
f 2256 2240 2239
f 2121 2241 2122
f 2122 2241 2240
f 2022 2018 2097
f 2097 2018 2266
f 2022 2024 2018
f 2018 2024 2019
f 2024 2072 2019
f 2019 2072 2073
f 2072 2228 2073
f 2073 2228 2230
f 2228 2184 2230
f 2230 2184 2183
f 2121 2285 2241
f 2241 2285 2258
f 2285 2036 2258
f 2258 2036 2257
f 2177 2145 2193
f 2193 2145 2257
f 2173 2193 2196
f 2196 2193 2037
f 2036 2037 2257
f 2257 2037 2193
f 2196 2037 2066
f 2066 2037 2035
f 2061 2108 2034
f 2034 2108 2067
f 2108 2208 2067
f 2067 2208 2204
f 2208 2210 2204
f 2204 2210 2203
f 2210 2280 2203
f 2203 2280 2186
f 2183 2186 2235
f 2235 2186 2280
f 1987 2114 1988
f 1988 2114 2249
f 2237 2115 1987
f 1987 2115 2114
f 1991 2268 2237
f 2237 2268 2115
f 1991 1990 2268
f 2268 1990 1992
f 107 110 2781
f 2781 110 2780
f 117 2782 118
f 118 2782 2783
f 119 2784 120
f 120 2784 2785
f 125 2786 126
f 126 2786 2787
f 127 2788 128
f 128 2788 2789
f 127 132 2788
f 2788 132 2790
f 231 230 2792
f 2792 230 2791
f 118 2783 119
f 119 2783 2784
f 241 243 2794
f 2794 243 2793
f 2781 2795 107
f 107 2795 352
f 120 2785 437
f 437 2785 2796
f 126 2787 110
f 110 2787 2780
f 455 2797 456
f 456 2797 2798
f 128 2789 457
f 457 2789 2799
f 456 2798 117
f 117 2798 2782
f 2794 2797 241
f 241 2797 455
f 457 2799 125
f 125 2799 2786
f 132 231 2790
f 2790 231 2792
f 230 437 2791
f 2791 437 2796
f 2792 2789 2790
f 2790 2789 2788
f 2785 2784 2801
f 2801 2784 2800
f 2786 2802 2787
f 2787 2802 2803
f 2792 2791 2805
f 2805 2791 2804
f 2784 2783 2800
f 2800 2783 2806
f 2785 2801 2796
f 2796 2801 2807
f 2787 2803 2780
f 2780 2803 2808
f 2789 2809 2799
f 2799 2809 2810
f 2799 2810 2786
f 2786 2810 2802
f 2791 2796 2804
f 2804 2796 2807
f 2789 2792 2809
f 2809 2792 2805
f 2812 2797 2811
f 2811 2797 2794
f 2809 2805 2810
f 2810 2805 2804
f 2810 2804 2802
f 2802 2804 2807
f 2802 2807 2803
f 2803 2807 2801
f 2808 2803 2800
f 2800 2803 2801
f 2814 699 2813
f 2813 699 698
f 2808 2815 2780
f 2780 2815 2781
f 2817 2782 2816
f 2816 2782 2798
f 2815 2818 2781
f 2781 2818 2795
f 2797 2812 2798
f 2798 2812 2816
f 2783 2782 2806
f 2806 2782 2817
f 2800 2806 2808
f 2808 2806 2815
f 2794 2793 2811
f 2811 2793 2819
f 174 201 384
f 384 201 362
f 200 1766 390
f 390 1766 1777
f 1777 1778 390
f 390 1778 398
f 1778 361 398
f 398 361 222
f 2820 2821 628
f 628 2821 629
f 1406 2820 790
f 790 2820 628
f 794 1415 1233
f 1233 1415 1234
f 1406 790 1407
f 1407 790 1312
f 1407 1312 2822
f 2822 1312 1316
f 2823 1380 1543
f 1543 1380 1379
f 1385 1738 1382
f 1382 1738 1383
f 1381 791 1382
f 1382 791 1386
f 791 794 1386
f 1386 794 1233
f 1259 1390 1260
f 1260 1390 1389
f 1905 1542 1394
f 1394 1542 1395
f 1410 1413 1397
f 1397 1413 1398
f 2821 1410 629
f 629 1410 1397
f 2823 2822 1380
f 1380 2822 1316
f 1392 1395 1378
f 1378 1395 1379
f 1738 1399 1383
f 1383 1399 1398
f 1388 1235 1389
f 1389 1235 1234
f 1393 1391 1394
f 1394 1391 1390
f 1381 1384 779
f 779 1384 780
f 1282 788 792
f 792 788 793
f 1431 1262 1432
f 1432 1262 1261
f 1400 1342 1408
f 1408 1342 1409
f 1508 1544 1411
f 1411 1544 1412
f 788 787 793
f 793 787 1414
f 2821 2820 1429
f 1429 2820 1430
f 2822 2823 1506
f 1506 2823 1507
f 778 1282 779
f 779 1282 792
f 2820 1406 1430
f 1430 1406 1409
f 1410 2821 1411
f 1411 2821 1429
f 1407 2822 1408
f 1408 2822 1506
f 1544 781 1412
f 1412 781 780
f 1260 1415 1261
f 1261 1415 1414
f 1334 2824 923
f 923 2824 924
f 2826 1268 2825
f 2825 1268 1267
f 769 1212 2827
f 2827 1212 2828
f 1492 1190 1266
f 1266 1190 1267
f 1488 2829 1489
f 1489 2829 2830
f 922 1329 923
f 923 1329 1328
f 1484 2831 1485
f 1485 2831 2832
f 1482 2833 1485
f 1485 2833 1486
f 1324 1493 1489
f 1489 1493 1490
f 1265 1491 1266
f 1266 1491 1490
f 2835 2836 2834
f 2834 2836 2837
f 1250 2838 2827
f 2827 2838 2839
f 1488 1491 2840
f 2840 1491 2841
f 1268 2826 2842
f 2842 2826 2843
f 2844 2845 1495
f 1495 2845 1496
f 1427 2847 2846
f 2846 2847 926
f 2829 1488 2848
f 2848 1488 2840
f 1329 922 2849
f 2849 922 927
f 2850 2851 768
f 768 2851 1213
f 1265 1268 2852
f 2852 1268 2842
f 1491 1265 2841
f 2841 1265 2852
f 2854 2855 2853
f 2853 2855 2856
f 2855 2857 2856
f 2856 2857 598
f 2857 2858 598
f 598 2858 595
f 2858 2859 595
f 595 2859 626
f 649 652 2860
f 2860 652 2861
f 639 642 2862
f 2862 642 2863
f 2864 705 2862
f 2862 705 639
f 2865 1418 2864
f 2864 1418 705
f 2866 2867 2865
f 2865 2867 1418
f 1760 1348 1761
f 1761 1348 2867
f 1764 2868 1197
f 1197 2868 1198
f 2869 611 2868
f 2868 611 1198
f 2870 612 2869
f 2869 612 611
f 1352 1350 944
f 944 1350 688
f 1350 1256 688
f 688 1256 685
f 1256 1255 685
f 685 1255 692
f 1255 2871 692
f 692 2871 2872
f 701 2873 698
f 698 2873 2813
f 2872 1349 692
f 692 1349 693
f 1696 1744 1574
f 1574 1744 1575
f 1753 1618 1577
f 1577 1618 1578
f 1729 1594 1608
f 1608 1594 1609
f 1725 1630 1611
f 1611 1630 1612
f 1604 1607 1625
f 1625 1607 1626
f 1624 1703 1625
f 1625 1703 1912
f 1703 1702 1912
f 1912 1702 1913
f 1702 1753 1913
f 1913 1753 1577
f 1598 1569 1915
f 1915 1569 1578
f 1616 1615 1915
f 1915 1615 1916
f 1615 1696 1916
f 1916 1696 1574
f 1744 1745 1575
f 1575 1745 1917
f 1745 1565 1917
f 1917 1565 1609
f 1568 1725 1608
f 1608 1725 1611
f 2874 1613 1918
f 1918 1613 1612
f 1607 2874 1626
f 1626 2874 1918
f 1610 1613 1562
f 1562 1613 1563
f 1547 1550 1570
f 1570 1550 1571
f 1573 1576 1580
f 1580 1576 1581
f 1553 1556 1595
f 1595 1556 1596
f 1556 1582 1596
f 1596 1582 1581
f 1551 1547 1599
f 1599 1547 1570
f 1731 1914 1601
f 1601 1914 1602
f 1686 1689 1605
f 1605 1689 1606
f 1598 1743 1599
f 1599 1743 1692
f 2874 1607 1723
f 1723 1607 1606
f 1727 1553 1730
f 1730 1553 1595
f 1600 1686 1601
f 1601 1686 1605
f 1914 1572 1602
f 1602 1572 1571
f 1579 1693 1580
f 1580 1693 1692
f 1613 2874 1563
f 1563 2874 1723
f 1561 1727 1562
f 1562 1727 1730
f 1949 1742 1548
f 1548 1742 1549
f 1694 1949 1552
f 1552 1949 1548
f 1954 1589 1554
f 1554 1589 1555
f 1693 1579 1558
f 1558 1579 1559
f 1561 1564 1584
f 1584 1564 1585
f 1582 1556 1588
f 1588 1556 1555
f 1600 1603 1591
f 1591 1603 1592
f 1981 1977 1687
f 1687 1977 1688
f 1564 1722 1585
f 1585 1722 1690
f 1551 1693 1552
f 1552 1693 1558
f 1751 1954 1728
f 1728 1954 1554
f 1590 1981 1591
f 1591 1981 1687
f 1603 1550 1592
f 1592 1550 1549
f 1977 1691 1688
f 1688 1691 1690
f 1587 1560 1588
f 1588 1560 1559
f 1727 1561 1728
f 1728 1561 1584
f 2875 1919 1947
f 1947 1919 1948
f 1557 1560 1952
f 1952 1560 1953
f 1933 1932 1955
f 1955 1932 1956
f 1587 1589 1958
f 1958 1589 1956
f 1959 1933 1965
f 1965 1933 1955
f 1961 1964 1966
f 1966 1964 1967
f 1981 1590 1969
f 1969 1590 1967
f 1742 1949 1972
f 1972 1949 1948
f 1593 1742 1966
f 1966 1742 1972
f 1957 1950 1958
f 1958 1950 1953
f 1583 1586 1974
f 1974 1586 1975
f 1940 1943 1978
f 1978 1943 1979
f 1943 1976 1979
f 1979 1976 1975
f 1951 2875 1952
f 1952 2875 1947
f 1968 1940 1969
f 1969 1940 1978
f 1973 1959 1974
f 1974 1959 1965
f 1923 1971 1920
f 1920 1971 1921
f 1919 2875 1920
f 1920 2875 1924
f 2875 1951 1924
f 1924 1951 1926
f 1950 1957 1929
f 1929 1957 1930
f 2244 2243 1934
f 1934 2243 1935
f 1973 1976 1937
f 1937 1976 1938
f 1944 1980 1941
f 1941 1980 1942
f 1940 1968 1941
f 1941 1968 1945
f 2287 2244 1960
f 1960 2244 1934
f 1970 2245 1962
f 1962 2245 1963
f 2243 1931 1935
f 1935 1931 1930
f 1927 1926 1928
f 1928 1926 1929
f 1961 1922 1962
f 1962 1922 1921
f 2245 1946 1963
f 1963 1946 1945
f 1976 1943 1938
f 1938 1943 1942
f 1936 2287 1937
f 1937 2287 1960
f 743 1238 608
f 608 1238 609
f 607 1811 608
f 608 1811 744
f 1304 2876 1305
f 1305 2876 2877
f 586 585 1298
f 1298 585 1299
f 585 702 1299
f 1299 702 1300
f 702 1428 1300
f 1300 1428 1301
f 1238 586 609
f 609 586 1298
f 2878 2879 1218
f 1218 2879 2877
f 2880 2881 1812
f 1812 2881 1819
f 2883 1821 2882
f 2882 1821 1820
f 2840 2841 620
f 620 2841 621
f 2842 2843 795
f 795 2843 796
f 892 895 2844
f 2844 895 2845
f 2848 2840 942
f 942 2840 620
f 2849 927 1202
f 1202 927 1203
f 2852 2842 1270
f 1270 2842 795
f 2841 2852 621
f 621 2852 1270
f 941 1759 942
f 942 1759 2884
f 659 929 1427
f 1427 929 2847
f 1237 2851 751
f 751 2851 2850
f 1216 2885 1217
f 1217 2885 1754
f 2887 734 2886
f 2886 734 733
f 2889 1816 2888
f 2888 1816 1815
f 2890 1245 2889
f 2889 1245 1816
f 1824 2891 1825
f 1825 2891 1246
f 2892 2893 2895
f 2895 2893 2894
f 1854 1833 1851
f 1851 1833 1832
f 1851 1832 1884
f 1884 1832 1876
f 1884 1876 1441
f 1441 1876 1443
f 1441 1443 1442
f 1442 1443 1446
f 1442 1446 2896
f 2896 1446 1507
f 2897 2823 2898
f 2898 2823 1543
f 1542 2899 1543
f 1543 2899 2898
f 1542 1905 2899
f 2899 1905 2900
f 1905 1259 2900
f 2900 1259 2901
f 1262 1431 2902
f 2902 1431 1904
f 1431 1434 1904
f 1904 1434 1902
f 1902 1434 2903
f 2903 1434 719
f 2903 719 2904
f 2904 719 718
f 1869 1881 718
f 718 1881 2904
f 1881 1869 1880
f 1880 1869 756
f 1880 756 2905
f 2905 756 755
f 2905 755 2906
f 2906 755 758
f 762 2907 763
f 763 2907 2908
f 724 723 2909
f 2909 723 894
f 796 895 723
f 723 895 894
f 2843 2845 796
f 796 2845 895
f 2826 1496 2843
f 2843 1496 2845
f 2825 1497 2826
f 2826 1497 1496
f 1189 2836 2825
f 2825 2836 1497
f 797 891 798
f 798 891 2837
f 802 888 797
f 797 888 891
f 2910 2911 2913
f 2913 2911 2912
f 1780 1783 2915
f 2915 1783 2914
f 2916 2917 831
f 831 2917 832
f 2918 2919 845
f 845 2919 846
f 2920 2916 847
f 847 2916 831
f 2921 2922 857
f 857 2922 858
f 2923 2924 860
f 860 2924 861
f 2919 2912 846
f 846 2912 887
f 2925 2920 940
f 940 2920 847
f 2924 2926 861
f 861 2926 1204
f 2917 2918 832
f 832 2918 845
f 2927 2928 1449
f 1449 2928 1450
f 2929 2930 889
f 889 2930 2931
f 2896 1507 2897
f 2897 1507 2823
f 2902 2901 1262
f 1262 2901 1259
f 2932 2933 750
f 750 2933 1236
f 2933 2934 1236
f 1236 2934 1835
f 2936 2937 2935
f 2935 2937 2938
f 2940 2941 2939
f 2939 2941 2942
f 2943 2944 1841
f 1841 2944 1842
f 2945 1860 2944
f 2944 1860 1842
f 2945 2946 1860
f 1860 2946 1859
f 1889 2947 1890
f 1890 2947 1856
f 1856 2947 1857
f 1857 2947 2948
f 2950 709 2949
f 2949 709 1829
f 2952 730 2951
f 2951 730 729
f 2866 2953 2867
f 2867 2953 1761
f 2953 2954 1761
f 1761 2954 1420
f 2954 2955 1420
f 1420 2955 742
f 2955 2956 742
f 742 2956 739
f 2956 2957 739
f 739 2957 760
f 2957 2958 760
f 760 2958 761
f 2958 2959 761
f 761 2959 2960
f 2959 2961 2960
f 2960 2961 2962
f 2963 2964 1839
f 1839 2964 1840
f 2964 2965 1840
f 1840 2965 2942
f 2966 2950 2939
f 2939 2950 2949
f 2935 2967 2936
f 2936 2967 2968
f 2969 2970 736
f 736 2970 735
f 734 2887 1815
f 1815 2887 2888
f 2887 2882 2888
f 2888 2882 2881
f 1819 1820 1817
f 1817 1820 748
f 1195 1757 1197
f 1197 1757 1424
f 1757 647 1424
f 1424 647 646
f 647 648 646
f 646 648 643
f 648 1271 643
f 643 1271 737
f 1271 725 737
f 737 725 765
f 725 724 765
f 765 724 762
f 762 724 2907
f 2907 724 2909
f 1254 1437 2909
f 2909 1437 2907
f 1438 1253 1836
f 1836 1253 1835
f 1836 1835 2938
f 2938 1835 2934
f 2971 2972 2935
f 2935 2972 2967
f 897 896 2969
f 2969 896 2970
f 1815 1814 734
f 734 1814 731
f 728 1215 896
f 896 1215 732
f 2885 1216 733
f 733 1216 2886
f 1216 1219 2886
f 2886 1219 2883
f 2876 1304 1821
f 1821 1304 749
f 1304 1303 749
f 749 1303 746
f 1818 2973 1817
f 1817 2973 1810
f 747 2974 1818
f 1818 2974 2973
f 747 746 2974
f 2974 746 1303
f 2976 2977 2975
f 2975 2977 2978
f 2976 2979 2901
f 2901 2979 2900
f 2980 2981 2982
f 2982 2981 2979
f 2981 2980 2983
f 2983 2980 2984
f 2985 2897 2983
f 2983 2897 2898
f 2987 2988 2986
f 2986 2988 2985
f 2896 2988 1442
f 1442 2988 1439
f 1903 2977 1904
f 1904 2977 2902
f 1856 1855 1890
f 1890 1855 2989
f 2989 2990 1890
f 1890 2990 1359
f 2990 2991 1359
f 1359 2991 1356
f 2946 2992 1859
f 1859 2992 1893
f 2992 2993 1893
f 1893 2993 775
f 2993 2994 775
f 775 2994 776
f 2986 1356 2987
f 2987 1356 2991
f 2975 2978 776
f 776 2978 777
f 2982 2994 2980
f 2980 2994 2995
f 1357 2984 2995
f 2995 2984 2980
f 2995 2996 1357
f 1357 2996 1358
f 2996 2997 1358
f 1358 2997 1889
f 2998 2999 2932
f 2932 2999 2933
f 2999 2971 2933
f 2933 2971 2934
f 1837 1836 2937
f 2937 1836 2938
f 2943 1841 2941
f 2941 1841 1838
f 3001 2944 3000
f 3000 2944 2943
f 3001 3002 2944
f 2944 3002 2945
f 3002 3003 2945
f 2945 3003 2946
f 2997 3003 1889
f 1889 3003 2947
f 2947 3003 2948
f 2948 3003 3002
f 3001 3004 3002
f 3002 3004 2948
f 3000 3005 3001
f 3001 3005 3004
f 2940 3006 3000
f 3000 3006 3005
f 2999 3007 2971
f 2971 3007 2972
f 2998 2951 2999
f 2999 2951 3007
f 3008 2952 2998
f 2998 2952 2951
f 2966 2965 2936
f 2936 2965 2937
f 2935 2938 2971
f 2971 2938 2934
f 3003 2997 2946
f 2946 2997 2992
f 2997 2996 2992
f 2992 2996 2993
f 2996 2995 2993
f 2993 2995 2994
f 1356 2986 1357
f 1357 2986 2984
f 2982 2975 2994
f 2994 2975 776
f 1844 1843 1899
f 1899 1843 3009
f 1843 638 3009
f 3009 638 3010
f 638 637 3010
f 3010 637 3011
f 637 1830 3011
f 3011 1830 3012
f 1830 1833 3012
f 3012 1833 2894
f 1833 1854 2894
f 2894 1854 2895
f 1854 1853 2895
f 2895 1853 1888
f 1858 1857 1885
f 1885 1857 1892
f 1899 3009 1898
f 1898 3009 1874
f 3009 3010 1874
f 1874 3010 1865
f 3010 3011 1865
f 1865 3011 1862
f 3011 3012 1862
f 1862 3012 1882
f 3012 2894 1882
f 1882 2894 2893
f 1850 2890 782
f 782 2890 2889
f 783 2880 1811
f 1811 2880 1812
f 744 1810 745
f 745 1810 2973
f 745 2973 805
f 805 2973 806
f 2973 2974 806
f 806 2974 815
f 1303 812 2974
f 2974 812 815
f 1303 1302 812
f 812 1302 1221
f 1307 3013 1302
f 1302 3013 1221
f 1734 3014 1633
f 1633 3014 1634
f 1646 1649 1636
f 1636 1649 1637
f 1654 1657 1641
f 1641 1657 1642
f 1639 1736 1636
f 1636 1736 1684
f 1716 1713 1698
f 1698 1713 1699
f 1718 1721 1705
f 1705 1721 1706
f 1653 1654 1709
f 1709 1654 1641
f 1620 1623 1714
f 1714 1623 1699
f 1712 1682 1714
f 1714 1682 1740
f 1668 1671 1746
f 1746 1671 1747
f 1752 1650 1749
f 1749 1650 1750
f 1750 1650 1709
f 1709 1650 1653
f 1632 1668 1633
f 1633 1668 1746
f 1649 1752 1637
f 1637 1752 1749
f 1682 1643 1740
f 1740 1643 1642
f 3014 1685 1634
f 1634 1685 1684
f 1704 1748 1705
f 1705 1748 1747
f 1697 1707 1698
f 1698 1707 1706
f 1739 1701 1621
f 1621 1701 1622
f 1567 1566 1647
f 1647 1566 1648
f 1664 1695 1651
f 1651 1695 1652
f 1614 1617 1655
f 1655 1617 1656
f 1704 1707 1659
f 1659 1707 1660
f 3014 1734 1662
f 1662 1734 1663
f 1650 1752 1651
f 1651 1752 1665
f 1741 1657 1667
f 1667 1657 1656
f 1695 1614 1652
f 1652 1614 1655
f 1724 1567 1726
f 1726 1567 1647
f 1645 1628 1733
f 1733 1628 1663
f 1685 3014 1726
f 1726 3014 1662
f 1620 1741 1621
f 1621 1741 1667
f 1566 1666 1648
f 1648 1666 1665
f 1658 1737 1659
f 1659 1737 1901
f 1911 1661 1910
f 1910 1661 1660
f 1701 1911 1622
f 1622 1911 1910
f 1732 1748 1733
f 1733 1748 1901
f 1857 2948 1892
f 1892 2948 3004
f 1892 3004 1891
f 1891 3004 3005
f 1828 3006 1829
f 1829 3006 2949
f 2967 736 2968
f 2968 736 710
f 2972 2969 2967
f 2967 2969 736
f 2969 2972 897
f 897 2972 3007
f 897 3007 729
f 729 3007 2951
f 3016 753 3015
f 3015 753 752
f 3018 767 3017
f 3017 767 766
f 3019 3020 1249
f 1249 3020 3021
f 2915 2914 3019
f 3019 2914 3020
f 3023 2914 3022
f 3022 2914 1783
f 2827 2839 769
f 769 2839 766
f 3025 2838 3024
f 3024 2838 3021
f 768 767 2850
f 2850 767 3026
f 2850 3026 751
f 751 3026 752
f 750 753 2932
f 2932 753 3027
f 3008 2998 3027
f 3027 2998 2932
f 3028 3029 3008
f 3008 3029 2952
f 3029 3030 2952
f 2952 3030 730
f 3032 3033 3031
f 3031 3033 3034
f 3036 3037 3035
f 3035 3037 3038
f 2870 3039 612
f 612 3039 3040
f 3041 3042 3031
f 3031 3042 3038
f 3034 1352 3043
f 3043 1352 944
f 612 3040 613
f 613 3040 3044
f 613 3044 1425
f 1425 3044 1422
f 3045 3042 669
f 669 3042 670
f 3041 3043 599
f 599 3043 600
f 772 771 1544
f 1544 771 781
f 1503 771 1866
f 1866 771 770
f 771 1503 781
f 781 1503 778
f 61 281 416
f 416 281 1907
f 283 103 3046
f 3046 103 3047
f 76 79 3048
f 3048 79 3049
f 280 76 1906
f 1906 76 3048
f 3051 335 3050
f 3050 335 334
f 3053 417 3052
f 3052 417 416
f 3055 435 3054
f 3054 435 434
f 428 435 419
f 419 435 1908
f 420 1909 293
f 293 1909 443
f 79 294 3049
f 3049 294 444
f 3057 444 3056
f 3056 444 443
f 3051 3058 335
f 335 3058 452
f 216 215 1332
f 1332 215 452
f 308 283 462
f 462 283 3046
f 3050 334 3059
f 3059 334 462
f 103 62 3047
f 3047 62 417
f 313 312 434
f 434 312 463
f 3061 574 3060
f 3060 574 573
f 1310 3062 1428
f 1428 3062 3063
f 1258 3064 1255
f 1255 3064 2871
f 932 3065 2853
f 2853 3065 3066
f 699 2814 931
f 931 2814 3067
f 3068 1301 3063
f 3063 1301 1428
f 571 574 1310
f 1310 574 3062
f 3060 573 3069
f 3069 573 1332
f 3070 3071 1906
f 1906 3071 1907
f 3072 3073 1908
f 1908 3073 1909
f 3075 2814 3074
f 3074 2814 2813
f 2854 3076 1258
f 1258 3076 3064
f 2871 3077 2872
f 2872 3077 3078
f 3074 2813 3079
f 3079 2813 2873
f 2872 3078 1349
f 1349 3078 3080
f 2873 701 3068
f 3068 701 1301
f 1330 1201 3080
f 3080 1201 1349
f 1264 1263 3081
f 3081 1263 3082
f 3083 3084 3082
f 3082 3084 3081
f 811 1448 3086
f 3086 1448 3085
f 808 811 3087
f 3087 811 3086
f 3088 3083 833
f 833 3083 3082
f 884 3089 885
f 885 3089 3090
f 3087 1790 808
f 808 1790 816
f 1790 3087 1787
f 1787 3087 3091
f 3092 3091 3086
f 3086 3091 3087
f 3093 3094 3084
f 3084 3094 3095
f 3089 3096 3090
f 3090 3096 3088
f 3097 3093 3083
f 3083 3093 3084
f 3099 3100 3098
f 3098 3100 1786
f 3101 1788 2913
f 2913 1788 3102
f 838 837 885
f 885 837 886
f 886 837 3103
f 3103 837 1541
f 3094 3093 3104
f 3104 3093 3097
f 3105 3106 3089
f 3089 3106 3096
f 3108 3109 3107
f 3107 3109 3110
f 3111 3112 3091
f 3091 3112 1787
f 3114 3108 3113
f 3113 3108 3107
f 3114 3115 3112
f 3112 3115 3102
f 3091 3092 3111
f 3111 3092 3116
f 839 838 835
f 835 838 836
f 885 3090 838
f 838 3090 836
f 3110 3117 1247
f 1247 3117 3118
f 1247 3118 1248
f 1248 3118 3119
f 3120 3121 3119
f 3119 3121 1248
f 1247 844 3110
f 3110 844 3107
f 844 843 3107
f 3107 843 3113
f 843 3099 3113
f 3113 3099 3122
f 1781 3123 3098
f 3098 3123 3124
f 2915 2931 1780
f 1780 2931 2930
f 3019 3125 2915
f 2915 3125 2931
f 890 3125 2834
f 2834 3125 1252
f 3125 3019 1252
f 1252 3019 1249
f 907 908 946
f 946 908 947
f 1185 1188 1369
f 1369 1188 948
f 954 957 951
f 951 957 952
f 910 965 953
f 953 965 950
f 905 958 960
f 960 958 961
f 3126 978 949
f 949 978 962
f 936 935 967
f 967 935 968
f 994 993 969
f 969 993 966
f 902 904 971
f 971 904 972
f 983 985 973
f 973 985 970
f 906 905 974
f 974 905 960
f 977 981 959
f 959 981 975
f 911 910 1143
f 1143 910 953
f 952 957 1142
f 1142 957 1145
f 911 1143 1366
f 1366 1143 1368
f 1185 1369 1145
f 1145 1369 1142
f 993 1519 966
f 966 1519 1456
f 965 1454 950
f 950 1454 1457
f 900 899 1459
f 1459 899 1460
f 988 991 1461
f 1461 991 1458
f 899 963 1460
f 1460 963 1462
f 985 987 970
f 970 987 1463
f 904 906 972
f 972 906 974
f 981 983 975
f 975 983 973
f 935 900 968
f 968 900 1459
f 991 994 1458
f 1458 994 969
f 1154 1526 1088
f 1088 1526 1089
f 1109 1112 1092
f 1092 1112 1093
f 1083 1098 1084
f 1084 1098 1097
f 1078 1471 1100
f 1100 1471 1101
f 1075 1078 1104
f 1104 1078 1100
f 1152 1154 1156
f 1156 1154 1088
f 1156 1155 1372
f 1372 1155 1373
f 1372 1373 1104
f 1104 1373 1075
f 1467 1109 1465
f 1465 1109 1092
f 1465 1182 1468
f 1468 1182 1184
f 1474 1470 1096
f 1096 1470 1097
f 1102 1101 1083
f 1083 1101 1098
f 1112 1531 1093
f 1093 1531 1529
f 1102 1073 1099
f 1099 1073 1072
f 1526 1154 1079
f 1079 1154 1080
f 1081 1091 1082
f 1082 1091 1094
f 1069 1068 1085
f 1085 1068 1086
f 1153 1151 1080
f 1080 1151 1058
f 1371 1177 1179
f 1179 1177 1176
f 1099 1072 1103
f 1103 1072 1176
f 1068 1071 1086
f 1086 1071 1073
f 1085 1084 1180
f 1180 1084 1469
f 1066 1065 1183
f 1183 1065 1181
f 1153 1152 1177
f 1177 1152 1178
f 1091 1081 1182
f 1182 1081 1183
f 1057 1525 1079
f 1079 1525 1527
f 1120 1117 1076
f 1076 1117 1077
f 1087 1090 1107
f 1107 1090 1108
f 1127 1126 1110
f 1110 1126 1111
f 1095 1116 1096
f 1096 1116 1115
f 1471 1078 1119
f 1119 1078 1077
f 1087 1107 1155
f 1155 1107 1158
f 1376 1374 1157
f 1157 1374 1158
f 1076 1075 1374
f 1374 1075 1373
f 1109 1467 1110
f 1110 1467 1472
f 1467 1466 1472
f 1472 1466 1473
f 1135 1475 1114
f 1114 1475 1115
f 1471 1119 1095
f 1095 1119 1116
f 1126 1532 1111
f 1111 1532 1530
f 914 1276 1480
f 1480 1276 1517
f 3127 3128 1223
f 1223 3128 1224
f 824 933 1455
f 1455 933 3129
f 3131 1448 3130
f 3130 1448 1447
f 3132 3133 1452
f 1452 3133 1453
f 3130 1447 1322
f 1322 1447 1455
f 933 1514 3129
f 3129 1514 3134
f 1161 3135 1480
f 1480 3135 1481
f 3128 3136 1224
f 1224 3136 1499
f 3133 1162 1453
f 1453 1162 1517
f 1515 3127 1535
f 1535 3127 1223
f 3095 3085 3131
f 3131 3085 1448
f 3137 3092 3085
f 3085 3092 3086
f 3138 3116 3137
f 3137 3116 3092
f 3110 3109 3117
f 3117 3109 3139
f 3105 3140 3117
f 3117 3140 3118
f 3140 3141 3118
f 3118 3141 3119
f 3142 3120 3141
f 3141 3120 3119
f 1498 3143 1277
f 1277 3143 882
f 3144 3145 1340
f 1340 3145 1339
f 1340 3146 3144
f 3144 3146 3147
f 3145 3144 3143
f 3143 3144 3148
f 871 901 872
f 872 901 1362
f 3149 3148 3147
f 3147 3148 3144
f 1208 3150 1209
f 3098 1786 1781
f 1781 1786 1782
f 2930 2929 3123
f 3123 2929 2911
f 1794 1791 2916
f 2916 1791 2917
f 1793 3101 2918
f 2918 3101 2919
f 1796 1794 2920
f 2920 1794 2916
f 3151 3152 2921
f 2921 3152 2922
f 3153 3154 2923
f 2923 3154 2924
f 2919 3101 2912
f 2912 3101 2913
f 3155 1796 2925
f 2925 1796 2920
f 3154 3156 2924
f 2924 3156 2926
f 1791 1793 2917
f 2917 1793 2918
f 3157 3158 2927
f 2927 3158 2928
f 1780 2930 1781
f 1781 2930 3123
f 2825 1267 1189
f 1189 1267 1190
f 2827 2828 1250
f 1250 2828 1251
f 1489 2830 1324
f 1324 2830 1325
f 923 1328 1334
f 1334 1328 1335
f 1485 2832 1482
f 1482 2832 1483
f 1266 1490 1492
f 1492 1490 1493
f 1333 1346 1334
f 1334 1346 2824
f 722 799 1492
f 1492 799 1190
f 664 657 1482
f 1482 657 2833
f 631 634 1324
f 1324 634 1493
f 2828 1494 1251
f 1251 1494 2835
f 1249 3021 1250
f 1250 3021 2838
f 798 2837 1189
f 1189 2837 2836
f 3100 842 3160
f 3160 842 3159
f 1788 3101 1789
f 1789 3101 1793
f 1792 816 1789
f 1789 816 1790
f 817 816 1795
f 1795 816 1792
f 938 817 1797
f 1797 817 1795
f 1796 3155 1797
f 1797 3155 1798
f 3155 3158 1798
f 1798 3158 1799
f 3157 3152 1801
f 1801 3152 1802
f 3151 3156 1803
f 1803 3156 1804
f 3154 3153 1805
f 1805 3153 1806
f 3153 3161 1806
f 1806 3161 1807
f 3099 843 3100
f 3100 843 842
f 1788 1787 3102
f 3102 1787 3112
f 2910 3115 3124
f 3124 3115 3122
f 3099 3098 3122
f 3122 3098 3124
f 416 1907 3052
f 3052 1907 3071
f 3046 3047 3163
f 3163 3047 3162
f 249 445 259
f 259 445 3164
f 425 3165 424
f 424 3165 461
f 408 410 329
f 329 410 330
f 39 331 40
f 40 331 332
f 305 304 423
f 423 304 464
f 385 254 458
f 458 254 392
f 250 415 251
f 251 415 412
f 233 337 234
f 234 337 3166
f 435 3055 1908
f 1908 3055 3072
f 443 1909 3056
f 3056 1909 3073
f 3167 3049 3057
f 3057 3049 444
f 452 3058 1332
f 1332 3058 3069
f 234 3166 346
f 346 3166 411
f 3046 3163 462
f 462 3163 3059
f 259 3164 260
f 260 3164 336
f 3047 417 3162
f 3162 417 3053
f 463 3168 434
f 434 3168 3054
f 454 830 425
f 425 830 3165
f 3062 3169 3063
f 3063 3169 3170
f 1355 1354 1534
f 1534 1354 3171
f 3063 3170 3068
f 3068 3170 3172
f 574 3061 3062
f 3062 3061 3169
f 1534 3171 1535
f 1535 3171 3173
f 3079 2873 3172
f 3172 2873 3068
f 2838 3025 2839
f 2839 3025 3174
f 3176 3177 3175
f 3175 3177 3178
f 3180 1125 3179
f 3179 1125 1128
f 3182 3183 3181
f 3181 3183 3184
f 1134 3185 1130
f 1130 3185 3182
f 3186 3187 3189
f 3189 3187 3188
f 3191 3189 3190
f 3190 3189 3188
f 1137 1122 3190
f 3190 1122 3192
f 3175 3178 3193
f 3193 3178 3194
f 3181 3184 3179
f 3179 3184 3195
f 3197 3198 3196
f 3196 3198 3180
f 3200 3178 3199
f 3199 3178 3177
f 3202 3196 3201
f 3201 3196 3195
f 3204 3184 3203
f 3203 3184 3183
f 3206 3207 3205
f 3205 3207 3186
f 3205 3186 3208
f 3208 3186 3189
f 3209 3208 3191
f 3191 3208 3189
f 3210 3194 3200
f 3200 3194 3178
f 3201 3195 3204
f 3204 3195 3184
f 3197 3211 3177
f 3177 3211 3199
f 3213 3214 3212
f 3212 3214 3215
f 3217 3218 3216
f 3216 3218 3219
f 3221 3222 3220
f 3220 3222 3223
f 3225 3226 3224
f 3224 3226 3227
f 3229 3230 3228
f 3228 3230 3231
f 3233 3234 3232
f 3232 3234 3235
f 3237 3238 3236
f 3236 3238 3239
f 3238 3240 3239
f 3239 3240 3241
f 3232 3235 3242
f 3242 3235 3243
f 3245 3246 3244
f 3244 3246 3247
f 3248 3249 3245
f 3245 3249 3246
f 3251 3252 3250
f 3250 3252 3253
f 3255 3252 3254
f 3254 3252 3251
f 3256 3257 3259
f 3259 3257 3258
f 3261 3262 3260
f 3260 3262 3263
f 3265 3263 3264
f 3264 3263 3262
f 3256 3259 3266
f 3266 3259 3267
f 3269 3270 3268
f 3268 3270 3271
f 3269 3272 3270
f 3270 3272 3273
f 3274 3275 3277
f 3277 3275 3276
f 3278 3279 3276
f 3276 3279 3277
f 3281 3282 3280
f 3280 3282 3283
f 3280 3284 3281
f 3281 3284 3285
f 3287 3288 3286
f 3286 3288 3289
f 3290 3291 3288
f 3288 3291 3289
f 3234 3218 3235
f 3235 3218 3217
f 3232 3292 3233
f 3233 3292 3293
f 3239 3294 3236
f 3236 3294 3219
f 3233 3293 3237
f 3237 3293 3295
f 3296 3294 3241
f 3241 3294 3239
f 3240 3238 3297
f 3297 3238 3298
f 3217 3216 3235
f 3235 3216 3243
f 3297 3299 3240
f 3240 3299 3242
f 3246 3300 3247
f 3247 3300 3223
f 3301 3302 3254
f 3254 3302 3244
f 3249 3303 3246
f 3246 3303 3300
f 3245 3304 3248
f 3248 3304 3292
f 3252 3221 3253
f 3253 3221 3220
f 3250 3248 3299
f 3299 3248 3292
f 3222 3221 3255
f 3255 3221 3252
f 3297 3301 3251
f 3251 3301 3254
f 3258 3214 3259
f 3259 3214 3213
f 3257 3256 3304
f 3304 3256 3305
f 3263 3306 3260
f 3260 3306 3215
f 3261 3257 3302
f 3302 3257 3304
f 3307 3306 3265
f 3265 3306 3263
f 3262 3301 3264
f 3264 3301 3308
f 3259 3213 3267
f 3267 3213 3212
f 3308 3309 3264
f 3264 3309 3266
f 3270 3310 3271
f 3271 3310 3231
f 3311 3312 3278
f 3278 3312 3268
f 3270 3273 3310
f 3310 3273 3313
f 3272 3269 3305
f 3305 3269 3314
f 3277 3229 3274
f 3274 3229 3228
f 3275 3272 3309
f 3309 3272 3305
f 3279 3230 3277
f 3277 3230 3229
f 3276 3308 3278
f 3278 3308 3311
f 3281 3315 3282
f 3282 3315 3227
f 3290 3316 3283
f 3283 3316 3317
f 3281 3285 3315
f 3315 3285 3318
f 3284 3280 3314
f 3314 3280 3319
f 3289 3225 3286
f 3286 3225 3224
f 3287 3284 3312
f 3284 3314 3312
f 3291 3226 3289
f 3289 3226 3225
f 3288 3311 3290
f 3290 3311 3316
f 3212 3215 3307
f 3307 3215 3306
f 3294 3296 3219
f 3219 3296 3216
f 3303 3220 3300
f 3300 3220 3223
f 3224 3227 3318
f 3318 3227 3315
f 3228 3231 3313
f 3313 3231 3310
f 3234 3233 3236
f 3236 3233 3237
f 3243 3241 3242
f 3242 3241 3240
f 3247 3255 3244
f 3244 3255 3254
f 3253 3249 3250
f 3250 3249 3248
f 3260 3258 3261
f 3261 3258 3257
f 3266 3267 3264
f 3264 3267 3265
f 3268 3271 3278
f 3278 3271 3279
f 3274 3273 3275
f 3275 3273 3272
f 3283 3282 3290
f 3290 3282 3291
f 3286 3285 3287
f 3287 3285 3284
f 3218 3234 3219
f 3219 3234 3236
f 3295 3298 3237
f 3237 3298 3238
f 3216 3296 3243
f 3243 3296 3241
f 3242 3299 3232
f 3232 3299 3292
f 3223 3222 3247
f 3247 3222 3255
f 3244 3302 3245
f 3245 3302 3304
f 3303 3249 3220
f 3220 3249 3253
f 3297 3251 3299
f 3299 3251 3250
f 3215 3214 3260
f 3260 3214 3258
f 3301 3262 3302
f 3302 3262 3261
f 3212 3307 3267
f 3267 3307 3265
f 3266 3309 3256
f 3256 3309 3305
f 3271 3231 3279
f 3279 3231 3230
f 3268 3312 3269
f 3269 3312 3314
f 3228 3313 3274
f 3274 3313 3273
f 3308 3276 3309
f 3309 3276 3275
f 3282 3227 3291
f 3291 3227 3226
f 3317 3319 3283
f 3283 3319 3280
f 3224 3318 3286
f 3286 3318 3285
f 3312 3311 3287
f 3311 3288 3287
f 3320 3321 3194
f 3194 3321 3193
f 1375 3321 1121
f 1121 3321 3322
f 3323 3324 3322
f 3322 3324 3192
f 3175 1124 3176
f 3176 1124 1123
f 3179 3195 3180
f 3180 3195 3196
f 3181 1131 3182
f 3182 1131 1130
f 3207 3185 3186
f 3186 3185 3187
f 1136 3188 1133
f 1133 3188 3187
f 3190 3188 1137
f 1137 3188 1136
f 3193 1159 3175
f 3175 1159 1124
f 3179 1128 3181
f 3181 1128 1131
f 1533 3198 1123
f 1123 3198 3176
f 3321 1375 3193
f 3193 1375 1159
f 3321 3320 3322
f 3322 3320 3323
f 1122 1121 3192
f 3192 1121 3322
f 3194 3210 3320
f 3320 3210 3325
f 3324 3323 3327
f 3327 3323 3326
f 3320 3325 3323
f 3323 3325 3326
f 3208 3328 3205
f 3205 3328 3329
f 3330 3206 3329
f 3329 3206 3205
f 3203 3331 3204
f 3204 3331 3332
f 3210 3333 3325
f 3325 3333 3334
f 3325 3334 3326
f 3326 3334 3335
f 3327 3326 3336
f 3336 3326 3335
f 3327 3209 3324
f 3324 3209 3191
f 3190 3192 3191
f 3191 3192 3324
f 3338 3339 3337
f 3337 3339 3340
f 3338 3341 3339
f 3339 3341 3342
f 3341 3343 3342
f 3342 3343 3344
f 3343 3345 3344
f 3344 3345 3346
f 3345 3347 3346
f 3346 3347 3348
f 3347 3349 3348
f 3348 3349 3350
f 3337 3340 3351
f 3351 3340 3352
f 3351 3352 3353
f 3353 3352 3354
f 3353 3354 3355
f 3355 3354 3356
f 3350 3349 3357
f 3357 3349 3358
f 3355 3356 3359
f 3359 3356 3360
f 3359 3360 3361
f 3361 3360 3362
f 3361 3362 3363
f 3363 3362 3364
f 3363 3364 3358
f 3358 3364 3357
f 3339 3342 3365
f 3365 3342 3366
f 3342 3344 3366
f 3366 3344 3367
f 3344 3346 3367
f 3367 3346 3368
f 3346 3348 3368
f 3368 3348 3369
f 3348 3350 3369
f 3369 3350 3370
f 3368 3369 3371
f 3371 3369 3372
f 3369 3370 3372
f 3372 3370 3373
f 3373 3374 3372
f 3372 3374 3375
f 3377 3378 3376
f 3376 3378 3379
f 3377 3375 3378
f 3378 3375 3374
f 3375 3380 3372
f 3372 3380 3371
f 3377 3381 3375
f 3375 3381 3380
f 3376 3382 3377
f 3377 3382 3381
f 3384 3385 3383
f 3383 3385 3386
f 3384 3383 3388
f 3388 3383 3387
f 3388 3387 3389
f 3389 3387 3390
f 3392 3385 3391
f 3391 3385 3384
f 3388 3393 3384
f 3384 3393 3391
f 3389 3394 3388
f 3388 3394 3393
f 3389 3395 3394
f 3394 3395 3396
f 3395 3389 3397
f 3397 3389 3390
f 3339 3365 3340
f 3340 3365 3398
f 3340 3398 3352
f 3352 3398 3399
f 3371 3400 3368
f 3368 3400 3367
f 3400 3401 3367
f 3367 3401 3366
f 3366 3401 3365
f 3365 3401 3402
f 3398 3365 3403
f 3403 3365 3402
f 3398 3403 3399
f 3399 3403 3404
f 3403 3405 3404
f 3404 3405 3406
f 3352 3399 3354
f 3354 3399 3407
f 3399 3404 3407
f 3407 3404 3408
f 3404 3406 3408
f 3408 3406 3409
f 3405 3410 3406
f 3406 3410 3411
f 3410 3412 3411
f 3411 3412 3413
f 3397 3414 3395
f 3395 3414 3415
f 3417 3415 3416
f 3416 3415 3412
f 3410 3418 3412
f 3412 3418 3416
f 3410 3405 3418
f 3418 3405 3419
f 3405 3403 3419
f 3419 3403 3402
f 3370 3350 3420
f 3420 3350 3357
f 3373 3370 3421
f 3421 3370 3420
f 3374 3373 3422
f 3422 3373 3421
f 3378 3374 3423
f 3423 3374 3422
f 3378 3423 3379
f 3379 3423 3424
f 3424 3425 3379
f 3379 3425 3386
f 3383 3426 3387
f 3387 3426 3427
f 3387 3427 3390
f 3390 3427 3428
f 3390 3428 3397
f 3397 3428 3429
f 3429 3430 3397
f 3397 3430 3414
f 3411 3413 3431
f 3431 3413 3432
f 3406 3411 3409
f 3409 3411 3431
f 3401 3400 3335
f 3335 3400 3336
f 3401 3335 3402
f 3402 3335 3334
f 3402 3334 3419
f 3419 3334 3333
f 3419 3333 3418
f 3418 3333 3433
f 3418 3433 3416
f 3416 3433 3434
f 3435 3417 3434
f 3434 3417 3416
f 3394 3396 3436
f 3436 3396 3437
f 3393 3394 3332
f 3332 3394 3436
f 3393 3332 3391
f 3391 3332 3331
f 3330 3392 3331
f 3331 3392 3391
f 3382 3329 3381
f 3381 3329 3328
f 3354 3407 3356
f 3356 3407 3438
f 3356 3438 3360
f 3360 3438 3439
f 3360 3439 3362
f 3362 3439 3440
f 3362 3440 3364
f 3364 3440 3441
f 3364 3441 3357
f 3357 3441 3420
f 3421 3420 3442
f 3442 3420 3441
f 3442 3441 3443
f 3443 3441 3440
f 3443 3440 3444
f 3444 3440 3439
f 3444 3439 3445
f 3445 3439 3438
f 3445 3438 3408
f 3408 3438 3407
f 3422 3421 3446
f 3446 3421 3442
f 3446 3442 3447
f 3447 3442 3443
f 3447 3443 3448
f 3448 3443 3444
f 3448 3444 3449
f 3449 3444 3445
f 3449 3445 3409
f 3409 3445 3408
f 3409 3431 3449
f 3449 3431 3450
f 3449 3450 3448
f 3448 3450 3451
f 3451 3452 3448
f 3448 3452 3447
f 3447 3452 3446
f 3446 3452 3453
f 3446 3453 3422
f 3422 3453 3423
f 3424 3423 3454
f 3454 3423 3453
f 3452 3455 3453
f 3453 3455 3454
f 3452 3451 3455
f 3455 3451 3456
f 3450 3457 3451
f 3451 3457 3456
f 3431 3432 3450
f 3450 3432 3457
f 3454 3458 3424
f 3424 3458 3425
f 3427 3426 3459
f 3459 3426 3460
f 3428 3427 3461
f 3461 3427 3459
f 3428 3461 3429
f 3429 3461 3462
f 3462 3463 3429
f 3429 3463 3430
f 3464 3465 3462
f 3462 3465 3463
f 3455 3466 3454
f 3454 3466 3458
f 3465 3464 3466
f 3466 3464 3467
f 3461 3459 3468
f 3468 3459 3469
f 3468 3469 3464
f 3464 3469 3467
f 3464 3462 3468
f 3468 3462 3461
f 3459 3460 3469
f 3469 3460 3467
f 3295 3351 3298
f 3298 3351 3353
f 3353 3355 3298
f 3298 3355 3297
f 3297 3355 3301
f 3301 3355 3359
f 3301 3359 3308
f 3308 3359 3361
f 3308 3361 3311
f 3311 3361 3363
f 3311 3363 3316
f 3316 3363 3358
f 3316 3358 3317
f 3317 3358 3349
f 3349 3347 3317
f 3317 3347 3319
f 3347 3345 3319
f 3319 3345 3314
f 3345 3343 3314
f 3314 3343 3305
f 3343 3341 3305
f 3305 3341 3304
f 3304 3341 3292
f 3292 3341 3338
f 3292 3338 3293
f 3293 3338 3337
f 3293 3337 3295
f 3295 3337 3351
f 3437 3202 3436
f 3436 3202 3201
f 3436 3201 3332
f 3332 3201 3204
f 3433 3200 3434
f 3434 3200 3199
f 3211 3435 3199
f 3199 3435 3434
f 3333 3210 3433
f 3433 3210 3200
f 3380 3470 3371
f 3400 3371 3336
f 3336 3371 3470
f 3381 3328 3380
f 3380 3328 3470
f 3470 3328 3209
f 3209 3328 3208
f 3336 3470 3327
f 3327 3470 3209
f 1545 1763 1546
f 1546 1763 1762
f 1403 1546 773
f 773 1546 770
f 1221 3013 1220
f 1220 3013 3471
f 1305 2877 1306
f 1306 2877 2879
f 1220 3471 828
f 828 3471 829
f 1217 1754 3472
f 3472 1754 1756
f 1049 3473 1048
f 1048 3473 3474
f 1371 1179 3473
f 3473 1179 3474
f 1074 3475 1179
f 1179 3475 3474
f 3474 3475 1048
f 1048 3475 1056
f 919 666 1345
f 1345 666 665
f 856 680 919
f 919 680 666
f 679 680 1449
f 1449 680 858
f 1367 878 1500
f 1500 878 877
f 1366 908 1367
f 1367 908 878
f 1512 916 1513
f 1513 916 915
f 947 1368 948
f 948 1368 1369
f 1047 1021 1044
f 1044 1021 1020
f 1370 1049 1019
f 1019 1049 1020
f 1173 1030 1174
f 1174 1030 1033
f 3126 1188 1464
f 1464 1188 1187
f 1800 1451 1512
f 1512 1451 916
f 1175 1174 1186
f 1186 1174 1187
f 1030 1173 1047
f 1047 1173 1021
f 1513 915 3476
f 3476 915 1481
f 1345 665 3477
f 3477 665 1483
f 1502 1501 876
f 876 1501 877
f 1205 1451 1803
f 1803 1451 1802
f 3479 2832 3478
f 3478 2832 2831
f 1449 858 2927
f 2927 858 2922
f 908 1366 947
f 947 1366 1368
f 949 948 3126
f 3126 948 1188
f 3480 3135 1502
f 1502 3135 1501
f 2927 2922 3157
f 3157 2922 3152
f 3477 1483 3479
f 3479 1483 2832
f 1803 1802 3151
f 3151 1802 3152
f 663 658 664
f 664 658 657
f 655 658 939
f 939 658 706
f 1512 870 1800
f 1800 870 869
f 875 874 876
f 876 874 873
f 849 874 905
f 905 874 958
f 949 962 946
f 946 962 961
f 978 3126 979
f 979 3126 1464
f 1031 1168 1032
f 1032 1168 1022
f 1045 1013 1046
f 1046 1013 1012
f 1045 1044 1056
f 1056 1044 1048
f 1047 1046 1030
f 1030 1046 1031
f 939 706 940
f 940 706 1450
f 979 1464 1032
f 1032 1464 1033
f 3480 1478 3476
f 3476 1478 3134
f 2829 1487 2830
f 2830 1487 1486
f 848 1230 873
f 873 1230 1479
f 867 870 933
f 933 870 1514
f 1800 869 1801
f 1801 869 1799
f 2830 1486 1325
f 1325 1486 2833
f 940 1450 2925
f 2925 1450 2928
f 946 961 907
f 907 961 958
f 959 962 977
f 977 962 978
f 3476 3134 1513
f 1513 3134 1514
f 2925 2928 3155
f 3155 2928 3158
f 1325 2833 656
f 656 2833 657
f 1801 1799 3157
f 3157 1799 3158
f 1074 1055 3475
f 3475 1055 1056
f 1371 3473 1370
f 1370 3473 1049
f 2884 615 3481
f 3481 615 618
f 3478 2831 2846
f 2846 2831 617
f 2831 1484 617
f 617 1484 618
f 1484 1487 618
f 618 1487 3481
f 2848 3481 2829
f 2829 3481 1487
f 1480 1517 1161
f 1161 1517 1162
f 3129 1323 1455
f 1455 1323 1322
f 3129 3134 1323
f 1323 3134 1478
f 1535 3173 1515
f 1515 3173 1516
f 3085 3095 3137
f 3137 3095 3094
f 3137 3094 3138
f 3138 3094 3104
f 3117 3139 3105
f 3105 3139 3106
f 1138 1141 3127
f 3127 1141 3128
f 3081 3131 1264
f 1264 3131 3130
f 1227 1226 3132
f 3132 1226 3133
f 1264 3130 1229
f 1229 3130 1322
f 1160 1501 1161
f 1161 1501 3135
f 1141 1476 3128
f 3128 1476 3136
f 1226 1163 3133
f 3133 1163 1162
f 1363 1138 1515
f 1515 1138 3127
f 3084 3095 3081
f 3081 3095 3131
f 3089 884 3105
f 3105 884 3140
f 884 883 3140
f 3140 883 3141
f 883 3482 3141
f 3141 3482 3142
f 3476 1481 3480
f 3480 1481 3135
f 1502 1479 3480
f 3480 1479 1478
f 3168 463 440
f 714 1880 715
f 715 1880 2905
f 896 732 2970
f 2970 732 731
f 1263 834 3082
f 3082 834 833
f 898 1231 853
f 853 1231 854
f 3125 890 2931
f 2931 890 889
f 1237 893 2851
f 2851 893 892
f 898 853 899
f 899 853 963
f 988 987 989
f 989 987 986
f 1002 1007 1003
f 1003 1007 1006
f 1038 1036 1007
f 1007 1036 1004
f 1070 1052 1005
f 1005 1052 1006
f 1069 1067 1070
f 1070 1067 1052
f 1130 1129 1134
f 1134 1129 1135
f 879 1167 880
f 880 1167 1166
f 1171 1169 1037
f 1037 1169 1038
f 1085 1180 1069
f 1069 1180 1067
f 1209 1210 879
f 879 1210 1167
f 2885 1215 1754
f 1754 1215 1214
f 1263 855 834
f 834 855 854
f 708 1244 1826
f 1826 1244 1243
f 2909 894 1254
f 1254 894 893
f 1228 1361 964
f 964 1361 1360
f 2908 2907 1436
f 1436 2907 1437
f 2990 1440 2991
f 2991 1440 1439
f 964 1360 965
f 965 1360 1454
f 950 1457 951
f 951 1457 1456
f 970 1463 971
f 971 1463 1462
f 1025 1169 984
f 984 1169 986
f 1084 1097 1469
f 1469 1097 1470
f 1096 1115 1474
f 1474 1115 1475
f 1140 1361 1141
f 1141 1361 1476
f 1212 1495 2828
f 2828 1495 1494
f 880 1166 1452
f 1452 1166 1499
f 715 2905 1504
f 1504 2905 2906
f 954 1519 955
f 955 1519 1518
f 1026 1520 992
f 992 1520 1518
f 1029 1520 1043
f 1043 1520 1521
f 997 1522 1040
f 1040 1522 1521
f 1015 1522 1016
f 1016 1522 1523
f 1523 996 1524
f 1524 996 1062
f 1057 1060 1525
f 1525 1060 1524
f 1094 1528 1082
f 1082 1528 1527
f 1526 1528 1089
f 1089 1528 1529
f 1090 1531 1108
f 1108 1531 1530
f 1125 1533 1126
f 1126 1533 1532
f 3483 1755 727
f 727 1755 1214
f 735 1814 707
f 707 1814 1813
f 2891 1834 1246
f 1246 1834 1243
f 2904 1881 1847
f 1847 1881 1848
f 1852 1855 1853
f 1853 1855 1858
f 1902 2903 1877
f 1877 2903 1878
f 2903 2904 1878
f 1878 2904 1847
f 714 713 1848
f 1848 713 1849
f 1440 2990 1883
f 1883 2990 2989
f 1883 2989 1852
f 1852 2989 1855
f 2895 1888 2892
f 2892 1888 1887
f 774 777 1877
f 1877 777 1903
f 1251 2835 1252
f 1252 2835 2834
f 1213 2844 1212
f 1212 2844 1495
f 2851 892 1213
f 1213 892 2844
f 3123 2911 3124
f 3124 2911 2910
f 887 2929 888
f 888 2929 889
f 1435 2963 1436
f 1436 2963 2961
f 1253 1438 1254
f 1254 1438 1437
f 2970 731 735
f 735 731 1814
f 733 732 2885
f 2885 732 1215
f 2901 2902 2976
f 2976 2902 2977
f 2975 2982 2976
f 2976 2982 2979
f 2899 2900 2981
f 2981 2900 2979
f 2899 2981 2898
f 2898 2981 2983
f 2986 2985 2984
f 2984 2985 2983
f 2897 2985 2896
f 2896 2985 2988
f 2991 1439 2987
f 2987 1439 2988
f 777 2978 1903
f 1903 2978 2977
f 1885 1888 1858
f 1858 1888 1853
f 3090 3088 836
f 836 3088 833
f 3083 3088 3097
f 3097 3088 3096
f 3097 3096 3104
f 3104 3096 3106
f 3111 3116 3108
f 3108 3116 3109
f 3112 3111 3114
f 3114 3111 3108
f 3113 3122 3114
f 3114 3122 3115
f 891 890 2837
f 2837 890 2834
f 951 1456 954
f 954 1456 1519
f 967 1457 936
f 936 1457 1454
f 971 1462 902
f 902 1462 963
f 1461 1463 988
f 988 1463 987
f 1466 1468 1474
f 1474 1468 1470
f 1089 1529 1090
f 1090 1529 1531
f 1184 1181 1469
f 1469 1181 1180
f 1082 1527 1061
f 1061 1527 1525
f 1129 1473 1135
f 1135 1473 1475
f 1108 1530 1105
f 1105 1530 1532
f 1452 1499 3132
f 3132 1499 3136
f 3109 3116 3139
f 3139 3116 3138
f 2912 2911 887
f 887 2911 2929
f 2836 2835 1497
f 1497 2835 1494
f 2913 3102 2910
f 2910 3102 3115
f 1133 3187 1134
f 1134 3187 3185
f 3177 3176 3197
f 3197 3176 3198
f 3203 3183 3206
f 3206 3183 3207
f 3196 3202 3197
f 3197 3202 3211
f 3183 3182 3207
f 3207 3182 3185
f 1125 3180 1533
f 1533 3180 3198
f 3331 3203 3330
f 3330 3203 3206
f 3376 3379 3385
f 3385 3379 3386
f 3382 3376 3392
f 3392 3376 3385
f 3412 3415 3413
f 3413 3415 3414
f 3417 3396 3415
f 3415 3396 3395
f 3383 3386 3426
f 3426 3386 3425
f 3413 3414 3432
f 3432 3414 3430
f 3437 3396 3435
f 3435 3396 3417
f 3329 3382 3330
f 3330 3382 3392
f 3426 3425 3460
f 3460 3425 3458
f 3432 3430 3457
f 3457 3430 3463
f 3457 3463 3456
f 3456 3463 3465
f 3460 3458 3467
f 3467 3458 3466
f 3466 3455 3465
f 3465 3455 3456
f 3202 3437 3211
f 3211 3437 3435
f 3104 3106 3138
f 3138 3106 3139
f 3132 3136 1227
f 1227 3136 1476
f 943 687 600
f 600 687 601
f 596 625 667
f 667 625 1297
f 687 686 601
f 601 686 653
f 1319 784 711
f 711 784 712
f 1811 607 783
f 783 607 712
f 862 921 917
f 917 921 920
f 3478 925 3479
f 3479 925 924
f 2846 926 3478
f 3478 926 925
f 659 662 929
f 929 662 930
f 856 921 857
f 857 921 1204
f 1206 864 1207
f 1207 864 863
f 2876 1219 2877
f 2877 1219 1218
f 667 1297 593
f 593 1297 1296
f 917 920 1333
f 1333 920 1346
f 686 693 653
f 653 693 930
f 1277 913 1498
f 1498 913 1207
f 592 1536 610
f 610 1536 711
f 864 1206 1805
f 1805 1206 1804
f 1317 1536 1900
f 1900 1536 1809
f 1900 1809 1295
f 1295 1809 1296
f 3479 924 3477
f 3477 924 2824
f 927 926 1203
f 1203 926 2847
f 3484 2859 3032
f 3032 2859 3033
f 3472 2878 1217
f 1217 2878 1218
f 2889 2888 2880
f 2880 2888 2881
f 2886 2883 2887
f 2887 2883 2882
f 929 928 2847
f 2847 928 1203
f 857 1204 2921
f 2921 1204 2926
f 1820 1819 2882
f 2882 1819 2881
f 1821 2883 2876
f 2876 2883 1219
f 782 2889 783
f 783 2889 2880
f 1352 3034 1353
f 1353 3034 3033
f 3031 3034 3041
f 3041 3034 3043
f 944 943 3043
f 3043 943 600
f 1339 3145 1498
f 1498 3145 3143
f 1208 882 3148
f 3148 882 3143
f 2921 2926 3151
f 3151 2926 3156
f 3477 2824 1345
f 1345 2824 1346
f 1805 1804 3154
f 3154 1804 3156
f 886 3103 883
f 883 3103 3482
f 841 1248 3485
f 3485 1248 3121
f 2811 2819 2812
f 2812 2819 2816
f 2818 2815 2817
f 2817 2815 2806
f 2817 2816 2818
f 2818 2816 2819
f 2793 2795 2819
f 2819 2795 2818
f 243 352 2793
f 2793 352 2795
f 242 353 243
f 243 353 352
f 359 191 242
f 242 191 353
f 247 192 359
f 359 192 191
f 157 193 247
f 247 193 192
f 156 194 157
f 157 194 193
f 378 261 156
f 156 261 194
f 378 381 261
f 261 381 195
f 195 381 196
f 196 381 376
f 196 376 198
f 198 376 375
f 375 1776 198
f 198 1776 197
f 1776 1767 197
f 197 1767 274
f 181 274 199
f 199 274 1767
f 568 566 564
f 564 566 563
f 568 569 566
f 566 569 567
f 501 1773 1771
f 1771 1773 578
f 547 579 1773
f 1773 579 578
f 3486 470 474
f 474 470 469
f 450 582 3487
f 3487 582 3488
f 582 583 3488
f 3488 583 3489
f 583 584 3489
f 3489 584 3490
f 3490 584 3491
f 3491 584 543
f 470 3486 466
f 466 3486 467
f 3489 3490 503
f 503 3490 504
f 503 3492 3489
f 3489 3492 3488
f 3492 503 3493
f 3493 503 502
f 3495 3492 3494
f 3494 3492 3493
f 3487 3488 3495
f 3495 3488 3492
f 468 1774 465
f 465 1774 570
f 3494 3493 1775
f 1775 3493 1771
f 3490 3491 504
f 504 3491 1772
f 3491 543 1772
f 1772 543 548
f 450 3487 474
f 474 3487 3486
f 3495 467 3487
f 3487 467 3486
f 3494 468 3495
f 3495 468 467
f 468 3494 1774
f 1774 3494 1775
f 501 1771 502
f 502 1771 3493
f 527 366 384
f 384 366 365
f 522 524 527
f 527 524 366
f 521 534 522
f 522 534 524
f 530 535 521
f 521 535 534
f 508 486 513
f 513 486 532
f 513 532 541
f 541 532 535
f 667 668 596
f 596 668 597
f 1294 1297 624
f 624 1297 625
f 603 641 604
f 604 641 640
f 1290 1293 650
f 650 1293 651
f 1758 691 660
f 660 691 661
f 602 671 599
f 599 671 670
f 654 662 690
f 690 662 661
f 2856 598 695
f 695 598 597
f 602 654 671
f 671 654 690
f 604 640 676
f 676 640 704
f 1826 1829 708
f 708 1829 709
f 1288 1284 740
f 740 1284 741
f 755 754 758
f 758 754 759
f 2853 2856 932
f 932 2856 695
f 689 691 1192
f 1192 691 1193
f 784 1319 1240
f 1240 1319 1241
f 1813 1816 1244
f 1244 1816 1245
f 754 1288 759
f 759 1288 740
f 1894 1242 1318
f 1318 1242 1241
f 2867 1348 1418
f 1418 1348 1347
f 676 704 673
f 673 704 1347
f 1284 1287 741
f 741 1287 1419
f 1421 1426 1422
f 1422 1426 1425
f 1758 660 615
f 615 660 616
f 1192 1191 1421
f 1421 1191 1426
f 2962 1839 1504
f 1504 1839 1505
f 941 1194 1759
f 1759 1194 1193
f 1287 1537 1419
f 1419 1537 1760
f 1882 2893 1823
f 1823 2893 1824
f 1886 1891 1827
f 1827 1891 1828
f 1887 1886 1834
f 1834 1886 1827
f 1841 716 1838
f 1838 716 1505
f 782 784 1850
f 1850 784 1240
f 1239 1242 1863
f 1863 1242 1864
f 1242 1894 1864
f 1864 1894 1873
f 1822 1239 1823
f 1823 1239 1863
f 1318 1317 1895
f 1895 1317 1900
f 1894 1896 1873
f 1873 1896 1897
f 1291 1896 1292
f 1292 1896 1895
f 605 1898 606
f 606 1898 1897
f 1258 1257 2854
f 2854 1257 2855
f 1257 1351 2855
f 2855 1351 2857
f 1351 1353 2857
f 2857 1353 2858
f 1353 3033 2858
f 2858 3033 2859
f 2860 2861 3036
f 3036 2861 3037
f 2862 2863 2870
f 2870 2863 3039
f 2870 2869 2862
f 2862 2869 2864
f 2868 2865 2869
f 2869 2865 2864
f 1764 2866 2868
f 2868 2866 2865
f 1537 1199 1760
f 1760 1199 1348
f 615 2884 1758
f 1758 2884 1759
f 1825 1246 2890
f 2890 1246 1245
f 2893 2892 1824
f 1824 2892 2891
f 761 2960 758
f 758 2960 2906
f 3000 2943 2940
f 2940 2943 2941
f 2968 710 2950
f 2950 710 709
f 1764 1423 2866
f 2866 1423 2953
f 1423 645 2953
f 2953 645 2954
f 645 644 2954
f 2954 644 2955
f 644 738 2955
f 2955 738 2956
f 738 764 2956
f 2956 764 2957
f 764 763 2957
f 2957 763 2958
f 763 2908 2958
f 2958 2908 2959
f 2908 1436 2959
f 2959 1436 2961
f 1837 2964 1435
f 1435 2964 2963
f 1837 2937 2964
f 2964 2937 2965
f 2936 2968 2966
f 2966 2968 2950
f 1840 2942 1838
f 1838 2942 2941
f 2939 2949 2940
f 2940 2949 3006
f 2939 2942 2966
f 2966 2942 2965
f 1822 1825 1850
f 1850 1825 2890
f 1891 3005 1828
f 1828 3005 3006
f 3035 3038 3045
f 3045 3038 3042
f 3045 3044 3035
f 3035 3044 3040
f 669 1422 3045
f 3045 1422 3044
f 599 670 3041
f 3041 670 3042
f 931 3067 932
f 932 3067 3065
f 2853 3066 2854
f 2854 3066 3076
f 3067 3496 3065
f 3065 3496 3497
f 3066 3498 3076
f 3076 3498 3499
f 707 1813 708
f 708 1813 1244
f 2960 2962 2906
f 2906 2962 1504
f 2892 1887 2891
f 2891 1887 1834
f 1839 2962 2963
f 2963 2962 2961
f 595 626 596
f 596 626 625
f 623 626 3484
f 3484 626 2859
f 1291 1290 606
f 606 1290 603
f 1290 650 603
f 603 650 641
f 641 650 642
f 642 650 649
f 2860 2863 649
f 649 2863 642
f 3036 3039 2860
f 2860 3039 2863
f 3035 3040 3036
f 3036 3040 3039
f 1294 1293 1295
f 1295 1293 1292
f 624 651 1294
f 1294 651 1293
f 623 652 624
f 624 652 651
f 3484 2861 623
f 623 2861 652
f 3032 3037 3484
f 3484 3037 2861
f 3031 3038 3032
f 3032 3038 3037
f 3481 2848 2884
f 2884 2848 942
f 2846 617 1427
f 1427 617 616
f 3049 3167 3048
f 3048 3167 3500
f 1906 3048 3070
f 3070 3048 3500
f 1337 1768 3501
f 3501 1768 3502
f 3020 3503 3021
f 3021 3503 3024
f 2914 3023 3020
f 3020 3023 3503
f 859 1770 860
f 860 1770 3504
f 1336 3505 1768
f 1768 3505 3502
f 3065 3497 3066
f 3066 3497 3498
f 2814 3075 3067
f 3067 3075 3496
f 2839 3174 766
f 766 3174 3017
f 1337 3501 1338
f 1338 3501 1769
f 767 3018 3026
f 3026 3018 3506
f 3076 3499 3064
f 3064 3499 3507
f 727 730 3483
f 3483 730 3030
f 3064 3507 2871
f 2871 3507 3077
f 3100 3160 1786
f 1786 3160 1784
f 3026 3506 752
f 752 3506 3015
f 860 3504 2923
f 2923 3504 3508
f 753 3016 3027
f 3027 3016 3509
f 3027 3509 3008
f 3008 3509 3028
f 1782 1785 1783
f 1783 1785 3022
f 2923 3508 3153
f 3153 3508 3161
f 3148 3149 1208
f 1208 3149 3150
f 1335 1328 3510
f 3510 1328 1327
f 1336 1335 3505
f 3505 1335 3510
f 866 3511 1340
f 1340 3511 3146
f 865 1808 866
f 866 1808 3511
f 842 841 3159
f 3159 841 3485
f 2849 3512 1329
f 1329 3512 1326
f 1202 1331 2849
f 2849 1331 3512
f 3514 3515 3513
f 3513 3515 3516
f 3518 3516 3517
f 3517 3516 3515
f 3519 3520 3514
f 3514 3520 3515
f 3522 3523 3521
f 3521 3523 3524
f 3526 3527 3525
f 3525 3527 3528
f 3530 3531 3529
f 3529 3531 3532
f 3534 3535 3533
f 3533 3535 3536
f 3529 3532 3537
f 3537 3532 3538
f 3537 3539 3529
f 3529 3539 3540
f 3542 3543 3541
f 3541 3543 3544
f 3546 3547 3545
f 3545 3547 3548
f 3550 3534 3549
f 3549 3534 3533
f 3550 3543 3551
f 3551 3543 3552
f 3537 3545 3539
f 3539 3545 3548
f 3553 3554 3556
f 3556 3554 3555
f 3537 3557 3545
f 3545 3557 3546
f 3558 3559 3561
f 3561 3559 3560
f 3563 3564 3562
f 3562 3564 3565
f 3564 3563 3566
f 3566 3563 3567
f 3569 3570 3568
f 3568 3570 3571
f 3573 3574 3572
f 3572 3574 3575
f 3577 3578 3576
f 3576 3578 3579
f 3581 3582 3580
f 3580 3582 3583
f 3585 3586 3584
f 3584 3586 3579
f 3586 3587 3579
f 3579 3587 3576
f 3589 3590 3588
f 3588 3590 3591
f 3592 3593 3595
f 3595 3593 3594
f 3597 3598 3596
f 3596 3598 3595
f 3583 3600 3599
f 3599 3600 3601
f 3603 3599 3602
f 3602 3599 3601
f 3605 3606 3604
f 3604 3606 3607
f 3608 3555 3596
f 3596 3555 3554
f 3597 3610 3609
f 3609 3610 3565
f 3564 3611 3565
f 3565 3611 3609
f 3611 3564 3612
f 3612 3564 3566
f 3613 3614 3569
f 3569 3614 3570
f 3615 3616 3573
f 3573 3616 3574
f 3517 3617 3518
f 3518 3617 3618
f 3620 3621 3619
f 3619 3621 3622
f 3624 3625 3623
f 3623 3625 3626
f 3628 3629 3627
f 3627 3629 3630
f 3632 3633 3631
f 3631 3633 3634
f 3636 3637 3635
f 3635 3637 3638
f 3640 3641 3639
f 3639 3641 3642
f 3643 3644 3639
f 3639 3644 3640
f 3646 3513 3645
f 3645 3513 3647
f 3648 3514 3646
f 3646 3514 3513
f 3649 3519 3648
f 3648 3519 3514
f 3650 3651 3527
f 3527 3651 3652
f 3654 3651 3653
f 3653 3651 3650
f 3568 3571 3655
f 3655 3571 3656
f 3657 3658 3653
f 3653 3658 3659
f 3661 3662 3660
f 3660 3662 3658
f 3664 3665 3663
f 3663 3665 3666
f 3667 3657 3650
f 3650 3657 3653
f 3669 3523 3668
f 3668 3523 3670
f 3672 3673 3671
f 3671 3673 3674
f 3676 3677 3675
f 3675 3677 3678
f 3671 3674 3676
f 3676 3674 3677
f 3680 3681 3679
f 3679 3681 3682
f 3683 3684 3680
f 3680 3684 3681
f 3685 3686 3661
f 3661 3686 3662
f 3686 3687 3662
f 3662 3687 3688
f 3684 3683 3689
f 3689 3683 3690
f 3692 3693 3691
f 3691 3693 3694
f 3691 3694 3695
f 3695 3694 3696
f 3698 3699 3697
f 3697 3699 3700
f 3702 3703 3701
f 3701 3703 3704
f 3705 3706 3519
f 3519 3706 3520
f 3673 3672 3707
f 3707 3672 3708
f 3709 3710 3682
f 3682 3710 3679
f 3711 3712 3692
f 3692 3712 3693
f 3714 3715 3713
f 3713 3715 3716
f 3718 3700 3717
f 3717 3700 3699
f 3720 3721 3719
f 3719 3721 3722
f 3724 3725 3723
f 3723 3725 3726
f 3727 3728 3730
f 3730 3728 3729
f 3722 3721 3731
f 3731 3721 3732
f 3697 3700 3733
f 3733 3700 3714
f 3733 3714 3734
f 3734 3714 3713
f 3721 3723 3732
f 3732 3723 3735
f 3720 3736 3724
f 3724 3736 3737
f 3700 3718 3714
f 3714 3718 3715
f 3717 3699 3738
f 3738 3699 3739
f 3536 3740 3533
f 3533 3740 3540
f 3742 3743 3741
f 3741 3743 3744
f 3746 3747 3745
f 3745 3747 3748
f 3750 3751 3749
f 3749 3751 3752
f 3627 3632 3628
f 3628 3632 3631
f 3754 3755 3753
f 3753 3755 3626
f 3562 3565 3756
f 3756 3565 3610
f 3527 3652 3528
f 3528 3652 3757
f 3758 3524 3669
f 3669 3524 3523
f 3582 3598 3583
f 3583 3598 3600
f 3759 3670 3522
f 3522 3670 3523
f 3675 3678 3760
f 3760 3678 3761
f 3762 3763 3690
f 3690 3763 3689
f 3765 3766 3764
f 3764 3766 3767
f 3768 3739 3698
f 3698 3739 3699
f 3726 3725 3770
f 3770 3725 3769
f 3645 3647 3771
f 3771 3647 3772
f 3645 3678 3646
f 3646 3678 3677
f 3646 3677 3648
f 3648 3677 3674
f 3673 3649 3674
f 3674 3649 3648
f 3707 3773 3673
f 3673 3773 3649
f 3775 3776 3774
f 3774 3776 3777
f 3779 3526 3778
f 3778 3526 3525
f 3526 3779 3667
f 3667 3779 3780
f 3780 3781 3667
f 3667 3781 3657
f 3672 3679 3708
f 3708 3679 3710
f 3671 3680 3672
f 3672 3680 3679
f 3676 3683 3671
f 3671 3683 3680
f 3675 3690 3676
f 3676 3690 3683
f 3760 3762 3675
f 3675 3762 3690
f 3682 3681 3783
f 3783 3681 3782
f 3689 3784 3684
f 3684 3784 3785
f 3684 3785 3681
f 3681 3785 3782
f 3786 3709 3783
f 3783 3709 3682
f 3784 3689 3787
f 3787 3689 3763
f 3789 3557 3788
f 3788 3557 3790
f 3792 3793 3791
f 3791 3793 3794
f 3616 3615 3795
f 3795 3615 3796
f 3797 3798 3727
f 3727 3798 3728
f 3800 3801 3799
f 3799 3801 3802
f 3803 3578 3592
f 3592 3578 3593
f 3805 3806 3804
f 3804 3806 3807
f 3599 3603 3585
f 3585 3603 3586
f 3587 3586 3604
f 3604 3586 3603
f 3588 3591 3794
f 3794 3591 3791
f 3581 3803 3582
f 3582 3803 3592
f 3594 3561 3608
f 3608 3561 3790
f 3662 3688 3808
f 3808 3688 3809
f 3665 3664 3810
f 3810 3664 3811
f 3719 3812 3720
f 3720 3812 3736
f 3717 3813 3718
f 3718 3813 3737
f 3723 3721 3724
f 3724 3721 3720
f 3813 3717 3814
f 3814 3717 3738
f 3815 3816 303
f 303 3816 304
f 3818 3819 3817
f 3817 3819 3820
f 3578 3803 3579
f 3579 3803 3584
f 3558 3593 3577
f 3577 3593 3578
f 3822 3823 3821
f 3821 3823 3824
f 3546 3826 3825
f 3825 3826 3827
f 3828 3829 3547
f 3547 3829 3541
f 3831 3542 3830
f 3830 3542 3832
f 3834 3822 3833
f 3833 3822 3821
f 3835 3836 3827
f 3827 3836 3825
f 3800 3799 3828
f 3828 3799 3829
f 3830 3832 3837
f 3837 3832 3838
f 331 330 3551
f 3551 330 3839
f 3831 333 3552
f 3552 333 332
f 3819 3797 3841
f 3841 3797 3840
f 3513 3516 3647
f 3647 3516 3746
f 337 336 3745
f 3745 336 3772
f 3525 3528 3775
f 3775 3528 3749
f 3610 3597 3554
f 3554 3597 3596
f 3706 3702 3520
f 3520 3702 3701
f 3756 3610 3553
f 3553 3610 3554
f 3757 3750 3528
f 3528 3750 3749
f 3517 3515 3701
f 3701 3515 3520
f 3842 3584 3581
f 3581 3584 3803
f 3525 3775 3778
f 3778 3775 3774
f 3638 3843 3635
f 3635 3843 3618
f 3617 3621 3618
f 3618 3621 3635
f 3617 3517 3704
f 3704 3517 3701
f 3521 3624 3522
f 3522 3624 3623
f 3749 3844 3775
f 3775 3844 3776
f 3846 3847 3845
f 3845 3847 3848
f 3843 3747 3618
f 3618 3747 3518
f 3850 3851 3849
f 3849 3851 3748
f 3853 3854 3852
f 3852 3854 3855
f 3856 3857 3622
f 3622 3857 3619
f 3859 3860 3858
f 3858 3860 3861
f 3862 3844 3752
f 3752 3844 3749
f 3863 3759 3623
f 3623 3759 3522
f 3864 3777 3630
f 3630 3777 3776
f 3713 3865 3734
f 3734 3865 3866
f 3868 3869 3867
f 3867 3869 3870
f 3872 3873 3871
f 3871 3873 3874
f 3876 3877 3875
f 3875 3877 3878
f 3879 3880 3878
f 3878 3880 3881
f 3882 3883 3885
f 3885 3883 3884
f 3780 3886 3781
f 3781 3886 3887
f 3888 3685 3869
f 3869 3685 3661
f 3880 3879 3883
f 3883 3879 3884
f 3693 3783 3694
f 3694 3783 3782
f 3696 3785 3764
f 3764 3785 3784
f 3694 3782 3696
f 3696 3782 3785
f 3693 3786 3783
f 3787 3765 3784
f 3784 3765 3764
f 386 385 3765
f 3765 385 3766
f 3695 3889 3691
f 3691 3889 3890
f 3691 3890 3692
f 3692 3890 3891
f 3892 3711 3891
f 3891 3711 3692
f 3767 3893 3695
f 3695 3893 3889
f 3766 3894 3767
f 3767 3894 3893
f 3882 3885 3895
f 3895 3885 3896
f 3898 3698 3897
f 3897 3698 3697
f 3897 3697 3899
f 3899 3697 3733
f 3899 3733 3900
f 3900 3733 3734
f 3901 3768 3898
f 3898 3768 3698
f 3901 3902 3768
f 3768 3902 3903
f 3904 3905 3907
f 3907 3905 3906
f 3869 3661 3870
f 3870 3661 3660
f 3908 3909 3896
f 3896 3909 3895
f 3909 3758 3895
f 3895 3758 3669
f 3751 3531 3752
f 3752 3531 3848
f 3858 3536 3854
f 3854 3536 3535
f 3652 3562 3757
f 3757 3562 3756
f 3651 3654 3563
f 3563 3654 3567
f 3655 3656 3808
f 3808 3656 3659
f 3530 3740 3845
f 3845 3740 3861
f 3751 3750 3556
f 3556 3750 3553
f 3817 3820 3796
f 3796 3820 3795
f 410 409 3910
f 3910 409 3855
f 3750 3757 3553
f 3553 3757 3756
f 3908 3886 3909
f 3909 3886 3780
f 409 411 3855
f 3855 411 3851
f 413 412 3760
f 3760 412 3762
f 415 414 3763
f 3763 414 3787
f 3790 3557 3538
f 3538 3557 3537
f 3555 3608 3538
f 3538 3608 3790
f 3574 3911 3575
f 3575 3911 3912
f 3535 3534 3910
f 3910 3534 3839
f 3831 3552 3542
f 3542 3552 3543
f 3534 3550 3839
f 3839 3550 3551
f 3543 3550 3544
f 3544 3550 3549
f 3913 3914 3916
f 3916 3914 3915
f 3806 3805 3589
f 3589 3805 3590
f 3849 3843 3917
f 3917 3843 3638
f 3853 3644 3859
f 3859 3644 3742
f 3747 3746 3518
f 3518 3746 3516
f 3695 3696 3767
f 3767 3696 3764
f 3903 3918 3768
f 3768 3918 3739
f 3738 3739 3816
f 3816 3739 3918
f 3919 3920 3769
f 3769 3920 3770
f 3921 3726 3922
f 3922 3726 3770
f 3678 3645 3761
f 3761 3645 3771
f 3924 3913 3923
f 3923 3913 3916
f 3802 3925 3838
f 3838 3925 3837
f 3577 3926 3558
f 3558 3926 3559
f 3815 3919 3814
f 3814 3919 3769
f 3927 3928 3822
f 3822 3928 3823
f 3829 3832 3541
f 3541 3832 3542
f 3834 3927 3822
f 3832 3829 3838
f 3838 3829 3799
f 3745 3772 3746
f 3746 3772 3647
f 3849 3748 3843
f 3843 3748 3747
f 3854 3853 3858
f 3858 3853 3859
f 3854 3535 3855
f 3855 3535 3910
f 3557 3789 3546
f 3546 3789 3826
f 3923 3823 3924
f 3924 3823 3928
f 3823 3923 3929
f 3929 3923 3930
f 3531 3751 3532
f 3532 3751 3556
f 3532 3556 3538
f 3538 3556 3555
f 3932 3634 3931
f 3931 3634 3633
f 3814 3769 3813
f 3813 3769 3725
f 3620 3636 3621
f 3621 3636 3635
f 3847 3862 3848
f 3848 3862 3752
f 3531 3530 3848
f 3848 3530 3845
f 3933 3934 3830
f 3830 3934 3831
f 3925 3933 3837
f 3837 3933 3830
f 3934 440 3831
f 3831 440 333
f 3925 3802 3833
f 3833 3802 3801
f 3776 3844 3630
f 3630 3844 3627
f 3808 3659 3662
f 3662 3659 3658
f 3667 3650 3526
f 3526 3650 3527
f 3935 3666 3936
f 3936 3666 3665
f 3718 3737 3715
f 3715 3737 3736
f 3663 3809 3664
f 3664 3809 3688
f 3807 3806 3938
f 3938 3806 3937
f 445 413 3761
f 3761 413 3760
f 3902 447 3903
f 3903 447 446
f 3897 3890 3898
f 3898 3890 3889
f 3899 3891 3897
f 3897 3891 3890
f 3898 3889 3901
f 3901 3889 3893
f 3893 3894 3901
f 3901 3894 3902
f 414 386 3787
f 3787 386 3765
f 3940 3941 3939
f 3939 3941 3942
f 3840 3797 3943
f 3943 3797 3727
f 3665 3810 3936
f 3936 3810 3944
f 3921 3735 3726
f 3726 3735 3723
f 3920 3945 3770
f 3770 3945 3922
f 3521 3524 3774
f 3774 3524 3778
f 3864 3946 3625
f 3625 3946 3947
f 3773 3705 3649
f 3649 3705 3519
f 3779 3778 3758
f 3758 3778 3524
f 3812 3716 3736
f 3736 3716 3715
f 3624 3521 3777
f 3777 3521 3774
f 3703 3856 3704
f 3704 3856 3622
f 3900 3892 3899
f 3899 3892 3891
f 3641 3917 3642
f 3642 3917 3948
f 3895 3669 3882
f 3882 3669 3668
f 3855 3851 3852
f 3852 3851 3850
f 3894 458 3902
f 3902 458 447
f 3781 3887 3660
f 3660 3887 3870
f 3570 3566 3571
f 3571 3566 3567
f 3950 3576 3949
f 3949 3576 3587
f 3605 3602 3614
f 3614 3602 3612
f 3614 3612 3570
f 3570 3612 3566
f 3571 3567 3656
f 3656 3567 3654
f 3660 3658 3781
f 3781 3658 3657
f 3604 3607 3587
f 3587 3607 3949
f 3653 3659 3654
f 3654 3659 3656
f 3529 3540 3530
f 3530 3540 3740
f 3687 3811 3688
f 3688 3811 3664
f 3813 3725 3737
f 3737 3725 3724
f 3919 3815 461
f 461 3815 303
f 3818 3798 3819
f 3819 3798 3797
f 3819 3841 3820
f 3820 3841 3951
f 3816 3815 3738
f 3738 3815 3814
f 3540 3539 3533
f 3533 3539 3549
f 3548 3547 3544
f 3544 3547 3541
f 3539 3548 3549
f 3549 3548 3544
f 3741 3931 3860
f 3860 3931 3846
f 3801 3800 3835
f 3835 3800 3836
f 3934 3933 3824
f 3824 3933 3821
f 3825 3828 3546
f 3546 3828 3547
f 3833 3821 3925
f 3925 3821 3933
f 3800 3828 3836
f 3836 3828 3825
f 3824 3952 3934
f 3934 3952 440
f 3860 3846 3861
f 3861 3846 3845
f 3629 3946 3630
f 3630 3946 3864
f 3740 3536 3861
f 3861 3536 3858
f 3833 3801 3834
f 3834 3801 3835
f 3583 3599 3580
f 3580 3599 3585
f 3651 3563 3652
f 3652 3563 3562
f 3758 3909 3779
f 3779 3909 3780
f 3621 3617 3622
f 3622 3617 3704
f 3625 3947 3626
f 3626 3947 3753
f 3633 3632 3847
f 3847 3632 3862
f 3852 3850 3640
f 3640 3850 3641
f 3644 3853 3640
f 3640 3853 3852
f 3859 3742 3860
f 3860 3742 3741
f 3632 3627 3862
f 3862 3627 3844
f 3755 3863 3626
f 3626 3863 3623
f 3917 3638 3948
f 3948 3638 3637
f 3644 3643 3742
f 3742 3643 3743
f 3931 3633 3846
f 3846 3633 3847
f 3625 3624 3864
f 3864 3624 3777
f 3917 3641 3849
f 3849 3641 3850
f 3744 3932 3741
f 3741 3932 3931
f 3903 446 3918
f 3918 446 464
f 3953 3954 3956
f 3956 3954 3955
f 3958 3959 3957
f 3957 3959 3960
f 3876 3958 3877
f 3877 3958 3957
f 3877 3957 3961
f 3961 3957 3962
f 3963 3964 3958
f 3958 3964 3959
f 3965 3966 3876
f 3876 3966 3958
f 3966 3963 3958
f 3966 3967 3963
f 3963 3967 3968
f 3878 3877 3879
f 3879 3877 3961
f 3967 3969 3968
f 3968 3969 3970
f 3969 3971 3970
f 3970 3971 3972
f 3974 3904 3973
f 3973 3904 3907
f 3971 3975 3972
f 3972 3975 3976
f 3976 3975 3978
f 3978 3975 3977
f 3979 3980 3977
f 3977 3980 3978
f 3981 3982 3979
f 3979 3982 3980
f 3983 3984 3981
f 3981 3984 3982
f 3972 3985 3970
f 3970 3985 3986
f 3871 3987 3969
f 3969 3987 3971
f 3872 3871 3967
f 3967 3871 3969
f 3965 3872 3966
f 3966 3872 3967
f 3970 3986 3968
f 3968 3986 3988
f 3879 3961 3884
f 3884 3961 3940
f 3884 3940 3885
f 3885 3940 3939
f 3989 3990 3992
f 3992 3990 3991
f 3942 3993 3995
f 3995 3993 3994
f 3994 3996 3995
f 3995 3996 3974
f 3997 3998 3994
f 3994 3998 3996
f 3999 3997 3993
f 3993 3997 3994
f 4001 3996 4000
f 4000 3996 3998
f 4000 3998 4002
f 4002 3998 4003
f 4004 4003 3997
f 3997 4003 3998
f 3997 3999 4004
f 4004 3999 4005
f 4006 3995 3973
f 3973 3995 3974
f 3939 3942 4006
f 4006 3942 3995
f 3906 3887 3907
f 3907 3887 3886
f 3887 3906 3870
f 3870 3906 3867
f 3908 3973 3886
f 3886 3973 3907
f 3865 4007 3866
f 3866 4007 4008
f 3984 3983 4009
f 4009 3983 4010
f 3961 3962 3940
f 3940 3962 3941
f 4012 3868 4011
f 4011 3868 3867
f 4013 3975 3987
f 3987 3975 3971
f 4014 3977 4013
f 4013 3977 3975
f 4015 4010 4007
f 4007 4010 3983
f 4007 3983 4008
f 4008 3983 3981
f 4008 3981 4016
f 4016 3981 3979
f 4017 3984 4018
f 4018 3984 4009
f 3977 4014 3979
f 3979 4014 4016
f 3982 3984 4019
f 4019 3984 4017
f 4021 4022 4020
f 4020 4022 4023
f 4022 4012 4023
f 4023 4012 4011
f 4023 3904 4020
f 4020 3904 3974
f 4024 4025 4018
f 4018 4025 4017
f 4026 4027 4024
f 4024 4027 4025
f 4028 4026 4029
f 4029 4026 4024
f 4018 4021 4024
f 4024 4021 4029
f 4030 4031 4026
f 4026 4031 4027
f 4032 4030 4028
f 4028 4030 4026
f 4029 4001 4028
f 4028 4001 4000
f 4028 4000 4032
f 4032 4000 4002
f 4034 4035 4033
f 4033 4035 4036
f 4037 4038 4019
f 4019 4038 4039
f 4041 4039 4040
f 4040 4039 4038
f 4040 4038 4042
f 4042 4038 4036
f 4042 4036 4043
f 4043 4036 4035
f 3985 4044 4046
f 4046 4044 4045
f 4047 4048 4045
f 4045 4048 4046
f 4047 4049 4048
f 4048 4049 4050
f 4042 4047 4040
f 4040 4047 4045
f 4043 4049 4042
f 4042 4049 4047
f 4040 4045 4041
f 4041 4045 4044
f 4052 3959 4051
f 4051 3959 3964
f 4053 4054 4051
f 4051 4054 4055
f 3956 3960 4052
f 4052 3960 3959
f 3953 3956 4056
f 4056 3956 4052
f 4058 3953 4057
f 4057 3953 4056
f 4060 4061 4059
f 4059 4061 4062
f 4063 4064 4054
f 4054 4064 4057
f 4054 4053 4063
f 4063 4053 4065
f 4066 4067 4069
f 4069 4067 4068
f 4048 4050 4063
f 4063 4050 4064
f 4063 4065 4048
f 4048 4065 4046
f 3985 4046 3986
f 3986 4046 4065
f 3986 4065 3988
f 3988 4065 4053
f 3988 4053 3964
f 3964 4053 4051
f 3976 3978 4044
f 4044 3978 4041
f 3980 3982 4039
f 4039 3982 4019
f 4039 4041 3980
f 3980 4041 3978
f 3973 3908 4006
f 4006 3908 3896
f 3885 3939 3896
f 3896 3939 4006
f 4031 4034 4027
f 4027 4034 4033
f 4027 4033 4025
f 4025 4033 4037
f 4019 4017 4037
f 4037 4017 4025
f 3993 3942 4070
f 4070 3942 3941
f 3999 3993 4071
f 4071 3993 4070
f 3999 4071 4005
f 4005 4071 4072
f 4073 4074 4076
f 4076 4074 4075
f 4078 4079 4077
f 4077 4079 4080
f 4082 4080 4081
f 4081 4080 4079
f 4084 4085 4083
f 4083 4085 4086
f 4087 4088 4090
f 4090 4088 4089
f 4092 4093 4091
f 4091 4093 4094
f 4096 4097 4095
f 4095 4097 4098
f 4100 4101 4099
f 4099 4101 4102
f 4103 4104 4106
f 4106 4104 4105
f 4108 4109 4107
f 4107 4109 4110
f 4112 4113 4111
f 4111 4113 4114
f 4116 4117 4115
f 4115 4117 4118
f 4120 4121 4119
f 4119 4121 4122
f 4123 4124 4126
f 4126 4124 4125
f 4127 4128 4130
f 4130 4128 4129
f 4132 4133 4131
f 4131 4133 4134
f 4136 4108 4135
f 4135 4108 4107
f 4138 4139 4137
f 4137 4139 4140
f 4141 4142 4088
f 4088 4142 4089
f 4144 4145 4143
f 4143 4145 4146
f 4148 4149 4147
f 4147 4149 4150
f 4152 4153 4151
f 4151 4153 4154
f 4156 4082 4155
f 4155 4082 4081
f 4157 4158 4160
f 4160 4158 4159
f 4161 4162 4164
f 4164 4162 4163
f 4166 4122 4165
f 4165 4122 4121
f 4168 4152 4167
f 4167 4152 4151
f 4169 4170 4172
f 4172 4170 4171
f 4174 4175 4173
f 4173 4175 4176
f 4178 4149 4177
f 4177 4149 4179
f 4173 4176 4180
f 4180 4176 4181
f 4156 4085 4182
f 4182 4085 4183
f 4182 4184 4156
f 4156 4184 4082
f 4185 4186 4184
f 4184 4186 4187
f 4186 4188 4187
f 4187 4188 4189
f 4190 4191 4073
f 4073 4191 4074
f 4177 4179 4158
f 4158 4179 4159
f 4193 4127 4192
f 4192 4127 4130
f 4144 4194 4151
f 4151 4194 4167
f 4196 4197 4195
f 4195 4197 4198
f 4095 4199 4096
f 4096 4199 4200
f 4201 4202 4204
f 4204 4202 4203
f 4205 4206 4208
f 4208 4206 4207
f 4121 4120 4209
f 4209 4120 4210
f 4212 4213 4211
f 4211 4213 4214
f 4216 4217 4215
f 4215 4217 4218
f 4220 4221 4219
f 4219 4221 4222
f 4224 4196 4223
f 4223 4196 4195
f 4225 4226 4134
f 4134 4226 4131
f 4228 4229 4227
f 4227 4229 4230
f 4232 4233 4231
f 4231 4233 4098
f 4235 4236 4234
f 4234 4236 4237
f 4239 4240 4238
f 4238 4240 4241
f 4242 4243 4245
f 4245 4243 4244
f 4246 4247 4249
f 4249 4247 4248
f 4251 4252 4250
f 4250 4252 4253
f 4255 4256 4254
f 4254 4256 4257
f 4259 4260 4258
f 4258 4260 4261
f 4263 4264 4262
f 4262 4264 4265
f 4267 4268 4266
f 4266 4268 4269
f 4271 4199 4270
f 4270 4199 4272
f 4273 4274 4276
f 4276 4274 4275
f 4115 4118 4277
f 4277 4118 4278
f 4280 4281 4279
f 4279 4281 4282
f 4211 4283 4212
f 4212 4283 4284
f 4286 4287 4285
f 4285 4287 4288
f 4165 4121 4289
f 4289 4121 4209
f 4291 4286 4290
f 4290 4286 4285
f 4293 4294 4292
f 4292 4294 4295
f 4297 4298 4296
f 4296 4298 4299
f 4301 4302 4300
f 4300 4302 4303
f 4299 4304 4296
f 4296 4304 4305
f 4306 4292 4307
f 4307 4292 4295
f 4307 4308 4306
f 4306 4308 4309
f 4310 4309 4075
f 4075 4309 4308
f 4299 4298 4312
f 4312 4298 4311
f 4302 4301 4293
f 4293 4301 4294
f 3735 3921 4313
f 4313 3921 4314
f 4315 4314 3922
f 3922 4314 3921
f 4316 3945 829
f 829 3945 830
f 4289 4317 4165
f 4165 4317 4318
f 4320 4321 4319
f 4319 4321 4322
f 4324 4325 4323
f 4323 4325 4326
f 4327 4328 4330
f 4330 4328 4329
f 4290 4331 4291
f 4291 4331 4332
f 4165 4318 4166
f 4166 4318 4333
f 4334 4335 4337
f 4337 4335 4336
f 4339 4340 4338
f 4338 4340 4341
f 4168 4343 4342
f 4342 4343 4344
f 4346 4347 4345
f 4345 4347 4348
f 4350 4351 4349
f 4349 4351 4352
f 4354 4355 4353
f 4353 4355 4356
f 4357 4358 4324
f 4324 4358 4325
f 4337 4359 4334
f 4334 4359 4360
f 4362 4363 4361
f 4361 4363 4364
f 4366 4367 4365
f 4365 4367 4368
f 4369 4370 4372
f 4372 4370 4371
f 4331 4290 4374
f 4374 4290 4373
f 4373 4376 4375
f 4375 4376 4377
f 4379 4380 4378
f 4378 4380 4381
f 4217 4382 4218
f 4218 4382 4383
f 4385 4386 4384
f 4384 4386 4387
f 4388 4389 4338
f 4338 4389 4390
f 4337 4336 4392
f 4392 4336 4391
f 4394 4362 4393
f 4393 4362 4361
f 4396 4397 4395
f 4395 4397 4398
f 4400 4401 4399
f 4399 4401 4402
f 4345 4403 4346
f 4346 4403 4404
f 4405 4406 4342
f 4342 4406 4407
f 4409 4410 4408
f 4408 4410 4411
f 4408 4412 4409
f 4409 4412 4413
f 4181 4415 4414
f 4414 4415 4416
f 4182 4183 4417
f 4417 4183 4418
f 4419 4353 4311
f 4311 4353 4312
f 4421 4422 4420
f 4420 4422 4423
f 4353 4356 4312
f 4312 4356 4424
f 4166 4333 4425
f 4425 4333 4426
f 4425 4143 4166
f 4166 4143 4122
f 4427 4107 4428
f 4428 4107 4110
f 4429 4430 4174
f 4174 4430 4175
f 4335 4431 4336
f 4336 4431 4390
f 4336 4390 4391
f 4391 4390 4389
f 4432 4433 4435
f 4435 4433 4434
f 4437 4438 4436
f 4436 4438 4439
f 4441 4442 4440
f 4440 4442 4443
f 4359 4444 4361
f 4361 4444 4393
f 4446 4447 4445
f 4445 4447 4448
f 4338 4341 4388
f 4388 4341 4449
f 4450 4451 4398
f 4398 4451 4395
f 4453 4454 4452
f 4452 4454 4455
f 4457 4458 4456
f 4456 4458 4459
f 4460 4461 4448
f 4448 4461 4445
f 4463 4464 4462
f 4462 4464 4465
f 4462 4465 4466
f 4466 4465 4467
f 4468 4469 4467
f 4467 4469 4466
f 4469 4468 4470
f 4470 4468 4471
f 4472 4473 4471
f 4471 4473 4470
f 4475 4476 4474
f 4474 4476 4477
f 4479 4480 4478
f 4478 4480 4481
f 4483 4484 4482
f 4482 4484 4485
f 4487 4488 4486
f 4486 4488 4489
f 4491 4492 4490
f 4490 4492 4493
f 4494 4495 4493
f 4493 4495 4490
f 4496 4497 4494
f 4494 4497 4495
f 4497 4496 4498
f 4498 4496 4499
f 4500 4501 4503
f 4503 4501 4502
f 4505 4506 4504
f 4504 4506 4507
f 4466 4508 4462
f 4462 4508 4509
f 4470 4510 4469
f 4469 4510 4511
f 4513 4479 4512
f 4512 4479 4478
f 4515 4443 4514
f 4514 4443 4442
f 4516 4517 4519
f 4519 4517 4518
f 4521 4495 4520
f 4520 4495 4497
f 4522 4490 4521
f 4521 4490 4495
f 4491 4523 4488
f 4488 4523 4524
f 4525 4489 4524
f 4524 4489 4488
f 4484 4526 4485
f 4485 4526 4527
f 4503 4528 4500
f 4500 4528 4529
f 4530 4531 4533
f 4533 4531 4532
f 4535 4506 4534
f 4534 4506 4530
f 4486 4536 4487
f 4487 4536 4537
f 4487 4537 4492
f 4492 4537 4538
f 4494 4539 4496
f 4496 4539 4540
f 4542 4533 4541
f 4541 4533 4499
f 4544 4545 4543
f 4543 4545 4546
f 4548 4549 4547
f 4547 4549 4550
f 4536 4551 4537
f 4537 4551 4552
f 4537 4552 4538
f 4538 4552 4553
f 4554 4539 4556
f 4556 4539 4555
f 4557 4540 4554
f 4554 4540 4539
f 4559 4557 4558
f 4558 4557 4560
f 4540 4557 4541
f 4541 4557 4559
f 4562 4563 4561
f 4561 4563 4564
f 4546 4565 4543
f 4543 4565 4566
f 4547 4567 4548
f 4548 4567 4568
f 4570 4571 4569
f 4569 4571 4572
f 4574 4575 4573
f 4573 4575 4576
f 4578 4579 4577
f 4577 4579 4580
f 4582 4583 4581
f 4581 4583 4584
f 4585 4586 4588
f 4588 4586 4587
f 4589 4585 4590
f 4590 4585 4588
f 4592 4593 4591
f 4591 4593 4594
f 4596 4597 4595
f 4595 4597 4598
f 4600 4601 4599
f 4599 4601 4602
f 4563 4604 4603
f 4603 4604 4605
f 4603 4606 4608
f 4608 4606 4607
f 4609 4610 4594
f 4594 4610 4591
f 4611 4612 4614
f 4614 4612 4613
f 4616 4617 4615
f 4615 4617 4618
f 4602 4620 4619
f 4619 4620 4621
f 4619 4622 4602
f 4602 4622 4599
f 4605 4599 4623
f 4623 4599 4622
f 4605 4623 4603
f 4603 4623 4606
f 4625 4626 4624
f 4624 4626 4627
f 4438 4437 4628
f 4628 4437 4629
f 4442 4441 4630
f 4630 4441 4631
f 4630 4632 4442
f 4442 4632 4514
f 4633 4634 4529
f 4529 4634 4500
f 4500 4634 4501
f 4501 4634 4635
f 4637 4546 4636
f 4636 4546 4545
f 4639 4565 4638
f 4638 4565 4640
f 4573 4576 4641
f 4641 4576 4642
f 4593 4643 4594
f 4594 4643 4644
f 4645 4609 4644
f 4644 4609 4594
f 4647 4648 4646
f 4646 4648 4649
f 4651 4652 4650
f 4650 4652 4653
f 4654 4498 4519
f 4519 4498 4532
f 4520 4508 4521
f 4521 4508 4511
f 4522 4510 4523
f 4523 4510 4655
f 4524 4656 4525
f 4525 4656 4657
f 4514 4529 4515
f 4515 4529 4528
f 4658 4659 4661
f 4661 4659 4660
f 4496 4540 4499
f 4499 4540 4541
f 4493 4555 4494
f 4494 4555 4539
f 4549 4483 4550
f 4550 4483 4482
f 4545 4544 4501
f 4501 4544 4502
f 4636 4545 4635
f 4635 4545 4501
f 4589 4663 4662
f 4662 4663 4664
f 4662 4665 4558
f 4558 4665 4559
f 4569 4586 4570
f 4570 4586 4560
f 4552 4666 4553
f 4553 4666 4667
f 4668 4669 4670
f 4670 4669 4666
f 4672 4673 4671
f 4671 4673 4674
f 4287 4675 4288
f 4288 4675 4676
f 4678 4679 4677
f 4677 4679 4680
f 4681 4678 4682
f 4682 4678 4677
f 4682 4683 4681
f 4681 4683 4684
f 4161 4164 4685
f 4685 4164 4686
f 4414 4687 4689
f 4689 4687 4688
f 4405 4690 4346
f 4346 4690 4347
f 4691 4399 4693
f 4693 4399 4692
f 1209 4694 4365
f 4365 4694 4366
f 4650 1211 4651
f 4651 1211 1210
f 4695 4696 4255
f 4255 4696 4256
f 4697 4698 4218
f 4218 4698 4215
f 4700 4701 4699
f 4699 4701 4702
f 4703 4704 4303
f 4303 4704 4300
f 4315 3922 4316
f 4316 3922 3945
f 4653 4706 4705
f 4705 4706 4707
f 4709 4710 4708
f 4708 4710 4711
f 4335 4334 4713
f 4713 4334 4712
f 4714 4340 4321
f 4321 4340 4322
f 4716 4717 4715
f 4715 4717 4718
f 4238 4241 4719
f 4719 4241 4720
f 4231 4721 4307
f 4307 4721 4308
f 4723 4724 4722
f 4722 4724 4725
f 4727 4728 4726
f 4726 4728 4729
f 4730 4731 4327
f 4327 4731 4328
f 4733 4734 4732
f 4732 4734 4735
f 4720 4381 4736
f 4736 4381 4737
f 4738 4739 4741
f 4741 4739 4740
f 4743 4744 4742
f 4742 4744 4745
f 4338 4390 4339
f 4339 4390 4431
f 4746 4747 4431
f 4431 4747 4339
f 4291 4332 4289
f 4289 4332 4317
f 4289 4209 4291
f 4291 4209 4286
f 4287 4286 4210
f 4210 4286 4209
f 4749 4750 4748
f 4748 4750 4751
f 4212 4284 4752
f 4752 4284 4753
f 4752 4754 4212
f 4212 4754 4213
f 4252 4251 4225
f 4225 4251 4226
f 4227 4230 4248
f 4248 4230 4249
f 4205 4755 4757
f 4757 4755 4756
f 4708 4711 4758
f 4758 4711 4647
f 4367 4366 4759
f 4759 4366 4760
f 4526 4513 4527
f 4527 4513 4512
f 4420 4423 4385
f 4385 4423 4386
f 4705 4761 4653
f 4653 4761 4650
f 4761 1279 4650
f 4650 1279 1211
f 4762 4763 3944
f 3944 4763 3936
f 4274 4273 4765
f 4765 4273 4764
f 4767 4768 4766
f 4766 4768 4769
f 4770 4771 4769
f 4769 4771 4766
f 4771 4770 4242
f 4242 4770 4243
f 4093 4163 4094
f 4094 4163 4162
f 4772 4773 4775
f 4775 4773 4774
f 4777 4778 4776
f 4776 4778 4779
f 4417 4185 4182
f 4182 4185 4184
f 4780 4078 4781
f 4781 4078 4077
f 4781 4077 4782
f 4782 4077 4189
f 4188 4783 4189
f 4189 4783 4782
f 4295 4232 4307
f 4307 4232 4231
f 4785 4786 4784
f 4784 4786 4787
f 4784 1307 4785
f 4785 1307 1306
f 4078 4780 4096
f 4096 4780 4097
f 4075 4074 4310
f 4310 4074 4788
f 4788 4074 4789
f 4789 4074 4191
f 4789 4191 4059
f 4059 4191 4790
f 4791 4277 4792
f 4792 4277 4278
f 3732 3735 4793
f 4793 3735 4313
f 4793 4794 3732
f 3732 4794 3731
f 4792 4795 4791
f 4791 4795 4796
f 4797 4798 4799
f 4799 4798 4724
f 4763 4800 3936
f 3936 4800 3935
f 4801 4062 3729
f 3729 4062 3730
f 4713 4712 4802
f 4802 4712 4803
f 4146 4804 4119
f 4119 4804 4805
f 4498 4654 4497
f 4497 4654 4520
f 4806 4807 1326
f 1326 4807 1327
f 4689 4688 1330
f 1330 4688 1331
f 4801 4789 4062
f 4062 4789 4059
f 3730 4062 4808
f 4808 4062 4061
f 4810 4811 4809
f 4809 4811 4812
f 4813 4403 4814
f 4814 4403 4345
f 4815 4816 4349
f 4349 4816 4350
f 4817 4818 4820
f 4820 4818 4819
f 4406 4821 4407
f 4407 4821 4822
f 4823 4161 4824
f 4824 4161 4685
f 4181 4414 4825
f 4825 4414 4689
f 4741 4740 4826
f 4826 4740 4827
f 4828 4829 4827
f 4827 4829 4826
f 4142 4141 4415
f 4415 4141 4148
f 4830 1354 4761
f 4761 1354 1279
f 4832 4833 4831
f 4831 4833 4834
f 4835 4836 4626
f 4626 4836 4421
f 4451 4709 4395
f 4395 4709 4708
f 4627 4420 4837
f 4837 4420 4385
f 4837 1365 4838
f 4838 1365 1364
f 4397 4396 4839
f 4839 4396 4840
f 4842 4628 4841
f 4841 4628 4629
f 4671 4674 4631
f 4631 4674 4630
f 4674 4659 4630
f 4630 4659 4632
f 4633 4632 4658
f 4658 4632 4659
f 4658 4504 4633
f 4633 4504 4634
f 4635 4634 4507
f 4507 4634 4504
f 4843 4636 4507
f 4507 4636 4635
f 4844 4637 4843
f 4843 4637 4636
f 4637 4844 4640
f 4640 4844 4664
f 4638 4663 4642
f 4642 4663 4845
f 4847 4643 4846
f 4846 4643 4641
f 4644 4848 4645
f 4645 4848 4849
f 4851 4852 4850
f 4850 4852 4853
f 4855 4856 4854
f 4854 4856 4857
f 4859 4860 4858
f 4858 4860 4857
f 4715 4718 4859
f 4859 4718 4860
f 4862 4863 4861
f 4861 4863 4864
f 4866 4867 4865
f 4865 4867 4868
f 4870 4871 4869
f 4869 4871 4872
f 4869 4872 4116
f 4116 4872 4117
f 4820 4819 4874
f 4874 4819 4873
f 4876 4877 4875
f 4875 4877 4878
f 4880 4881 4879
f 4879 4881 4882
f 4884 4885 4883
f 4883 4885 4886
f 4887 4888 4280
f 4280 4888 4281
f 4818 4817 4889
f 4889 4817 4890
f 4891 4193 4823
f 4823 4193 4192
f 4892 4893 4228
f 4228 4893 4229
f 4158 4157 4894
f 4894 4157 4895
f 4896 4897 4132
f 4132 4897 4133
f 4099 4683 4100
f 4100 4683 4682
f 4101 4100 4899
f 4899 4100 4898
f 4150 4106 4147
f 4147 4106 4900
f 4100 4682 4898
f 4898 4682 4677
f 4080 4082 4187
f 4187 4082 4184
f 4077 4080 4189
f 4189 4080 4187
f 4191 4190 4790
f 4790 4190 4901
f 4177 4158 4680
f 4680 4158 4894
f 4108 4136 4752
f 4752 4136 4754
f 4752 4753 4108
f 4108 4753 4109
f 4817 4902 4890
f 4890 4902 4903
f 4904 4905 4907
f 4907 4905 4906
f 4909 4910 4908
f 4908 4910 4911
f 4913 4914 4912
f 4912 4914 4915
f 4916 4917 4919
f 4919 4917 4918
f 4312 4424 4299
f 4299 4424 4304
f 4920 4921 4297
f 4297 4921 4298
f 4194 4922 4167
f 4167 4922 4923
f 4924 4400 4691
f 4691 4400 4399
f 4395 4708 4396
f 4396 4708 4758
f 4367 4925 4368
f 4368 4925 4926
f 4919 4918 4873
f 4873 4918 4874
f 4836 4927 4421
f 4421 4927 4422
f 4921 4928 4298
f 4298 4928 4311
f 4143 4146 4122
f 4122 4146 4119
f 4929 4930 4455
f 4455 4930 4452
f 4932 4933 4931
f 4931 4933 4934
f 4935 4936 4932
f 4932 4936 4933
f 4461 4460 4457
f 4457 4460 4458
f 4480 4479 4475
f 4475 4479 4476
f 4660 4673 4517
f 4517 4673 4937
f 4661 4505 4658
f 4658 4505 4504
f 4484 4483 4489
f 4489 4483 4486
f 4462 4509 4463
f 4463 4509 4518
f 4469 4511 4466
f 4466 4511 4508
f 4655 4473 4656
f 4656 4473 4477
f 4476 4657 4477
f 4477 4657 4656
f 4479 4513 4476
f 4476 4513 4657
f 4489 4525 4484
f 4484 4525 4526
f 4483 4549 4486
f 4486 4549 4536
f 4549 4548 4536
f 4536 4548 4551
f 4548 4568 4551
f 4551 4568 4670
f 4663 4589 4845
f 4845 4589 4590
f 4668 4577 4938
f 4938 4577 4580
f 4940 4938 4939
f 4939 4938 4941
f 4940 4942 4669
f 4669 4942 4943
f 4587 4582 4944
f 4944 4582 4581
f 4848 4847 4608
f 4608 4847 4564
f 4616 4945 4613
f 4613 4945 4598
f 4615 4946 4616
f 4616 4946 4945
f 4947 4939 4948
f 4948 4939 4946
f 4599 4605 4600
f 4600 4605 4604
f 4608 4607 4848
f 4848 4607 4849
f 4613 4612 4616
f 4616 4612 4617
f 4835 4949 4709
f 4709 4949 4710
f 4357 1477 4837
f 4837 1477 1365
f 4712 4950 4803
f 4803 4950 4951
f 4401 4952 4402
f 4402 4952 4953
f 4759 4760 4402
f 4402 4760 4399
f 4508 4520 4509
f 4509 4520 4654
f 4510 4522 4511
f 4511 4522 4521
f 4513 4526 4657
f 4657 4526 4525
f 4632 4633 4514
f 4514 4633 4529
f 4931 4934 4453
f 4453 4934 4454
f 4153 4954 4154
f 4154 4954 4955
f 4957 4958 4956
f 4956 4958 4959
f 4961 4962 4960
f 4960 4962 4963
f 4120 4964 4210
f 4210 4964 4965
f 4967 4968 4966
f 4966 4968 4969
f 4349 4692 4815
f 4815 4692 4970
f 4652 4971 4653
f 4653 4971 4706
f 4758 4647 4972
f 4972 4647 4646
f 4973 4363 4646
f 4646 4363 4972
f 4950 4360 4974
f 4974 4360 4364
f 4431 4335 4746
f 4746 4335 4713
f 4358 4714 4325
f 4325 4714 4321
f 4765 4764 4266
f 4266 4764 4975
f 4202 4976 4203
f 4203 4976 4977
f 4917 4978 4918
f 4918 4978 4979
f 4279 4282 4854
f 4854 4282 4269
f 4820 4880 4817
f 4817 4880 4902
f 4890 4903 4980
f 4980 4903 4886
f 4982 4983 4981
f 4981 4983 4123
f 4795 4851 4796
f 4796 4851 4850
f 4918 4979 4874
f 4874 4979 4881
f 4809 4404 4810
f 4810 4404 4403
f 4354 4985 4984
f 4984 4985 4986
f 1364 1516 4838
f 4838 1516 4987
f 4759 4988 4367
f 4367 4988 4925
f 4989 4990 4481
f 4481 4990 4478
f 4443 4515 4990
f 4990 4515 4991
f 4527 4512 4992
f 4992 4512 4991
f 4528 4503 4992
f 4992 4503 4993
f 4993 4994 4485
f 4485 4994 4482
f 4544 4995 4502
f 4502 4995 4994
f 4995 4996 4550
f 4550 4996 4547
f 4998 4999 4997
f 4997 4999 4566
f 4998 5000 4578
f 4578 5000 4579
f 5001 5002 4596
f 4596 5002 4597
f 5003 4591 5004
f 5004 4591 4610
f 4626 4421 4627
f 4627 4421 4420
f 4837 4838 4627
f 4627 4838 4624
f 4761 4705 4830
f 4830 4705 5005
f 4705 4707 5005
f 5005 4707 5006
f 4308 4721 4075
f 4075 4721 4076
f 5007 4200 4797
f 4797 4200 4798
f 4685 4686 5008
f 5008 4686 5009
f 4889 4890 5010
f 5010 4890 4980
f 4323 1541 4324
f 4324 1541 1540
f 4385 4384 4358
f 4358 4384 4714
f 4396 4758 4840
f 4840 4758 4972
f 4866 4852 5011
f 5011 4852 5012
f 5013 4260 4980
f 4980 4260 5010
f 4875 4878 5014
f 5014 4878 5015
f 5017 5018 5016
f 5016 5018 5019
f 5016 5019 5020
f 5020 5019 5021
f 5023 5024 5022
f 5022 5024 5025
f 5027 5028 5026
f 5026 5028 5029
f 5031 5032 5030
f 5030 5032 5033
f 5035 5036 5034
f 5034 5036 5037
f 5039 5040 5038
f 5038 5040 5041
f 5043 5044 5042
f 5042 5044 5045
f 5038 5046 5039
f 5039 5046 5047
f 5049 5050 5048
f 5048 5050 5051
f 5053 5054 5052
f 5052 5054 5055
f 5057 5024 5056
f 5056 5024 5058
f 5060 5061 5059
f 5059 5061 5062
f 5064 5065 5063
f 5063 5065 5066
f 5043 5050 5064
f 5064 5050 5065
f 5038 5041 5067
f 5067 5041 5068
f 5070 5071 5069
f 5069 5071 5072
f 5074 5075 5073
f 5073 5075 5076
f 5034 5077 5035
f 5035 5077 5078
f 5080 5081 5079
f 5079 5081 5082
f 5084 5085 5083
f 5083 5085 5086
f 5085 5084 5087
f 5087 5084 5088
f 5090 5091 5089
f 5089 5091 5092
f 5094 5095 5093
f 5093 5095 5096
f 5098 5099 5097
f 5097 5099 5100
f 5102 5103 5101
f 5101 5103 5104
f 5105 5106 5108
f 5108 5106 5107
f 5110 5111 5109
f 5109 5111 5112
f 5114 5094 5113
f 5113 5094 5093
f 5116 5117 5115
f 5115 5117 5118
f 5120 5121 5119
f 5119 5121 5122
f 5124 5125 5123
f 5123 5125 5126
f 5128 5129 5127
f 5127 5129 5130
f 5097 5131 5098
f 5098 5131 5132
f 5134 5135 5133
f 5133 5135 5122
f 5084 5125 5088
f 5088 5125 5136
f 5138 5139 5137
f 5137 5139 5140
f 5142 5102 5141
f 5141 5102 5101
f 5106 5143 5107
f 5107 5143 5144
f 5146 5147 5145
f 5145 5147 5148
f 5149 5150 5109
f 5109 5150 5110
f 5151 5110 5152
f 5152 5110 5150
f 4715 5140 4716
f 4716 5140 5139
f 5143 4870 5144
f 5144 4870 4869
f 4115 5146 4116
f 4116 5146 5145
f 4791 4796 5149
f 5149 4796 5150
f 4796 4850 5150
f 5150 4850 5152
f 4858 5142 4859
f 4859 5142 5141
f 5153 5154 5115
f 5115 5154 5105
f 5156 5157 5155
f 5155 5157 5158
f 5159 5160 5053
f 5053 5160 5054
f 5161 5162 5020
f 5020 5162 5068
f 5026 5029 5163
f 5163 5029 5021
f 5083 5086 5164
f 5164 5086 5165
f 5090 5167 5166
f 5166 5167 5168
f 5169 5170 5172
f 5172 5170 5171
f 5174 5175 5173
f 5173 5175 5176
f 5177 5109 5178
f 5178 5109 5112
f 5179 5180 5182
f 5182 5180 5181
f 5123 5126 5120
f 5120 5126 5121
f 5180 5167 5181
f 5181 5167 5183
f 5184 5185 5179
f 5179 5185 5180
f 5186 5149 5177
f 5177 5149 5109
f 4868 5184 4865
f 4865 5184 5179
f 5188 5189 5187
f 5187 5189 5190
f 4277 4791 5186
f 5186 4791 5149
f 5179 5182 4865
f 4865 5182 4853
f 5189 4862 5190
f 5190 4862 4861
f 5156 5075 5191
f 5191 5075 5192
f 5036 5035 5193
f 5193 5035 5194
f 5115 5118 5153
f 5153 5118 5195
f 5022 5025 5196
f 5196 5025 5197
f 5155 5158 5069
f 5069 5158 5062
f 5063 5066 5198
f 5198 5066 5199
f 5073 5076 5200
f 5200 5076 5072
f 5202 5131 5201
f 5201 5131 5203
f 5143 5106 5204
f 5204 5106 5205
f 5114 5113 5206
f 5206 5113 5127
f 5098 5132 5193
f 5193 5132 5195
f 5204 5207 5143
f 5143 5207 4870
f 5088 5136 5208
f 5208 5136 5092
f 5209 5210 5089
f 5089 5210 5183
f 5211 5018 5060
f 5060 5018 5061
f 5017 5040 5070
f 5070 5040 5071
f 5191 5160 5156
f 5156 5160 5157
f 5048 5028 5049
f 5049 5028 5058
f 5207 5204 4858
f 4858 5204 5142
f 4859 5141 4715
f 4715 5141 5140
f 5212 5162 5042
f 5042 5162 5051
f 5182 5152 4853
f 4853 5152 4850
f 5214 5134 5213
f 5213 5134 5133
f 5164 5165 5133
f 5133 5165 5213
f 5215 5216 5201
f 5201 5216 5217
f 5147 5218 5148
f 5148 5218 5219
f 5147 5177 5218
f 5218 5177 5178
f 5141 5101 5140
f 5140 5101 5137
f 5201 5217 5202
f 5202 5217 5104
f 5146 5186 5147
f 5147 5186 5177
f 4277 5186 4115
f 4115 5186 5146
f 5191 5192 5031
f 5031 5192 5032
f 5052 5055 5220
f 5220 5055 5197
f 4116 5145 4869
f 4869 5145 5144
f 5034 5037 5214
f 5214 5037 5134
f 5097 5100 5114
f 5114 5100 5094
f 5108 5107 5219
f 5219 5107 5148
f 5221 5135 5116
f 5116 5135 5117
f 5124 5111 5209
f 5209 5111 5210
f 5107 5144 5148
f 5148 5144 5145
f 5152 5182 5151
f 5151 5182 5181
f 5208 5222 5088
f 5088 5222 5087
f 5222 5208 5171
f 5171 5208 5172
f 5223 1756 4698
f 4698 1756 1755
f 4427 5224 4107
f 4107 5224 4135
f 4178 4679 5225
f 5225 4679 5226
f 5227 5228 4892
f 4892 5228 4893
f 5229 5230 4171
f 4171 5230 4172
f 4855 4268 4884
f 4884 4268 4885
f 4884 4871 4855
f 4855 4871 4856
f 4684 5231 4896
f 4896 5231 4897
f 4768 4767 5009
f 5009 4767 5008
f 5205 5154 5102
f 5102 5154 5103
f 5099 5098 5194
f 5194 5098 5193
f 5198 5199 5079
f 5079 5199 5033
f 5102 5142 5205
f 5205 5142 5204
f 5224 4427 4681
f 4681 4427 4678
f 3712 3711 5232
f 5232 3711 5233
f 3968 3988 3963
f 3963 3988 3964
f 3976 4044 3972
f 3972 4044 3985
f 4038 4037 4036
f 4036 4037 4033
f 4794 4762 3731
f 3731 4762 3944
f 3731 3944 3722
f 3722 3944 3810
f 3874 5234 5232
f 5232 5234 3712
f 3906 3905 3867
f 3867 3905 4011
f 3904 4023 3905
f 3905 4023 4011
f 3719 3722 3811
f 3811 3722 3810
f 3812 3719 3687
f 3687 3719 3811
f 3716 3812 3686
f 3686 3812 3687
f 3713 3716 3685
f 3685 3716 3686
f 4810 4403 5235
f 5235 4403 4813
f 4345 1770 4814
f 4814 1770 1769
f 4067 4066 4058
f 4058 4066 5236
f 4043 4068 4049
f 4049 4068 4050
f 4034 5237 3989
f 3989 5237 3990
f 4031 4030 4072
f 4072 4030 4005
f 4003 4004 4002
f 4002 4004 4032
f 4004 4005 4032
f 4032 4005 4030
f 4067 4064 4068
f 4068 4064 4050
f 4058 4057 4067
f 4067 4057 4064
f 4035 4034 5238
f 5238 4034 3989
f 5236 5239 4058
f 4058 5239 5240
f 5234 3874 5241
f 5241 3874 3873
f 5241 3873 3881
f 3881 3873 3878
f 4800 4763 4788
f 4788 4763 4310
f 4763 4762 4310
f 4310 4762 4309
f 4762 4794 4309
f 4309 4794 4306
f 4794 4793 4306
f 4306 4793 4292
f 4293 4313 4302
f 4302 4313 4314
f 4302 4314 4303
f 4303 4314 4315
f 4303 4315 4703
f 4703 4315 4316
f 4035 4069 4043
f 4043 4069 4068
f 4324 1540 4357
f 4357 1540 1477
f 5232 3987 3874
f 3874 3987 3871
f 3987 5232 4013
f 4013 5232 5233
f 4013 5233 4014
f 4014 5233 5242
f 3888 4015 3865
f 3865 4015 4007
f 3866 4008 5243
f 5243 4008 4016
f 3873 5244 3878
f 3878 5244 3875
f 3965 5244 3872
f 3872 5244 3873
f 3876 3875 3965
f 3965 3875 5244
f 5243 4016 5242
f 5242 4016 4014
f 5246 5247 5245
f 5245 5247 5248
f 3576 3950 3577
f 3577 3950 3926
f 3584 3842 3585
f 3585 3842 3580
f 5249 5247 1784
f 1784 5247 1785
f 5250 5251 5253
f 5253 5251 5252
f 5255 5252 5254
f 5254 5252 5256
f 5254 5256 5258
f 5258 5256 5257
f 5258 5257 5260
f 5260 5257 5259
f 4356 5261 4424
f 4424 5261 5259
f 4355 5262 4356
f 4356 5262 5261
f 4924 5264 5263
f 5263 5264 5265
f 4693 5266 4691
f 4691 5266 5267
f 4351 5268 4352
f 4352 5268 5269
f 1808 1807 4351
f 4351 1807 5268
f 3580 3842 3581
f 3799 3802 3838
f 4800 4788 4801
f 4801 4788 4789
f 3729 3935 4801
f 4801 3935 4800
f 3728 3666 3729
f 3729 3666 3935
f 3728 3798 3666
f 3666 3798 3663
f 3798 3818 3663
f 3663 3818 3809
f 3818 3817 3809
f 3809 3817 3808
f 3796 3655 3817
f 3817 3655 3808
f 3615 3568 3796
f 3796 3568 3655
f 3573 3569 3615
f 3615 3569 3568
f 3572 3613 3573
f 3573 3613 3569
f 3792 3606 3572
f 3572 3606 3613
f 3607 3791 3949
f 3949 3791 3591
f 3590 3950 3591
f 3591 3950 3949
f 3805 3926 3590
f 3590 3926 3950
f 3804 3559 3805
f 3805 3559 3926
f 3804 3914 3559
f 3559 3914 3560
f 3924 3789 3913
f 3913 3789 3788
f 3924 3928 3789
f 3789 3928 3826
f 3928 3927 3826
f 3826 3927 3827
f 3927 3834 3827
f 3827 3834 3835
f 4079 4078 5270
f 5270 4078 5007
f 5271 5272 4233
f 4233 5272 5273
f 5275 5276 5274
f 5274 5276 5277
f 5278 5279 4236
f 4236 5279 4237
f 5278 5280 5271
f 5271 5280 5272
f 4235 5281 4236
f 4236 5281 5282
f 5284 5285 5283
f 5283 5285 5286
f 5288 5289 5287
f 5287 5289 5290
f 5292 5293 5291
f 5291 5293 5294
f 5287 5290 4726
f 4726 5290 5295
f 4293 4292 4313
f 4313 4292 4793
f 4720 4736 4719
f 4719 4736 5296
f 5297 4909 5298
f 5298 4909 4908
f 5299 5300 4976
f 4976 5300 5301
f 5302 4202 5303
f 5303 4202 4201
f 5304 5305 4983
f 4983 5305 5306
f 5308 5309 5307
f 5307 5309 5310
f 4722 4725 5283
f 5283 4725 5311
f 5291 5294 4125
f 4125 5294 4126
f 5313 5314 5312
f 5312 5314 5315
f 5316 5317 5319
f 5319 5317 5318
f 5321 5308 5320
f 5320 5308 5307
f 4819 4981 4873
f 4873 4981 5322
f 4981 4123 5322
f 5322 4123 4126
f 5324 5325 5323
f 5323 5325 5326
f 4764 5327 4975
f 4975 5327 5328
f 4172 5327 4169
f 4169 5327 5329
f 4768 4171 4769
f 4769 4171 4170
f 4243 4755 4244
f 4244 4755 5330
f 4755 4205 5330
f 5330 4205 4208
f 4206 4906 4207
f 4207 4906 4905
f 4686 5014 5009
f 5009 5014 5229
f 4756 4770 4170
f 4170 4770 4769
f 4170 4169 4756
f 4756 4169 4757
f 4273 5329 4764
f 4764 5329 5327
f 4276 5331 4273
f 4273 5331 5329
f 4770 4756 4243
f 4243 4756 4755
f 5333 4889 5332
f 5332 4889 5010
f 4877 5332 4878
f 4878 5332 4259
f 4875 4164 4876
f 4876 4164 4163
f 5334 5335 5324
f 5324 5335 5325
f 4983 5306 4123
f 4123 5306 4124
f 4818 4982 4819
f 4819 4982 4981
f 5332 5010 4259
f 4259 5010 4260
f 5014 4686 4875
f 4875 4686 4164
f 4171 4768 5229
f 5229 4768 5009
f 5337 4916 5336
f 5336 4916 4919
f 5293 5337 5294
f 5294 5337 5336
f 4982 4818 5333
f 5333 4818 4889
f 5338 5339 4262
f 4262 5339 5340
f 5307 5310 5338
f 5338 5310 5339
f 5341 5342 4204
f 4204 5342 5309
f 5336 4919 5322
f 5322 4919 4873
f 5294 5336 4126
f 4126 5336 5322
f 5323 5326 5343
f 5343 5326 5286
f 4914 5344 4915
f 4915 5344 5345
f 5312 5315 5344
f 5344 5315 5345
f 5347 5348 5346
f 5346 5348 5349
f 5350 5351 4832
f 4832 5351 4833
f 5352 5353 5349
f 5349 5353 5346
f 5354 5338 4265
f 4265 5338 4262
f 5320 5307 5354
f 5354 5307 5338
f 4201 5308 5303
f 5303 5308 5321
f 5356 5357 5355
f 5355 5357 4799
f 5358 5359 5334
f 5334 5359 5335
f 5358 5360 4093
f 4093 5360 4163
f 5360 5305 4163
f 4163 5305 4876
f 5305 5304 4876
f 4876 5304 4877
f 5270 4778 4079
f 4079 4778 4081
f 4779 5361 4774
f 4774 5361 5357
f 5356 5359 4775
f 4775 5359 4092
f 5333 5304 4982
f 4982 5304 4983
f 5332 4877 5333
f 5333 4877 5304
f 5015 4258 5230
f 5230 4258 5328
f 5327 4172 5328
f 5328 4172 5230
f 4169 5329 4757
f 4757 5329 5331
f 4757 5331 4205
f 4205 5331 4206
f 5331 4276 4206
f 4206 4276 4906
f 4276 4275 4906
f 4906 4275 4907
f 4275 4888 4907
f 4907 4888 4744
f 4887 4717 4745
f 4745 4717 4864
f 4716 5139 4861
f 4861 5139 5190
f 5139 5138 5190
f 5190 5138 5187
f 5138 5216 5187
f 5187 5216 5176
f 5215 5362 5173
f 5173 5362 5130
f 5364 5365 5363
f 5363 5365 5340
f 4742 4863 5366
f 5366 4863 4867
f 4862 5189 4868
f 4868 5189 5184
f 5189 5188 5184
f 5184 5188 5185
f 5188 5175 5185
f 5185 5175 5168
f 3560 3788 3561
f 3561 3788 3790
f 3596 3595 3608
f 3608 3595 3594
f 3598 3582 3595
f 3595 3582 3592
f 3600 3609 3601
f 3601 3609 3611
f 3602 3601 3612
f 3612 3601 3611
f 3606 3605 3613
f 3613 3605 3614
f 3793 5367 3794
f 3794 5367 5368
f 3598 3597 3600
f 3600 3597 3609
f 3793 3792 3575
f 3575 3792 3572
f 3561 3594 3558
f 3558 3594 3593
f 3807 3915 3804
f 3804 3915 3914
f 3916 3915 5370
f 5370 3915 5369
f 3602 3605 3603
f 3603 3605 3604
f 3606 3792 3607
f 3607 3792 3791
f 3914 3913 3560
f 3560 3913 3788
f 5174 5129 5166
f 5166 5129 5371
f 5170 5169 5093
f 5093 5169 5113
f 5166 5371 5090
f 5090 5371 5091
f 5128 5169 5372
f 5372 5169 5172
f 5127 5113 5128
f 5128 5113 5169
f 5114 5206 5203
f 5203 5206 5362
f 5200 5373 5073
f 5073 5373 5096
f 5374 5375 5200
f 5200 5375 5373
f 5039 5047 5374
f 5374 5047 5375
f 5087 5046 5085
f 5085 5046 5376
f 5212 5377 5067
f 5067 5377 5376
f 5042 5045 5212
f 5212 5045 5377
f 5064 5378 5043
f 5043 5378 5044
f 5063 5077 5064
f 5064 5077 5378
f 5079 5082 5198
f 5198 5082 5078
f 5099 5081 5100
f 5100 5081 5379
f 5100 5379 5094
f 5094 5379 5095
f 5381 5382 5380
f 5380 5382 5383
f 5385 5386 5384
f 5384 5386 5383
f 5385 5387 5386
f 5386 5387 5388
f 5390 5391 5389
f 5389 5391 5392
f 5393 5394 5396
f 5396 5394 5395
f 5398 5399 5397
f 5397 5399 5400
f 5402 5403 5401
f 5401 5403 5404
f 5406 5407 5405
f 5405 5407 5404
f 5408 5409 5163
f 5163 5409 5410
f 5411 5412 5414
f 5414 5412 5413
f 5057 5416 5415
f 5415 5416 5417
f 5393 5416 5418
f 5418 5416 5419
f 5396 5395 5420
f 5420 5395 5421
f 5423 5424 5422
f 5422 5424 5425
f 5415 5417 5220
f 5220 5417 5426
f 5418 5391 5393
f 5393 5391 5394
f 5414 5388 5411
f 5411 5388 5392
f 5059 5427 5060
f 5060 5427 5428
f 5423 5427 5429
f 5429 5427 5430
f 5432 5382 5431
f 5431 5382 5425
f 5429 5407 5423
f 5423 5407 5424
f 5380 5409 5381
f 5381 5409 5433
f 5381 5433 5422
f 5422 5433 5428
f 5027 5412 5056
f 5056 5412 5419
f 5435 5436 5434
f 5434 5436 5437
f 5159 5439 5438
f 5438 5439 5440
f 5053 5436 5159
f 5159 5436 5439
f 5441 5403 5398
f 5398 5403 5399
f 5163 5410 5026
f 5026 5410 5413
f 5438 5440 5442
f 5442 5440 5430
f 5444 5445 5443
f 5443 5445 5446
f 5447 5448 5450
f 5450 5448 5449
f 5451 5446 5452
f 5452 5446 5445
f 5454 5455 5453
f 5453 5455 5451
f 5456 5454 5458
f 5458 5454 5457
f 5460 5461 5459
f 5459 5461 5462
f 5464 5465 5463
f 5463 5465 5466
f 5468 5469 5467
f 5467 5469 5470
f 5472 5473 5471
f 5471 5473 5474
f 5475 5476 5478
f 5478 5476 5477
f 5479 5480 5482
f 5482 5480 5481
f 5483 5484 5448
f 5448 5484 5485
f 5448 5485 5449
f 5449 5485 5486
f 5487 5476 5488
f 5488 5476 5475
f 5490 5491 5489
f 5489 5491 5492
f 5494 5495 5493
f 5493 5495 5496
f 5498 5494 5497
f 5497 5494 5493
f 5500 5501 5499
f 5499 5501 5502
f 5503 5504 5446
f 5446 5504 5443
f 5506 5507 5505
f 5505 5507 5508
f 5510 5511 5509
f 5509 5511 5512
f 5514 5515 5513
f 5513 5515 5516
f 5518 5519 5517
f 5517 5519 5520
f 5495 5521 5496
f 5496 5521 5522
f 5524 5525 5523
f 5523 5525 5526
f 5527 5528 5494
f 5494 5528 5495
f 5499 5502 5529
f 5529 5502 5530
f 5531 5532 5485
f 5485 5532 5486
f 5485 5484 5531
f 5531 5484 5533
f 5482 5481 5534
f 5534 5481 5535
f 5536 5512 5506
f 5506 5512 5511
f 5455 5503 5451
f 5451 5503 5446
f 5467 5470 5511
f 5511 5470 5537
f 5538 5467 5510
f 5510 5467 5511
f 5540 5541 5539
f 5539 5541 5542
f 5543 5544 5546
f 5546 5544 5545
f 5548 5472 5547
f 5547 5472 5471
f 5493 5496 5549
f 5549 5496 5550
f 5496 5522 5550
f 5550 5522 5551
f 5553 5554 5552
f 5552 5554 5555
f 5557 5447 5556
f 5556 5447 5558
f 5557 5483 5447
f 5447 5483 5448
f 5478 5477 5553
f 5553 5477 5559
f 5477 5560 5559
f 5559 5560 5561
f 5476 5562 5477
f 5477 5562 5560
f 5476 5487 5562
f 5562 5487 5563
f 5560 5564 5561
f 5561 5564 5565
f 5564 5560 5566
f 5566 5560 5562
f 5563 5567 5562
f 5562 5567 5566
f 5569 5521 5568
f 5568 5521 5570
f 5481 5572 5571
f 5571 5572 5573
f 5574 5535 5571
f 5571 5535 5481
f 5576 5577 5575
f 5575 5577 5578
f 5579 5580 5456
f 5456 5580 5581
f 5475 5582 5488
f 5488 5582 5583
f 5584 5536 5505
f 5505 5536 5506
f 5585 5586 5588
f 5588 5586 5587
f 5590 5591 5589
f 5589 5591 5592
f 5519 5593 5520
f 5520 5593 5594
f 5595 5596 5462
f 5462 5596 5597
f 5599 5600 5598
f 5598 5600 5514
f 5602 5603 5601
f 5601 5603 5604
f 5524 5543 5525
f 5525 5543 5546
f 5543 5524 5606
f 5606 5524 5605
f 5607 5608 5500
f 5500 5608 5501
f 5610 5551 5609
f 5609 5551 5522
f 5611 5510 5598
f 5598 5510 5509
f 5612 5597 5457
f 5457 5597 5458
f 5510 5611 5538
f 5538 5611 5613
f 5580 5508 5581
f 5581 5508 5507
f 5615 5616 5614
f 5614 5616 5617
f 5619 5620 5618
f 5618 5620 5621
f 5623 5624 5622
f 5622 5624 5625
f 5627 5624 5626
f 5626 5624 5623
f 5629 5630 5628
f 5628 5630 5631
f 5633 5634 5632
f 5632 5634 5466
f 5635 5636 5463
f 5463 5636 5637
f 5523 5638 5524
f 5524 5638 5605
f 5639 5640 5641
f 5641 5640 5595
f 5611 5513 5613
f 5613 5513 5642
f 5643 5586 5608
f 5608 5586 5501
f 5622 5625 5590
f 5590 5625 5591
f 5598 5514 5611
f 5611 5514 5513
f 5645 5646 5644
f 5644 5646 5647
f 5620 5619 5491
f 5491 5619 5648
f 5649 5643 5492
f 5492 5643 5608
f 5650 5651 5653
f 5653 5651 5652
f 5463 5466 5635
f 5635 5466 5634
f 5597 5612 5462
f 5462 5612 5459
f 5635 5634 5523
f 5523 5634 5638
f 5654 5638 5633
f 5633 5638 5634
f 5655 5656 5525
f 5525 5656 5526
f 5658 5659 5657
f 5657 5659 5527
f 5660 5464 5637
f 5637 5464 5463
f 5632 5466 5661
f 5661 5466 5465
f 5661 5662 5632
f 5632 5662 5658
f 5662 5663 5658
f 5658 5663 5659
f 5665 5659 5664
f 5664 5659 5663
f 5632 5658 5633
f 5633 5658 5657
f 5666 5629 5530
f 5530 5629 5667
f 5528 5527 5665
f 5665 5527 5659
f 5668 5669 5570
f 5570 5669 5568
f 5669 5668 5670
f 5670 5668 5671
f 5646 5672 5673
f 5672 5674 5673
f 5673 5674 5675
f 5674 5460 5675
f 5675 5460 5459
f 5461 5676 5462
f 5462 5676 5595
f 5677 5678 5680
f 5680 5678 5679
f 5628 5681 5629
f 5629 5681 5667
f 5682 5529 5667
f 5667 5529 5530
f 5675 5459 5683
f 5683 5459 5612
f 5585 5666 5502
f 5502 5666 5530
f 5589 5684 5602
f 5602 5684 5603
f 5646 5645 5663
f 5663 5645 5664
f 5685 5647 5673
f 5673 5647 5646
f 5686 5687 5683
f 5683 5687 5685
f 5688 5689 5533
f 5533 5689 5531
f 5690 5691 5535
f 5535 5691 5534
f 5692 5690 5574
f 5574 5690 5535
f 5685 5687 5689
f 5689 5687 5693
f 5489 5694 5490
f 5490 5694 5695
f 5690 5692 5696
f 5696 5692 5697
f 5696 5644 5690
f 5690 5644 5691
f 5447 5450 5558
f 5558 5450 5698
f 5699 5700 5642
f 5642 5700 5613
f 5701 5702 5540
f 5540 5702 5541
f 5431 5703 5432
f 5432 5703 5697
f 5385 5384 5574
f 5574 5384 5692
f 5389 5387 5573
f 5573 5387 5571
f 5565 5390 5573
f 5573 5390 5389
f 5390 5565 5704
f 5704 5565 5564
f 5566 5705 5564
f 5564 5705 5704
f 5569 5441 5609
f 5609 5441 5398
f 5568 5405 5569
f 5569 5405 5441
f 5670 5706 5669
f 5669 5706 5406
f 5703 5431 5670
f 5670 5431 5706
f 5432 5697 5384
f 5384 5697 5692
f 5574 5571 5385
f 5385 5571 5387
f 5607 5707 5489
f 5489 5707 5694
f 5518 5708 5519
f 5519 5708 5709
f 5711 5576 5710
f 5710 5576 5575
f 5713 5714 5712
f 5712 5714 5715
f 5553 5552 5478
f 5478 5552 5716
f 5717 5475 5716
f 5716 5475 5478
f 5718 5719 5605
f 5605 5719 5606
f 5505 5622 5584
f 5584 5622 5590
f 5508 5623 5505
f 5505 5623 5622
f 5626 5623 5580
f 5580 5623 5508
f 5580 5579 5626
f 5626 5579 5720
f 5579 5721 5720
f 5720 5721 5722
f 5666 5585 5723
f 5723 5585 5588
f 5724 5725 5639
f 5639 5725 5640
f 5554 5726 5555
f 5555 5726 5727
f 5453 5728 5729
f 5689 5688 5685
f 5685 5688 5647
f 5604 5730 5512
f 5512 5730 5509
f 5628 5631 5618
f 5618 5631 5592
f 5601 5604 5536
f 5536 5604 5512
f 5732 5676 5731
f 5731 5676 5660
f 5730 5604 5733
f 5733 5604 5603
f 5563 5487 5551
f 5551 5487 5550
f 5489 5492 5607
f 5607 5492 5608
f 5573 5572 5565
f 5565 5572 5561
f 5609 5522 5569
f 5569 5522 5521
f 5499 5734 5500
f 5500 5734 5735
f 5596 5736 5721
f 5721 5736 5722
f 5737 5600 5594
f 5594 5600 5520
f 5599 5730 5517
f 5517 5730 5733
f 5660 5738 5731
f 5731 5738 5739
f 5648 5649 5491
f 5491 5649 5492
f 5501 5586 5502
f 5502 5586 5585
f 5525 5546 5655
f 5655 5546 5740
f 5600 5599 5520
f 5520 5599 5517
f 5708 5739 5709
f 5709 5739 5738
f 5636 5635 5526
f 5526 5635 5523
f 5670 5671 5703
f 5703 5671 5741
f 5490 5695 5742
f 5742 5695 5743
f 5682 5678 5744
f 5744 5678 5677
f 5678 5681 5679
f 5679 5681 5621
f 5742 5743 5679
f 5679 5743 5680
f 5618 5621 5628
f 5628 5621 5681
f 5725 5724 5589
f 5589 5724 5684
f 5456 5458 5579
f 5579 5458 5721
f 5675 5683 5673
f 5673 5683 5685
f 5529 5682 5745
f 5745 5682 5744
f 5721 5458 5596
f 5596 5458 5597
f 5701 5540 5719
f 5719 5540 5606
f 5703 5741 5697
f 5697 5741 5696
f 5500 5735 5607
f 5607 5735 5707
f 5549 5746 5493
f 5493 5746 5497
f 5700 5747 5613
f 5613 5747 5538
f 5420 5421 5434
f 5434 5421 5400
f 5689 5693 5531
f 5531 5693 5532
f 5705 5566 5748
f 5748 5566 5567
f 5609 5398 5610
f 5610 5398 5397
f 5669 5406 5568
f 5568 5406 5405
f 5488 5583 5549
f 5549 5583 5746
f 5714 5713 5710
f 5710 5713 5711
f 5747 5468 5538
f 5538 5468 5467
f 5548 5547 5749
f 5749 5547 5750
f 5733 5603 5751
f 5751 5603 5684
f 5589 5602 5590
f 5590 5602 5584
f 5636 5752 5614
f 5614 5752 5615
f 5753 5754 5738
f 5738 5754 5755
f 5602 5601 5584
f 5584 5601 5536
f 5723 5736 5630
f 5630 5736 5640
f 5595 5640 5596
f 5596 5640 5736
f 5734 5499 5745
f 5745 5499 5529
f 5627 5587 5643
f 5643 5587 5586
f 5553 5559 5554
f 5554 5559 5480
f 5559 5561 5480
f 5480 5561 5572
f 5554 5480 5726
f 5726 5480 5479
f 5749 5750 5715
f 5715 5750 5712
f 5683 5612 5686
f 5686 5612 5457
f 5678 5682 5681
f 5681 5682 5667
f 5598 5509 5599
f 5599 5509 5730
f 5679 5621 5742
f 5742 5621 5620
f 5652 5616 5653
f 5653 5616 5615
f 5220 5426 5052
f 5052 5426 5437
f 5487 5488 5550
f 5550 5488 5549
f 5742 5620 5490
f 5490 5620 5491
f 5551 5610 5563
f 5563 5610 5567
f 5610 5397 5567
f 5567 5397 5748
f 5614 5617 5753
f 5753 5617 5754
f 5480 5572 5481
f 5755 5756 5738
f 5738 5756 5709
f 5745 5744 5758
f 5758 5744 5757
f 5745 5758 5734
f 5734 5758 5759
f 5735 5734 5760
f 5760 5734 5759
f 5707 5735 5761
f 5761 5735 5760
f 5744 5677 5757
f 5757 5677 5762
f 5677 5680 5762
f 5762 5680 5763
f 5763 5680 5764
f 5764 5680 5743
f 5765 5766 5762
f 5762 5766 5757
f 5768 5769 5767
f 5767 5769 5770
f 5771 5772 5770
f 5770 5772 5767
f 5770 5769 5774
f 5774 5769 5773
f 5775 5776 5774
f 5774 5776 5777
f 5773 5778 5774
f 5774 5778 5775
f 5779 5766 5773
f 5773 5766 5778
f 5777 5771 5774
f 5774 5771 5770
f 5780 5781 5783
f 5783 5781 5782
f 5781 5780 5771
f 5771 5780 5772
f 5773 5769 5779
f 5779 5769 5768
f 5768 5759 5779
f 5779 5759 5758
f 5768 5784 5759
f 5759 5784 5760
f 5767 5785 5768
f 5768 5785 5784
f 5785 5767 5786
f 5786 5767 5772
f 5766 5779 5757
f 5757 5779 5758
f 5780 5787 5772
f 5772 5787 5786
f 5785 5786 5788
f 5788 5786 5789
f 5786 5787 5789
f 5789 5787 5790
f 5788 5789 5791
f 5791 5789 5792
f 5791 5793 5788
f 5788 5793 5794
f 5795 5792 5790
f 5790 5792 5789
f 5785 5788 5784
f 5784 5788 5794
f 5784 5794 5760
f 5760 5794 5761
f 5787 5780 5796
f 5796 5780 5783
f 5775 5778 5797
f 5797 5778 5766
f 5797 5798 5775
f 5775 5798 5776
f 5766 5765 5797
f 5797 5765 5799
f 5798 5797 5800
f 5800 5797 5799
f 5798 5801 5776
f 5776 5801 5802
f 5707 5761 5694
f 5694 5761 5803
f 5695 5804 5743
f 5743 5804 5764
f 5804 5695 5803
f 5803 5695 5694
f 5803 5793 5804
f 5804 5793 5805
f 5793 5791 5805
f 5805 5791 5806
f 5804 5805 5764
f 5764 5805 5807
f 5803 5761 5793
f 5793 5761 5794
f 5808 5763 5807
f 5807 5763 5764
f 5808 5765 5763
f 5763 5765 5762
f 5809 5799 5808
f 5808 5799 5765
f 5809 5808 5810
f 5810 5808 5807
f 5811 5809 5812
f 5812 5809 5810
f 5805 5806 5807
f 5807 5806 5810
f 5806 5813 5810
f 5810 5813 5812
f 5799 5809 5800
f 5800 5809 5811
f 5815 5800 5814
f 5814 5800 5811
f 5814 5817 5816
f 5816 5817 5818
f 5814 5811 5817
f 5817 5811 5812
f 5814 5816 5815
f 5815 5816 5796
f 5815 5796 5801
f 5801 5796 5783
f 5801 5798 5815
f 5815 5798 5800
f 5791 5792 5806
f 5806 5792 5813
f 5818 5813 5795
f 5795 5813 5792
f 5818 5817 5813
f 5813 5817 5812
f 5816 5818 5790
f 5790 5818 5795
f 5790 5787 5816
f 5816 5787 5796
f 5771 5777 5781
f 5781 5777 5782
f 5782 5802 5783
f 5783 5802 5801
f 5782 5777 5802
f 5802 5777 5776
f 5588 5587 5722
f 5722 5587 5720
f 5591 5619 5592
f 5592 5619 5618
f 5625 5624 5648
f 5648 5624 5649
f 5624 5627 5649
f 5649 5627 5643
f 5631 5630 5725
f 5725 5630 5640
f 5625 5648 5591
f 5591 5648 5619
f 5588 5722 5723
f 5723 5722 5736
f 5631 5725 5592
f 5592 5725 5589
f 5723 5630 5666
f 5666 5630 5629
f 5587 5627 5720
f 5720 5627 5626
f 5820 5821 5819
f 5819 5821 5822
f 5824 5825 5823
f 5823 5825 5826
f 5823 5826 5827
f 5827 5826 5828
f 5829 5830 5832
f 5832 5830 5831
f 5518 5833 5708
f 5708 5833 5834
f 5835 5836 5824
f 5824 5836 5825
f 5838 5839 5837
f 5837 5839 5840
f 5751 5684 5842
f 5842 5684 5841
f 5843 5841 5724
f 5724 5841 5684
f 5845 5846 5844
f 5844 5846 5847
f 5848 5830 5836
f 5836 5830 5825
f 5518 5751 5833
f 5833 5751 5842
f 5839 5838 5821
f 5821 5838 5849
f 5850 5848 5822
f 5822 5848 5836
f 5851 5845 5828
f 5828 5845 5852
f 5854 5855 5853
f 5853 5855 5856
f 5845 5844 5852
f 5852 5844 5857
f 5858 5827 5852
f 5852 5827 5828
f 5851 5828 5829
f 5829 5828 5826
f 5819 5859 5820
f 5820 5859 5860
f 5835 5861 5819
f 5819 5861 5859
f 5851 5829 5862
f 5862 5829 5832
f 5844 5847 5837
f 5837 5847 5834
f 5819 5822 5835
f 5835 5822 5836
f 5823 5863 5824
f 5824 5863 5864
f 5849 5850 5821
f 5821 5850 5822
f 5825 5830 5826
f 5826 5830 5829
f 5820 5860 5865
f 5865 5860 5866
f 5858 5854 5867
f 5867 5854 5853
f 5854 5857 5855
f 5855 5857 5840
f 5855 5865 5856
f 5856 5865 5866
f 5837 5840 5844
f 5844 5840 5857
f 5827 5858 5868
f 5868 5858 5867
f 5824 5864 5835
f 5835 5864 5861
f 5732 5731 5862
f 5862 5731 5846
f 5863 5823 5868
f 5868 5823 5827
f 5843 5831 5848
f 5848 5831 5830
f 5854 5858 5857
f 5857 5858 5852
f 5855 5840 5865
f 5865 5840 5839
f 5865 5839 5820
f 5820 5839 5821
f 5868 5867 5870
f 5870 5867 5869
f 5868 5870 5863
f 5863 5870 5871
f 5863 5871 5864
f 5864 5871 5872
f 5864 5872 5861
f 5861 5872 5873
f 5867 5853 5869
f 5869 5853 5874
f 5853 5856 5874
f 5874 5856 5875
f 5856 5866 5875
f 5875 5866 5876
f 5877 5878 5874
f 5874 5878 5869
f 5880 5881 5879
f 5879 5881 5882
f 5883 5884 5880
f 5880 5884 5881
f 5881 5884 5886
f 5886 5884 5885
f 5887 5888 5886
f 5886 5888 5889
f 5885 5890 5886
f 5886 5890 5887
f 5889 5882 5886
f 5886 5882 5881
f 5882 5891 5879
f 5879 5891 5892
f 5885 5884 5893
f 5893 5884 5883
f 5883 5871 5893
f 5893 5871 5870
f 5883 5894 5871
f 5871 5894 5872
f 5880 5895 5883
f 5883 5895 5894
f 5896 5895 5879
f 5879 5895 5880
f 5893 5878 5885
f 5885 5878 5890
f 5878 5893 5869
f 5869 5893 5870
f 5897 5896 5892
f 5892 5896 5879
f 5895 5896 5898
f 5898 5896 5899
f 5896 5897 5899
f 5899 5897 5900
f 5898 5899 5901
f 5901 5899 5902
f 5901 5903 5898
f 5898 5903 5904
f 5900 5905 5899
f 5899 5905 5902
f 5898 5904 5895
f 5895 5904 5894
f 5894 5904 5872
f 5872 5904 5873
f 5897 5892 5907
f 5907 5892 5906
f 5892 5891 5906
f 5906 5891 5908
f 5887 5890 5909
f 5909 5890 5878
f 5888 5887 5910
f 5910 5887 5909
f 5878 5877 5909
f 5909 5877 5911
f 5909 5911 5910
f 5910 5911 5912
f 5913 5914 5910
f 5910 5914 5888
f 5908 5914 5906
f 5906 5914 5913
f 5861 5873 5859
f 5859 5873 5915
f 5860 5916 5866
f 5866 5916 5876
f 5916 5860 5915
f 5915 5860 5859
f 5915 5903 5916
f 5916 5903 5917
f 5903 5901 5917
f 5917 5901 5918
f 5916 5917 5876
f 5876 5917 5919
f 5903 5915 5904
f 5904 5915 5873
f 5920 5875 5919
f 5919 5875 5876
f 5920 5877 5875
f 5875 5877 5874
f 5920 5921 5877
f 5877 5921 5911
f 5921 5920 5922
f 5922 5920 5919
f 5923 5921 5924
f 5924 5921 5922
f 5917 5918 5919
f 5919 5918 5922
f 5918 5925 5922
f 5922 5925 5924
f 5921 5923 5911
f 5911 5923 5912
f 5927 5912 5926
f 5926 5912 5923
f 5926 5929 5928
f 5928 5929 5930
f 5926 5923 5929
f 5929 5923 5924
f 5926 5928 5927
f 5927 5928 5907
f 5927 5907 5913
f 5913 5907 5906
f 5913 5910 5927
f 5927 5910 5912
f 5901 5902 5918
f 5918 5902 5925
f 5930 5925 5905
f 5905 5925 5902
f 5930 5929 5925
f 5925 5929 5924
f 5928 5930 5900
f 5900 5930 5905
f 5900 5897 5928
f 5928 5897 5907
f 5882 5889 5891
f 5891 5889 5908
f 5908 5889 5914
f 5914 5889 5888
f 5832 5831 5641
f 5641 5831 5639
f 5833 5838 5834
f 5834 5838 5837
f 5842 5841 5849
f 5849 5841 5850
f 5841 5843 5850
f 5850 5843 5848
f 5847 5846 5739
f 5739 5846 5731
f 5842 5849 5833
f 5833 5849 5838
f 5862 5832 5732
f 5732 5832 5641
f 5847 5739 5834
f 5834 5739 5708
f 5862 5846 5851
f 5851 5846 5845
f 5831 5843 5639
f 5639 5843 5724
f 5676 5732 5595
f 5595 5732 5641
f 5676 5461 5660
f 5660 5461 5464
f 5461 5460 5464
f 5464 5460 5465
f 5460 5674 5465
f 5465 5674 5661
f 5931 5932 5934
f 5934 5932 5933
f 5936 5937 5935
f 5935 5937 5938
f 5935 5938 5939
f 5939 5938 5940
f 5942 5943 5941
f 5941 5943 5944
f 5945 5946 5936
f 5936 5946 5937
f 5948 5949 5947
f 5947 5949 5950
f 5951 5952 5519
f 5519 5952 5593
f 5953 5951 5709
f 5709 5951 5519
f 5955 5956 5954
f 5954 5956 5957
f 5958 5942 5946
f 5946 5942 5937
f 5948 5959 5949
f 5949 5959 5933
f 5960 5958 5934
f 5934 5958 5946
f 5961 5955 5940
f 5940 5955 5962
f 5963 5964 5966
f 5966 5964 5965
f 5955 5954 5962
f 5962 5954 5967
f 5968 5939 5962
f 5962 5939 5940
f 5961 5940 5941
f 5941 5940 5938
f 5931 5969 5932
f 5932 5969 5970
f 5945 5971 5931
f 5931 5971 5969
f 5941 5944 5961
f 5961 5944 5972
f 5954 5957 5947
f 5947 5957 5973
f 5945 5931 5946
f 5946 5931 5934
f 5935 5974 5936
f 5936 5974 5975
f 5959 5960 5933
f 5933 5960 5934
f 5937 5942 5938
f 5938 5942 5941
f 5932 5970 5976
f 5976 5970 5977
f 5968 5964 5978
f 5978 5964 5963
f 5965 5964 5950
f 5950 5964 5967
f 5976 5977 5965
f 5965 5977 5966
f 5947 5950 5954
f 5954 5950 5967
f 5939 5968 5979
f 5979 5968 5978
f 5936 5975 5945
f 5945 5975 5971
f 5972 5754 5956
f 5956 5754 5617
f 5974 5935 5979
f 5979 5935 5939
f 5953 5943 5958
f 5958 5943 5942
f 5964 5968 5967
f 5967 5968 5962
f 5965 5950 5976
f 5976 5950 5949
f 5976 5949 5932
f 5932 5949 5933
f 5979 5978 5981
f 5981 5978 5980
f 5979 5981 5974
f 5974 5981 5982
f 5974 5982 5975
f 5975 5982 5983
f 5975 5983 5971
f 5971 5983 5984
f 5978 5963 5980
f 5980 5963 5985
f 5963 5966 5985
f 5985 5966 5986
f 5986 5966 5987
f 5987 5966 5977
f 5988 5989 5985
f 5985 5989 5980
f 5991 5992 5990
f 5990 5992 5993
f 5994 5995 5991
f 5991 5995 5992
f 5992 5995 5997
f 5997 5995 5996
f 5998 5999 5997
f 5997 5999 6000
f 5996 6001 5997
f 5997 6001 5998
f 6000 5993 5997
f 5997 5993 5992
f 6002 6003 5993
f 5993 6003 5990
f 5995 5994 5996
f 5996 5994 6004
f 5994 5982 6004
f 6004 5982 5981
f 5994 6005 5982
f 5982 6005 5983
f 5991 6006 5994
f 5994 6006 6005
f 6006 5991 6007
f 6007 5991 5990
f 5996 6004 6001
f 6001 6004 5989
f 5989 6004 5980
f 5980 6004 5981
f 6003 6008 5990
f 5990 6008 6007
f 6009 6006 6010
f 6010 6006 6007
f 6008 6011 6007
f 6007 6011 6010
f 6012 6009 6013
f 6013 6009 6010
f 6009 6012 6015
f 6015 6012 6014
f 6011 6016 6010
f 6010 6016 6013
f 6006 6009 6005
f 6005 6009 6015
f 6005 6015 5983
f 5983 6015 5984
f 6008 6003 6018
f 6018 6003 6017
f 6003 6002 6017
f 6017 6002 6019
f 5998 6001 6020
f 6020 6001 5989
f 5999 5998 6021
f 6021 5998 6020
f 5989 5988 6020
f 6020 5988 6022
f 6021 6020 6023
f 6023 6020 6022
f 6021 6024 5999
f 5999 6024 6025
f 6019 6025 6017
f 6017 6025 6024
f 5971 5984 5969
f 5969 5984 6026
f 5970 6027 5977
f 5977 6027 5987
f 6027 5970 6026
f 6026 5970 5969
f 6026 6014 6027
f 6027 6014 6028
f 6014 6012 6028
f 6028 6012 6029
f 6027 6028 5987
f 5987 6028 6030
f 6026 5984 6014
f 6014 5984 6015
f 6031 5986 6030
f 6030 5986 5987
f 6031 5988 5986
f 5986 5988 5985
f 6032 6022 6031
f 6031 6022 5988
f 6032 6031 6033
f 6033 6031 6030
f 6034 6032 6035
f 6035 6032 6033
f 6028 6029 6030
f 6030 6029 6033
f 6029 6036 6033
f 6033 6036 6035
f 6032 6034 6022
f 6022 6034 6023
f 6038 6023 6037
f 6037 6023 6034
f 6037 6040 6039
f 6039 6040 6041
f 6037 6034 6040
f 6040 6034 6035
f 6037 6039 6038
f 6038 6039 6018
f 6038 6018 6024
f 6024 6018 6017
f 6024 6021 6038
f 6038 6021 6023
f 6012 6013 6029
f 6029 6013 6036
f 6041 6036 6016
f 6016 6036 6013
f 6041 6040 6036
f 6036 6040 6035
f 6041 6016 6039
f 6039 6016 6011
f 6011 6008 6039
f 6039 6008 6018
f 5993 6000 6002
f 6002 6000 6019
f 6019 6000 6025
f 6025 6000 5999
f 5943 5756 5944
f 5944 5756 5755
f 6042 5948 5973
f 5973 5948 5947
f 5952 5951 5959
f 5959 5951 5960
f 5951 5953 5960
f 5960 5953 5958
f 5616 5957 5617
f 5617 5957 5956
f 6042 5952 5948
f 5948 5952 5959
f 5944 5755 5972
f 5972 5755 5754
f 5957 5616 5973
f 5973 5616 5652
f 5956 5955 5972
f 5972 5955 5961
f 5943 5953 5756
f 5756 5953 5709
f 6044 6045 6043
f 6043 6045 6046
f 6048 6049 6047
f 6047 6049 6050
f 6047 6050 6051
f 6051 6050 6052
f 6054 6055 6053
f 6053 6055 6056
f 6057 6058 6060
f 6060 6058 6059
f 6061 6062 6048
f 6048 6062 6049
f 6063 6064 6066
f 6066 6064 6065
f 6067 6068 6070
f 6070 6068 6069
f 6071 6069 5653
f 5653 6069 6068
f 6072 6073 6075
f 6075 6073 6074
f 6062 6076 6049
f 6049 6076 6054
f 6058 6067 6059
f 6059 6067 6070
f 6064 6077 6065
f 6065 6077 6045
f 6078 6076 6046
f 6046 6076 6062
f 6073 6080 6079
f 6079 6080 6052
f 6082 6083 6081
f 6081 6083 6084
f 6072 6085 6073
f 6073 6085 6080
f 6086 6051 6080
f 6080 6051 6052
f 6079 6052 6053
f 6053 6052 6050
f 6043 6087 6044
f 6044 6087 6088
f 6061 6089 6043
f 6043 6089 6087
f 6053 6056 6079
f 6079 6056 6090
f 6063 6072 6060
f 6060 6072 6075
f 6043 6046 6061
f 6061 6046 6062
f 6047 6091 6048
f 6048 6091 6092
f 6077 6078 6045
f 6045 6078 6046
f 6049 6054 6050
f 6050 6054 6053
f 6044 6088 6093
f 6093 6088 6094
f 6086 6082 6095
f 6095 6082 6081
f 6083 6082 6066
f 6066 6082 6085
f 6093 6094 6083
f 6083 6094 6084
f 6072 6063 6085
f 6085 6063 6066
f 6051 6086 6096
f 6096 6086 6095
f 6048 6092 6061
f 6061 6092 6089
f 5656 5655 6090
f 6090 5655 6074
f 6091 6047 6096
f 6096 6047 6051
f 6071 6055 6076
f 6076 6055 6054
f 6082 6086 6085
f 6085 6086 6080
f 6093 6083 6065
f 6065 6083 6066
f 6044 6093 6045
f 6045 6093 6065
f 6096 6095 6098
f 6098 6095 6097
f 6096 6098 6091
f 6091 6098 6099
f 6091 6099 6092
f 6092 6099 6100
f 6092 6100 6089
f 6089 6100 6101
f 6095 6081 6097
f 6097 6081 6102
f 6081 6084 6102
f 6102 6084 6103
f 6103 6084 6104
f 6104 6084 6094
f 6106 6097 6105
f 6105 6097 6102
f 6107 6108 6110
f 6110 6108 6109
f 6111 6112 6108
f 6108 6112 6109
f 6109 6112 6114
f 6114 6112 6113
f 6114 6115 6117
f 6117 6115 6116
f 6113 6118 6114
f 6114 6118 6115
f 6117 6110 6114
f 6114 6110 6109
f 6110 6119 6107
f 6107 6119 6120
f 6112 6111 6113
f 6113 6111 6121
f 6111 6099 6121
f 6121 6099 6098
f 6111 6122 6099
f 6099 6122 6100
f 6123 6122 6108
f 6108 6122 6111
f 6124 6123 6107
f 6107 6123 6108
f 6113 6121 6118
f 6118 6121 6106
f 6106 6121 6097
f 6097 6121 6098
f 6125 6124 6120
f 6120 6124 6107
f 6126 6123 6127
f 6127 6123 6124
f 6125 6128 6124
f 6124 6128 6127
f 6129 6126 6130
f 6130 6126 6127
f 6126 6129 6132
f 6132 6129 6131
f 6128 6133 6127
f 6127 6133 6130
f 6123 6126 6122
f 6122 6126 6132
f 6122 6132 6100
f 6100 6132 6101
f 6120 6134 6125
f 6125 6134 6135
f 6120 6119 6134
f 6134 6119 6136
f 6115 6118 6137
f 6137 6118 6106
f 6115 6137 6116
f 6116 6137 6138
f 6137 6106 6139
f 6139 6106 6105
f 6138 6137 6140
f 6140 6137 6139
f 6141 6142 6138
f 6138 6142 6116
f 6136 6142 6134
f 6134 6142 6141
f 6089 6101 6087
f 6087 6101 6143
f 6088 6144 6094
f 6094 6144 6104
f 6143 6144 6087
f 6087 6144 6088
f 6131 6145 6143
f 6143 6145 6144
f 6129 6146 6131
f 6131 6146 6145
f 6144 6145 6104
f 6104 6145 6147
f 6143 6101 6131
f 6131 6101 6132
f 6148 6103 6147
f 6147 6103 6104
f 6103 6148 6102
f 6102 6148 6105
f 6148 6149 6105
f 6105 6149 6139
f 6149 6148 6150
f 6150 6148 6147
f 6151 6149 6152
f 6152 6149 6150
f 6145 6146 6147
f 6147 6146 6150
f 6146 6153 6150
f 6150 6153 6152
f 6149 6151 6139
f 6139 6151 6140
f 6155 6140 6154
f 6154 6140 6151
f 6154 6157 6156
f 6156 6157 6158
f 6154 6151 6157
f 6157 6151 6152
f 6154 6156 6155
f 6155 6156 6135
f 6155 6135 6141
f 6141 6135 6134
f 6141 6138 6155
f 6155 6138 6140
f 6146 6129 6153
f 6153 6129 6130
f 6158 6153 6133
f 6133 6153 6130
f 6158 6157 6153
f 6153 6157 6152
f 6156 6158 6128
f 6128 6158 6133
f 6128 6125 6156
f 6156 6125 6135
f 6110 6117 6119
f 6119 6117 6136
f 6136 6117 6142
f 6142 6117 6116
f 6055 5615 6056
f 6056 5615 5752
f 6060 6059 6063
f 6063 6059 6064
f 6077 6070 6078
f 6078 6070 6069
f 6069 6071 6078
f 6078 6071 6076
f 6159 6057 6075
f 6075 6057 6060
f 6059 6070 6064
f 6064 6070 6077
f 6056 5752 6090
f 6090 5752 5656
f 6090 6074 6079
f 6079 6074 6073
f 6055 6071 5615
f 5615 6071 5653
f 5547 5471 6160
f 6160 5471 6161
f 5729 5577 6163
f 6163 5577 6162
f 5577 5576 6162
f 6162 5576 6164
f 5713 6165 5711
f 5711 6165 6166
f 5474 5729 6167
f 6167 5729 6163
f 5750 5547 6168
f 6168 5547 6160
f 5471 5474 6161
f 6161 5474 6167
f 6169 5712 6168
f 6168 5712 5750
f 5711 6166 5576
f 5576 6166 6164
f 6165 5713 6169
f 6169 5713 5712
f 6168 6170 6169
f 6169 6170 6171
f 6169 6171 6165
f 6165 6171 6172
f 6165 6172 6166
f 6166 6172 6173
f 6166 6173 6164
f 6164 6173 6174
f 6168 6160 6170
f 6170 6160 6175
f 6160 6161 6175
f 6175 6161 6176
f 6161 6167 6176
f 6176 6167 6177
f 6179 6170 6178
f 6178 6170 6175
f 6181 6182 6180
f 6180 6182 6183
f 6184 6185 6181
f 6181 6185 6182
f 6186 6187 6185
f 6185 6187 6182
f 6186 6188 6187
f 6187 6188 6189
f 6190 6183 6187
f 6187 6183 6182
f 6183 6190 6191
f 6191 6190 6192
f 6191 6193 6183
f 6183 6193 6180
f 6186 6185 6194
f 6194 6185 6184
f 6184 6172 6194
f 6194 6172 6171
f 6184 6195 6172
f 6172 6195 6173
f 6181 6196 6184
f 6184 6196 6195
f 6196 6181 6197
f 6197 6181 6180
f 6186 6194 6188
f 6188 6194 6179
f 6179 6194 6170
f 6170 6194 6171
f 6193 6198 6180
f 6180 6198 6197
f 6199 6196 6200
f 6200 6196 6197
f 6198 6201 6197
f 6197 6201 6200
f 6202 6199 6203
f 6203 6199 6200
f 6199 6202 6205
f 6205 6202 6204
f 6201 6206 6200
f 6200 6206 6203
f 6196 6199 6195
f 6195 6199 6205
f 6195 6205 6173
f 6173 6205 6174
f 6198 6193 6208
f 6208 6193 6207
f 6193 6191 6207
f 6207 6191 6192
f 6189 6188 6209
f 6209 6188 6179
f 6210 6189 6211
f 6211 6189 6209
f 6209 6179 6212
f 6212 6179 6178
f 6211 6209 6213
f 6213 6209 6212
f 6211 6214 6210
f 6210 6214 6215
f 6192 6215 6207
f 6207 6215 6214
f 6190 6187 6210
f 6210 6187 6189
f 6192 6190 6215
f 6215 6190 6210
f 6162 6164 6216
f 6216 6164 6174
f 6167 6163 6177
f 6177 6163 6217
f 6216 6217 6162
f 6162 6217 6163
f 6204 6218 6216
f 6216 6218 6217
f 6202 6219 6204
f 6204 6219 6218
f 6217 6218 6177
f 6177 6218 6220
f 6216 6174 6204
f 6204 6174 6205
f 6221 6176 6220
f 6220 6176 6177
f 6176 6221 6175
f 6175 6221 6178
f 6221 6222 6178
f 6178 6222 6212
f 6222 6221 6223
f 6223 6221 6220
f 6224 6222 6225
f 6225 6222 6223
f 6218 6219 6220
f 6220 6219 6223
f 6219 6226 6223
f 6223 6226 6225
f 6222 6224 6212
f 6212 6224 6213
f 6228 6213 6227
f 6227 6213 6224
f 6229 6227 6231
f 6231 6227 6230
f 6227 6224 6230
f 6230 6224 6225
f 6227 6229 6228
f 6228 6229 6208
f 6228 6208 6214
f 6214 6208 6207
f 6214 6211 6228
f 6228 6211 6213
f 6219 6202 6226
f 6226 6202 6203
f 6231 6226 6206
f 6206 6226 6203
f 6231 6230 6226
f 6226 6230 6225
f 6229 6231 6201
f 6201 6231 6206
f 6201 6198 6229
f 6229 6198 6208
f 5674 5672 5661
f 5661 5672 5662
f 5662 5672 5663
f 5663 5672 5646
f 5651 6042 5652
f 5652 6042 5973
f 5518 5517 5751
f 5751 5517 5733
f 5738 5660 5753
f 5753 5660 5637
f 5752 5636 5656
f 5656 5636 5526
f 5952 6042 5593
f 5593 6042 5651
f 5593 5651 5594
f 5594 5651 5650
f 5600 5737 5514
f 5514 5737 5515
f 5546 5545 5740
f 5740 5545 6232
f 6232 6058 5740
f 5740 6058 6057
f 6067 6058 6233
f 6233 6058 6232
f 6233 6232 6234
f 6234 6232 5545
f 6234 5545 6235
f 6235 5545 5544
f 5606 6236 5543
f 5543 6236 5544
f 6235 5544 5539
f 5539 5544 6236
f 6237 6235 5542
f 5542 6235 5539
f 6235 6237 6234
f 6234 6237 6238
f 6234 6238 6233
f 6233 6238 6239
f 5653 6068 5650
f 5650 6068 6239
f 5642 5513 6240
f 6240 5513 5516
f 5539 6236 5540
f 5540 6236 5606
f 5636 5614 5637
f 5637 5614 5753
f 6239 5737 5650
f 5650 5737 5594
f 6239 6068 6233
f 6233 6068 6067
f 6075 6074 6159
f 6159 6074 5655
f 6057 6159 5740
f 5740 6159 5655
f 5515 5737 6238
f 6238 5737 6239
f 6238 6237 5515
f 5515 6237 5516
f 5542 6240 6237
f 6237 6240 5516
f 6240 5542 5642
f 5642 5542 5541
f 5702 5699 5541
f 5541 5699 5642
f 5582 5475 5717
f 5470 5443 5537
f 5537 5443 5504
f 5469 5444 5470
f 5470 5444 5443
f 5726 5557 5727
f 5727 5557 5556
f 5537 5504 5511
f 5511 5504 5506
f 5504 5503 5506
f 5506 5503 5507
f 5503 5455 5507
f 5507 5455 5581
f 5455 5454 5581
f 5581 5454 5456
f 5473 5453 5474
f 5474 5453 5729
f 5457 5454 5473
f 5473 5454 5453
f 5473 5472 5457
f 5457 5472 5686
f 5472 5548 5686
f 5686 5548 5687
f 5749 5693 5548
f 5548 5693 5687
f 5715 5532 5749
f 5749 5532 5693
f 5714 5486 5715
f 5715 5486 5532
f 5714 5710 5486
f 5486 5710 5449
f 5728 5578 5729
f 5729 5578 5577
f 5452 5445 5698
f 5698 5445 5558
f 5445 5444 5558
f 5558 5444 5556
f 5444 5469 5556
f 5556 5469 5727
f 5469 5468 5727
f 5727 5468 5555
f 5468 5747 5555
f 5555 5747 5552
f 5747 5700 5552
f 5552 5700 5716
f 5700 5699 5716
f 5716 5699 5717
f 5699 5702 5717
f 5717 5702 5582
f 5702 5701 5582
f 5582 5701 5583
f 5726 5479 5557
f 5557 5479 5483
f 5483 5479 5484
f 5484 5479 5482
f 5534 5533 5482
f 5482 5533 5484
f 5691 5688 5534
f 5534 5688 5533
f 5644 5647 5691
f 5691 5647 5688
f 5719 5746 5701
f 5701 5746 5583
f 5718 5497 5719
f 5719 5497 5746
f 5718 5605 5654
f 5654 5605 5638
f 5498 5654 5657
f 5657 5654 5633
f 5497 5718 5498
f 5498 5718 5654
f 5657 5527 5498
f 5498 5527 5494
f 5528 5570 5495
f 5495 5570 5521
f 5665 5668 5528
f 5528 5668 5570
f 5664 5671 5665
f 5665 5671 5668
f 5645 5741 5664
f 5664 5741 5671
f 5644 5696 5645
f 5645 5696 5741
f 5710 5575 5449
f 5449 5575 5450
f 5575 5578 5450
f 5450 5578 5698
f 5578 5728 5698
f 5698 5728 5452
f 5452 5728 5451
f 5451 5728 5453
f 3619 6241 3620
f 3620 6241 6242
f 6243 6244 3628
f 3628 6244 3629
f 6245 6246 3634
f 3634 6246 3631
f 6247 6248 3636
f 3636 6248 3637
f 6249 6250 3642
f 3642 6250 3639
f 3639 6250 3643
f 3643 6250 6251
f 3743 6252 3744
f 3744 6252 6253
f 6246 6243 3631
f 3631 6243 3628
f 3753 6254 3754
f 3754 6254 6255
f 3857 6256 3619
f 3619 6256 6241
f 6257 6245 3932
f 3932 6245 3634
f 6242 6247 3620
f 3620 6247 3636
f 6258 6259 3946
f 3946 6259 3947
f 6260 6249 3948
f 3948 6249 3642
f 6244 6258 3629
f 3629 6258 3946
f 3947 6259 3753
f 3753 6259 6254
f 6248 6260 3637
f 3637 6260 3948
f 3643 6251 3743
f 3743 6251 6252
f 3744 6253 3932
f 3932 6253 6257
f 6250 6249 6251
f 6251 6249 6252
f 6245 6261 6246
f 6246 6261 6262
f 6263 6264 6247
f 6247 6264 6248
f 6252 6265 6253
f 6253 6265 6266
f 6246 6262 6243
f 6243 6262 6267
f 6268 6261 6257
f 6257 6261 6245
f 6269 6263 6242
f 6242 6263 6247
f 6270 6271 6260
f 6260 6271 6249
f 6264 6270 6248
f 6248 6270 6260
f 6253 6266 6257
f 6257 6266 6268
f 6249 6271 6252
f 6252 6271 6265
f 6254 6259 6272
f 6272 6259 6273
f 6266 6265 6270
f 6270 6265 6271
f 6268 6266 6264
f 6264 6266 6270
f 6261 6268 6263
f 6263 6268 6264
f 6269 6262 6263
f 6263 6262 6261
f 4186 4185 6274
f 6274 4185 6275
f 6241 6276 6242
f 6242 6276 6269
f 6258 6244 6277
f 6277 6244 6278
f 6256 6279 6241
f 6241 6279 6276
f 6259 6258 6273
f 6273 6258 6277
f 6243 6267 6244
f 6244 6267 6278
f 6276 6267 6269
f 6269 6267 6262
f 6254 6272 6255
f 6255 6272 6280
f 3865 3713 3888
f 3888 3713 3685
f 5242 5233 3892
f 3892 5233 3711
f 3900 5243 3892
f 3892 5243 5242
f 3734 3866 3900
f 3900 3866 5243
f 4117 6281 4118
f 4118 6281 6282
f 4118 6282 4278
f 4278 6282 4879
f 4717 4887 4718
f 4718 4887 4280
f 4792 4278 4882
f 4882 4278 4879
f 4795 4792 6283
f 6283 4792 4882
f 4852 4851 5012
f 5012 4851 6284
f 4856 5207 4857
f 4857 5207 4858
f 4860 4279 4857
f 4857 4279 4854
f 4718 4280 4860
f 4860 4280 4279
f 4864 4863 4745
f 4745 4863 4742
f 5366 4867 5011
f 5011 4867 4866
f 4871 4884 4872
f 4872 4884 4883
f 4872 4883 4117
f 4117 4883 6281
f 6284 4851 6283
f 6283 4851 4795
f 4852 4866 4853
f 4853 4866 4865
f 4871 4870 4856
f 4856 4870 5207
f 4717 4716 4864
f 4864 4716 4861
f 4868 4867 4862
f 4862 4867 4863
f 4268 4855 4269
f 4269 4855 4854
f 4281 4274 4282
f 4282 4274 4765
f 4744 4743 4907
f 4907 4743 4904
f 4874 4881 4820
f 4820 4881 4880
f 4885 5013 4886
f 4886 5013 4980
f 4888 4275 4281
f 4281 4275 4274
f 4902 6282 4903
f 4903 6282 6281
f 6283 4979 6284
f 6284 4979 4978
f 4282 4765 4269
f 4269 4765 4266
f 4880 4879 4902
f 4902 4879 6282
f 4903 6281 4886
f 4886 6281 4883
f 4882 4881 6283
f 6283 4881 4979
f 5013 4885 4267
f 4267 4885 4268
f 4888 4887 4744
f 4744 4887 4745
f 4410 6285 4411
f 4411 6285 4812
f 4750 4749 6286
f 6286 4749 6287
f 6289 4695 6288
f 6288 4695 4255
f 4750 4675 4751
f 4751 4675 4965
f 6290 6291 4963
f 4963 6291 4960
f 4807 4806 4411
f 4411 4806 4408
f 6292 6293 4959
f 4959 6293 4956
f 4958 6294 4959
f 4959 6294 4955
f 4962 4964 4963
f 4963 4964 4805
f 4962 4961 4751
f 4751 4961 4748
f 6296 6297 6295
f 6295 6297 6298
f 6299 6300 6288
f 6288 6300 4735
f 6302 4961 6301
f 6301 4961 4960
f 6304 6287 6303
f 6303 6287 4749
f 4968 6305 4969
f 4969 6305 6306
f 4413 6308 6307
f 6307 6308 4900
f 6301 4960 6309
f 6309 4960 6291
f 4412 4408 6310
f 6310 4408 4806
f 4696 6311 4256
f 4256 6311 6312
f 6303 4749 6313
f 6313 4749 4748
f 6313 4748 6302
f 6302 4748 4961
f 6315 6316 6314
f 6314 6316 6317
f 4084 6318 6315
f 6315 6318 6316
f 4083 6319 4084
f 4084 6319 6318
f 4112 6320 4083
f 4083 6320 6319
f 6322 4138 6321
f 6321 4138 4137
f 6324 4128 6323
f 6323 4128 4127
f 4127 4193 6323
f 6323 4193 6325
f 4193 4891 6325
f 6325 4891 6326
f 4891 6327 6326
f 6326 6327 6328
f 6327 4824 5227
f 5227 4824 5228
f 5231 4684 6329
f 6329 4684 4683
f 4683 4099 6329
f 6329 4099 6330
f 4099 4102 6330
f 6330 4102 6331
f 4174 4826 4429
f 4429 4826 4829
f 4173 4741 4174
f 4174 4741 4826
f 4180 4738 4173
f 4173 4738 4741
f 6332 6333 4180
f 4180 6333 4738
f 6274 6334 4186
f 4186 6334 4188
f 4181 4825 4180
f 4180 4825 6332
f 5044 5213 5045
f 5045 5213 5165
f 5046 5087 5047
f 5047 5087 5222
f 5077 5063 5078
f 5078 5063 5198
f 5081 5099 5082
f 5082 5099 5194
f 5095 5074 5096
f 5096 5074 5073
f 5373 5170 5096
f 5096 5170 5093
f 5375 5171 5373
f 5373 5171 5170
f 5047 5222 5375
f 5375 5222 5171
f 5046 5038 5376
f 5376 5038 5067
f 5377 5086 5376
f 5376 5086 5085
f 5045 5165 5377
f 5377 5165 5086
f 5378 5214 5044
f 5044 5214 5213
f 5077 5034 5378
f 5378 5034 5214
f 5082 5194 5078
f 5078 5194 5035
f 5081 5080 5379
f 5379 5080 6335
f 5379 6335 5095
f 5095 6335 5074
f 5032 5080 5033
f 5033 5080 5079
f 5040 5017 5041
f 5041 5017 5016
f 5050 5043 5051
f 5051 5043 5042
f 5065 5023 5066
f 5066 5023 5022
f 5050 5049 5065
f 5065 5049 5023
f 5041 5016 5068
f 5068 5016 5020
f 5071 5374 5072
f 5072 5374 5200
f 5075 5156 5076
f 5076 5156 5155
f 5162 5212 5068
f 5068 5212 5067
f 5075 5074 5192
f 5192 5074 6335
f 5066 5022 5199
f 5199 5022 5196
f 5076 5155 5072
f 5072 5155 5069
f 5040 5039 5071
f 5071 5039 5374
f 5162 5161 5051
f 5051 5161 5048
f 5192 6335 5032
f 5032 6335 5080
f 5199 5196 5033
f 5033 5196 5030
f 5018 5211 5019
f 5019 5211 5408
f 5019 5408 5021
f 5021 5408 5163
f 5024 5057 5025
f 5025 5057 5415
f 5028 5048 5029
f 5029 5048 5161
f 5054 5031 5055
f 5055 5031 5030
f 5024 5023 5058
f 5058 5023 5049
f 5061 5070 5062
f 5062 5070 5069
f 5157 5438 5158
f 5158 5438 5442
f 5160 5191 5054
f 5054 5191 5031
f 5029 5161 5021
f 5021 5161 5020
f 5025 5415 5197
f 5197 5415 5220
f 5158 5442 5062
f 5062 5442 5059
f 5018 5017 5061
f 5061 5017 5070
f 5160 5159 5157
f 5157 5159 5438
f 5028 5027 5058
f 5058 5027 5056
f 5055 5030 5197
f 5197 5030 5196
f 5409 5380 5410
f 5410 5380 6336
f 5026 5413 5027
f 5027 5413 5412
f 5396 5417 5393
f 5393 5417 5416
f 5416 5057 5419
f 5419 5057 5056
f 5417 5396 5426
f 5426 5396 5420
f 5427 5423 5428
f 5428 5423 5422
f 5427 5059 5430
f 5430 5059 5442
f 5409 5408 5433
f 5433 5408 5211
f 5433 5211 5428
f 5428 5211 5060
f 5412 5411 5419
f 5419 5411 5418
f 5436 5053 5437
f 5437 5053 5052
f 5439 5402 5440
f 5440 5402 5401
f 5436 5435 5439
f 5439 5435 5402
f 5410 6336 5413
f 5413 6336 5414
f 5440 5401 5430
f 5430 5401 5429
f 5426 5420 5437
f 5437 5420 5434
f 5382 5432 5383
f 5383 5432 5384
f 5386 6336 5383
f 5383 6336 5380
f 6336 5386 5414
f 5414 5386 5388
f 5391 5418 5392
f 5392 5418 5411
f 5705 5395 5704
f 5704 5395 5394
f 5399 5435 5400
f 5400 5435 5434
f 5403 5441 5404
f 5404 5441 5405
f 5407 5429 5404
f 5404 5429 5401
f 5395 5705 5421
f 5421 5705 5748
f 5424 5706 5425
f 5425 5706 5431
f 5391 5390 5394
f 5394 5390 5704
f 5392 5388 5389
f 5389 5388 5387
f 5382 5381 5425
f 5425 5381 5422
f 5407 5406 5424
f 5424 5406 5706
f 5403 5402 5399
f 5399 5402 5435
f 5421 5748 5400
f 5400 5748 5397
f 4097 4721 4098
f 4098 4721 4231
f 4233 5273 4098
f 4098 5273 4095
f 6337 6338 4785
f 4785 6338 4786
f 4076 4780 4073
f 4073 4780 4781
f 4782 4190 4781
f 4781 4190 4073
f 4783 4901 4782
f 4782 4901 4190
f 4780 4076 4097
f 4097 4076 4721
f 6337 2879 4701
f 4701 2879 2878
f 5280 6339 5272
f 5272 6339 6340
f 5282 5281 6341
f 6341 5281 6342
f 4109 6302 4110
f 4110 6302 6301
f 4283 6304 4284
f 4284 6304 6303
f 6305 4379 6306
f 6306 4379 4378
f 4110 6301 4428
f 4428 6301 6309
f 6310 4688 4412
f 4412 4688 4687
f 4284 6303 4753
f 4753 6303 6313
f 4753 6313 4109
f 4109 6313 6302
f 6343 5226 4428
f 4428 5226 4427
f 4147 4900 4416
f 4416 4900 6308
f 6312 6311 4241
f 4241 6311 4720
f 5223 6344 4702
f 4702 6344 4699
f 4221 4220 6345
f 6345 4220 6346
f 5276 5275 6347
f 6347 5275 6348
f 5275 4728 6348
f 6348 4728 6349
f 4727 6350 5284
f 5284 6350 5285
f 6351 6352 6354
f 6354 6352 6353
f 5313 5312 5292
f 5292 5312 5293
f 5312 5344 5293
f 5293 5344 5337
f 5344 4914 5337
f 5337 4914 4916
f 4914 4913 4916
f 4916 4913 4917
f 4913 6355 4917
f 4917 6355 4978
f 6356 6357 6284
f 6284 6357 5012
f 6357 6358 5012
f 5012 6358 5011
f 5011 6358 5366
f 5366 6358 6359
f 6360 4742 6359
f 6359 4742 5366
f 4743 6361 4904
f 4904 6361 5364
f 5363 4905 5364
f 5364 4905 4904
f 5363 6362 4905
f 4905 6362 4207
f 6362 6363 4207
f 4207 6363 4208
f 6363 5342 4208
f 4208 5342 5330
f 5342 5341 5330
f 5330 5341 4244
f 5341 6364 4244
f 4244 6364 4245
f 6364 6365 4245
f 4245 6365 4246
f 6366 6367 4253
f 4253 6367 4250
f 4214 6368 4211
f 4211 6368 4380
f 4380 4379 4211
f 4211 4379 4283
f 4379 6305 4283
f 4283 6305 6304
f 6305 4968 6304
f 6304 4968 6287
f 4968 4967 6287
f 6287 4967 6286
f 4967 6297 6286
f 6286 6297 4676
f 6296 4376 4288
f 4288 4376 4285
f 4376 4373 4285
f 4285 4373 4290
f 6369 6370 6372
f 6372 6370 6371
f 5245 6373 5246
f 5246 6373 6374
f 4317 6375 4318
f 4318 6375 6376
f 4331 6377 4332
f 4332 6377 6378
f 6379 4333 6376
f 6376 4333 4318
f 4343 6380 4344
f 4344 6380 6381
f 4347 6382 4348
f 4348 6382 6383
f 4374 6371 4331
f 4331 6371 6377
f 4333 6379 4426
f 4426 6379 6384
f 4690 6385 4347
f 4347 6385 6382
f 4332 6378 4317
f 4317 6378 6375
f 4922 6386 4923
f 4923 6386 6387
f 6388 6389 4375
f 4375 6389 6390
f 6355 6356 4978
f 4978 6356 6284
f 4742 6360 4743
f 4743 6360 6361
f 6391 4238 6392
f 6392 4238 4719
f 6392 4719 6393
f 6393 4719 5296
f 6395 6396 6394
f 6394 6396 6397
f 6399 6400 6398
f 6398 6400 6401
f 6402 5302 6403
f 6403 5302 5303
f 5303 5321 6403
f 6403 5321 6404
f 5320 6405 5321
f 5321 6405 6404
f 5319 6406 5350
f 5350 6406 5351
f 5319 5318 6406
f 6406 5318 6407
f 5288 4197 6408
f 6408 4197 6409
f 4217 4216 6410
f 6410 4216 6411
f 5227 6412 6327
f 6327 6412 6328
f 4892 6413 5227
f 5227 6413 6412
f 4228 6414 4892
f 4892 6414 6413
f 4227 6415 4228
f 4228 6415 6414
f 4248 6416 4227
f 4227 6416 6415
f 4247 6417 4248
f 4248 6417 6416
f 6417 4247 6419
f 6419 4247 6418
f 6419 6418 6421
f 6421 6418 6420
f 6422 5301 6423
f 6423 5301 5300
f 6423 5300 6424
f 6424 5300 6399
f 6408 6409 6398
f 6398 6409 6425
f 6426 6427 6397
f 6397 6427 6394
f 6428 4224 6429
f 6429 4224 4223
f 6347 6346 5276
f 5276 6346 4220
f 6346 6347 6341
f 6341 6347 6339
f 5280 5278 5282
f 5282 5278 4236
f 4896 5224 4684
f 4684 5224 4681
f 4132 4135 4896
f 4896 4135 5224
f 4131 4136 4132
f 4132 4136 4135
f 4226 4754 4131
f 4131 4754 4136
f 4251 4213 4226
f 4226 4213 4754
f 4250 4214 4251
f 4251 4214 4213
f 4250 6367 4214
f 4214 6367 6368
f 6367 4910 6368
f 6368 4910 4737
f 4909 5297 4736
f 4736 5297 5296
f 5297 6395 5296
f 5296 6395 6393
f 6427 6430 6394
f 6394 6430 6431
f 6429 4383 6428
f 6428 4383 4382
f 4219 5277 4220
f 4220 5277 5276
f 4222 4697 4383
f 4383 4697 4218
f 6345 4699 4221
f 4221 4699 6344
f 6342 4700 6345
f 6345 4700 4699
f 4235 4786 5281
f 5281 4786 6338
f 4234 4787 4235
f 4235 4787 4786
f 5279 5278 6432
f 6432 5278 5271
f 4237 5279 6433
f 6433 5279 6432
f 4787 4234 6433
f 6433 4234 4237
f 6435 6436 6434
f 6434 6436 6437
f 6359 6438 6360
f 6360 6438 6437
f 6439 6440 6441
f 6441 6440 6438
f 6443 6439 6442
f 6442 6439 6441
f 6357 6356 6442
f 6442 6356 6444
f 6444 6446 6445
f 6445 6446 6447
f 4912 6446 4913
f 4913 6446 6355
f 6361 6436 5364
f 5364 6436 5365
f 5319 5350 5316
f 5316 5350 6448
f 4832 6449 5350
f 5350 6449 6448
f 4831 6450 4832
f 4832 6450 6449
f 5354 6451 5320
f 5320 6451 6405
f 4265 6452 5354
f 5354 6452 6451
f 4264 6453 4265
f 4265 6453 6452
f 6450 4831 6447
f 6447 4831 6445
f 4263 6435 4264
f 4264 6435 6434
f 6454 6453 6439
f 6439 6453 6440
f 6439 6443 6454
f 6454 6443 4834
f 4833 6455 4834
f 4834 6455 6454
f 5351 6456 4833
f 4833 6456 6455
f 6457 6391 6458
f 6458 6391 6392
f 6458 6392 6431
f 6431 6392 6393
f 5298 6396 5297
f 5297 6396 6395
f 6402 6400 5302
f 5302 6400 5299
f 6402 6403 6459
f 6459 6403 6460
f 6460 6403 6461
f 6461 6403 6404
f 6405 6462 6404
f 6404 6462 6461
f 6406 6462 5351
f 5351 6462 6456
f 6406 6407 6462
f 6462 6407 6461
f 6407 6463 6461
f 6461 6463 6460
f 6463 6464 6460
f 6460 6464 6459
f 6464 6465 6459
f 6459 6465 6401
f 6430 6466 6431
f 6431 6466 6458
f 6466 6410 6458
f 6458 6410 6457
f 6410 6411 6457
f 6457 6411 6467
f 6396 6424 6397
f 6397 6424 6425
f 6393 6395 6431
f 6431 6395 6394
f 6451 6456 6405
f 6405 6456 6462
f 6452 6455 6451
f 6451 6455 6456
f 6453 6454 6452
f 6452 6454 6455
f 6443 6445 4834
f 4834 6445 4831
f 6440 6453 6434
f 6434 6453 4264
f 6468 5306 5360
f 5360 5306 5305
f 6469 4124 6468
f 6468 4124 5306
f 6470 4125 6469
f 6469 4125 4124
f 6471 5291 6470
f 6470 5291 4125
f 6353 5292 6471
f 6471 5292 5291
f 5292 6353 5313
f 5313 6353 6352
f 5347 5314 6352
f 6352 5314 5313
f 5353 5318 5346
f 5346 5318 5317
f 5334 6468 5358
f 5358 6468 5360
f 5324 6469 5334
f 5334 6469 6468
f 5323 6470 5324
f 5324 6470 6469
f 5343 6471 5323
f 5323 6471 6470
f 6354 6353 5343
f 5343 6353 6471
f 6348 6349 4270
f 4270 6349 5311
f 5272 6340 5273
f 5273 6340 4272
f 6432 5271 4232
f 4232 5271 4233
f 4294 6432 4295
f 4295 6432 4232
f 6432 4294 6433
f 6433 4294 4301
f 4301 4300 6433
f 6433 4300 4787
f 4704 4784 4300
f 4300 4784 4787
f 4704 3013 4784
f 4784 3013 1307
f 5103 6472 5104
f 5104 6472 5202
f 5108 5116 5105
f 5105 5116 5115
f 5111 5124 5112
f 5112 5124 5123
f 5154 5205 5105
f 5105 5205 5106
f 5167 5180 5168
f 5168 5180 5185
f 5175 5188 5176
f 5176 5188 5187
f 5112 5123 5178
f 5178 5123 5120
f 5167 5090 5183
f 5183 5090 5089
f 5210 5151 5183
f 5183 5151 5181
f 5216 5138 5217
f 5217 5138 5137
f 5218 5119 5219
f 5219 5119 5221
f 5218 5178 5119
f 5119 5178 5120
f 5217 5137 5104
f 5104 5137 5101
f 5116 5108 5221
f 5221 5108 5219
f 5111 5110 5210
f 5210 5110 5151
f 5154 5153 5103
f 5103 5153 6472
f 5216 5215 5176
f 5176 5215 5173
f 5175 5174 5168
f 5168 5174 5166
f 5091 5172 5092
f 5092 5172 5208
f 5117 5037 5118
f 5118 5037 5036
f 5121 5164 5122
f 5122 5164 5133
f 5125 5084 5126
f 5126 5084 5083
f 5129 5174 5130
f 5130 5174 5173
f 5131 5202 5132
f 5132 5202 6472
f 5135 5221 5122
f 5122 5221 5119
f 5125 5124 5136
f 5136 5124 5209
f 5126 5083 5121
f 5121 5083 5164
f 5118 5036 5195
f 5195 5036 5193
f 5131 5097 5203
f 5203 5097 5114
f 5132 6472 5195
f 5195 6472 5153
f 5136 5209 5092
f 5092 5209 5089
f 5135 5134 5117
f 5117 5134 5037
f 5362 5206 5130
f 5130 5206 5127
f 5372 5371 5128
f 5128 5371 5129
f 5371 5372 5091
f 5091 5372 5172
f 5362 5215 5203
f 5203 5215 5201
f 6463 6407 5353
f 5353 6407 5318
f 6464 6463 5352
f 5352 6463 5353
f 6408 6465 5288
f 5288 6465 5289
f 4196 4224 6426
f 6426 4224 6427
f 6430 6427 6428
f 6428 6427 4224
f 6466 6430 4382
f 4382 6430 6428
f 6410 6466 4217
f 4217 6466 4382
f 4240 4239 3015
f 3015 4239 3016
f 4254 4257 3017
f 3017 4257 3018
f 6473 6474 4732
f 4732 6474 6475
f 6474 6374 6475
f 6475 6374 6373
f 5246 6374 3022
f 3022 6374 3023
f 4254 6299 4255
f 4255 6299 6288
f 6473 6300 3024
f 3024 6300 3025
f 6476 4257 6312
f 6312 4257 4256
f 4240 6476 4241
f 4241 6476 6312
f 6477 4239 6391
f 6391 4239 4238
f 6467 6477 6457
f 6457 6477 6391
f 6411 3029 6467
f 6467 3029 3028
f 4216 3030 6411
f 6411 3030 3029
f 6479 6480 6478
f 6478 6480 6481
f 6483 6484 6482
f 6482 6484 6485
f 6486 6487 4102
f 4102 6487 6331
f 6483 6488 6478
f 6478 6488 6489
f 4429 4829 6490
f 6490 4829 6479
f 6491 6486 4101
f 4101 6486 4102
f 4895 6491 4899
f 4899 6491 4101
f 4160 6488 4157
f 4157 6488 6492
f 6489 4087 6490
f 6490 4087 4090
f 4267 4261 5013
f 5013 4261 4260
f 4258 4261 5328
f 5328 4261 4975
f 4261 4267 4975
f 4975 4267 4266
f 5367 3793 3912
f 3912 3793 3575
f 6494 3616 6493
f 6493 3616 3795
f 6496 3589 6495
f 6495 3589 3588
f 6495 3588 5368
f 5368 3588 3794
f 3841 3840 3050
f 3050 3840 3051
f 3912 3911 3052
f 3052 3911 3053
f 3929 3930 3054
f 3054 3930 3055
f 5370 3930 3916
f 3916 3930 3923
f 3938 5369 3807
f 3807 5369 3915
f 3589 6496 3806
f 3806 6496 3937
f 3938 3937 3056
f 3056 3937 3057
f 3051 3840 3058
f 3058 3840 3943
f 3730 4808 3727
f 3727 4808 3943
f 3820 3951 3795
f 3795 3951 6493
f 3951 3841 3059
f 3059 3841 3050
f 3911 3574 6494
f 6494 3574 3616
f 3823 3929 3824
f 3824 3929 3952
f 4061 4060 3060
f 3060 4060 3061
f 6497 6498 4901
f 4901 6498 4790
f 6333 6499 4738
f 4738 6499 4739
f 6500 6501 6314
f 6314 6501 4418
f 6502 6275 4417
f 4417 6275 4185
f 6503 6497 4783
f 4783 6497 4901
f 6498 4060 4790
f 4790 4060 4059
f 4808 4061 3069
f 3069 4061 3060
f 5367 3071 5368
f 5368 3071 3070
f 5369 3073 5370
f 5370 3073 3072
f 6274 6275 3074
f 3074 6275 3075
f 6499 6504 4739
f 4739 6504 6317
f 6333 6332 3077
f 3077 6332 3078
f 6334 6274 3079
f 3079 6274 3074
f 6332 4825 3078
f 3078 4825 3080
f 6334 6503 4188
f 4188 6503 4783
f 4825 4689 3080
f 3080 4689 1330
f 6506 4747 6505
f 6505 4747 4746
f 6505 6507 6506
f 6506 6507 6508
f 4297 6509 4920
f 4920 6509 6510
f 4296 6511 4297
f 4297 6511 6509
f 6506 6508 4319
f 4319 6508 6512
f 4372 4371 6514
f 6514 4371 6513
f 6511 4296 5251
f 5251 4296 4305
f 5251 5250 6511
f 6511 5250 6515
f 6516 6509 6515
f 6515 6509 6511
f 6517 6507 6519
f 6519 6507 6518
f 6512 6520 6513
f 6513 6520 6514
f 6507 6517 6508
f 6508 6517 6521
f 5249 6523 6522
f 6522 6523 6524
f 6525 6370 5253
f 5253 6370 6526
f 4370 4323 4371
f 4371 4323 4326
f 4370 3103 4323
f 4323 3103 1541
f 6521 6517 6527
f 6527 6517 6519
f 6520 6528 6514
f 6514 6528 6529
f 6531 6532 6530
f 6530 6532 6533
f 5250 6534 6515
f 6515 6534 6535
f 6530 6533 6536
f 6536 6533 6537
f 6526 6538 6534
f 6534 6538 6537
f 6515 6535 6516
f 6516 6535 6539
f 4325 4321 4326
f 4326 4321 4320
f 4371 4326 6513
f 6513 4326 4320
f 6531 4731 6541
f 6541 4731 6540
f 4731 4730 6540
f 6540 4730 6542
f 4730 3121 6542
f 6542 3121 3120
f 6530 4328 6531
f 6531 4328 4731
f 4328 6530 4329
f 4329 6530 6536
f 4329 6536 6524
f 6524 6536 6543
f 6544 6545 6522
f 6522 6545 5248
f 6389 6388 5245
f 5245 6388 6373
f 6388 6546 6373
f 6373 6546 6475
f 4733 6546 6295
f 6295 6546 4377
f 4732 6475 4733
f 4733 6475 6546
f 4393 4432 4394
f 4394 4432 4435
f 4434 4672 4842
f 4842 4672 4671
f 4440 4439 4441
f 4441 4439 4438
f 4436 4450 4437
f 4437 4450 4398
f 4447 4444 4448
f 4448 4444 4392
f 4446 4464 4433
f 4433 4464 6547
f 4454 4423 4455
f 4455 4423 4422
f 4452 4481 4453
f 4453 4481 4480
f 4458 4389 4459
f 4459 4389 4388
f 4456 4471 4457
f 4457 4471 4468
f 4391 4460 4392
f 4392 4460 4448
f 4461 4467 4445
f 4445 4467 4465
f 4437 4398 4629
f 4629 4398 4397
f 4438 4628 4441
f 4441 4628 4631
f 4841 4629 4839
f 4839 4629 4397
f 4628 4842 4631
f 4631 4842 4671
f 4930 4989 4452
f 4452 4989 4481
f 4929 4927 4436
f 4436 4927 4450
f 4933 4387 4934
f 4934 4387 4386
f 4931 4475 4932
f 4932 4475 4474
f 4936 4449 4933
f 4933 4449 4387
f 4935 4472 4456
f 4456 4472 4471
f 4389 4458 4391
f 4391 4458 4460
f 4457 4468 4461
f 4461 4468 4467
f 4934 4386 4454
f 4454 4386 4423
f 4453 4480 4931
f 4931 4480 4475
f 4575 4997 4576
f 4576 4997 4639
f 4579 4596 4580
f 4580 4596 4595
f 4583 4582 4572
f 4572 4582 4569
f 4587 4944 4588
f 4588 4944 4562
f 4588 4562 4590
f 4590 4562 4561
f 4576 4639 4642
f 4642 4639 4638
f 4642 4845 4641
f 4641 4845 4846
f 4845 4590 4846
f 4846 4590 4561
f 4941 4938 4595
f 4595 4938 4580
f 4938 4940 4668
f 4668 4940 4669
f 4583 4942 4584
f 4584 4942 4947
f 4582 4587 4569
f 4569 4587 4586
f 5000 5001 4579
f 4579 5001 4596
f 4558 4560 4585
f 4585 4560 4586
f 4565 4639 4566
f 4566 4639 4997
f 4568 4567 4577
f 4577 4567 4578
f 4570 4554 4571
f 4571 4554 4556
f 4640 4565 4637
f 4637 4565 4546
f 4662 4664 4665
f 4665 4664 4844
f 4662 4558 4589
f 4589 4558 4585
f 4554 4570 4557
f 4557 4570 4560
f 4571 4667 4572
f 4572 4667 4943
f 4551 4670 4552
f 4552 4670 4666
f 4640 4664 4638
f 4638 4664 4663
f 4670 4568 4668
f 4668 4568 4577
f 4999 4996 4566
f 4566 4996 4543
f 4608 4564 4603
f 4603 4564 4563
f 4573 4593 4574
f 4574 4593 4592
f 4597 4614 4598
f 4598 4614 4613
f 4601 4600 4584
f 4584 4600 4581
f 4563 4562 4604
f 4604 4562 4944
f 4643 4593 4641
f 4641 4593 4573
f 4643 4847 4644
f 4644 4847 4848
f 4564 4847 4561
f 4561 4847 4846
f 4945 4941 4598
f 4598 4941 4595
f 4941 4945 4939
f 4939 4945 4946
f 4601 4948 4602
f 4602 4948 4620
f 4600 4604 4581
f 4581 4604 4944
f 5002 5003 4597
f 4597 5003 4614
f 4988 4759 4953
f 4953 4759 4402
f 4706 6548 4707
f 4707 6548 6549
f 4311 4928 4419
f 4419 4928 6550
f 4921 4920 6551
f 6551 4920 6552
f 4925 6553 4926
f 4926 6553 6554
f 4928 4921 4802
f 4802 4921 6551
f 6555 4985 6550
f 6550 4985 4419
f 4952 6556 4953
f 4953 6556 4649
f 4971 6557 4706
f 4706 6557 6548
f 4988 4648 4925
f 4925 4648 6553
f 4707 6549 5006
f 5006 6549 4987
f 4920 6510 6552
f 6552 6510 6518
f 6558 6510 6516
f 6516 6510 6509
f 6559 6558 6539
f 6539 6558 6516
f 6531 6541 6532
f 6532 6541 6560
f 6540 6561 6541
f 6541 6561 6529
f 6542 6562 6540
f 6540 6562 6561
f 6542 3120 6562
f 6562 3120 3142
f 4366 6563 4760
f 4760 6563 4970
f 4815 6564 4816
f 4816 6564 6565
f 3147 3146 6565
f 6565 3146 4816
f 6564 6563 6565
f 6565 6563 6566
f 4837 4385 4357
f 4357 4385 4358
f 6565 6566 3147
f 3147 6566 3149
f 4694 1209 3150
f 5247 5249 5248
f 5248 5249 6522
f 6372 6390 6545
f 6545 6390 6389
f 6375 5254 6376
f 6376 5254 5258
f 6377 6525 6378
f 6378 6525 5255
f 5260 6379 5258
f 5258 6379 6376
f 6380 6567 6381
f 6381 6567 6568
f 6382 6569 6383
f 6383 6569 6570
f 6377 6371 6525
f 6525 6371 6370
f 6379 5260 6384
f 6384 5260 6571
f 6385 6572 6382
f 6382 6572 6569
f 6378 5255 6375
f 6375 5255 5254
f 6386 6573 6387
f 6387 6573 6574
f 6545 6389 5248
f 5248 6389 5245
f 4675 4750 4676
f 4676 4750 6286
f 4734 6289 4735
f 4735 6289 6288
f 4804 6290 4805
f 4805 6290 4963
f 4811 4807 4812
f 4812 4807 4411
f 4954 6292 4955
f 4955 6292 4959
f 4964 4962 4965
f 4965 4962 4751
f 6285 4821 4812
f 4812 4821 4809
f 4675 4287 4965
f 4965 4287 4210
f 6294 4145 4955
f 4955 4145 4154
f 4964 4120 4805
f 4805 4120 4119
f 6298 4966 4734
f 4734 4966 6289
f 6300 6473 4735
f 4735 6473 4732
f 6297 6296 4676
f 4676 6296 4288
f 6523 3160 4330
f 4330 3160 3159
f 5253 5252 6525
f 6525 5252 5255
f 5256 5252 4305
f 4305 5252 5251
f 4304 5257 4305
f 4305 5257 5256
f 4424 5259 4304
f 4304 5259 5257
f 5261 6571 5259
f 5259 6571 5260
f 5262 6573 5261
f 5261 6573 6571
f 5264 6567 5265
f 5265 6567 6574
f 5266 6572 5267
f 5267 6572 6568
f 5268 6570 5269
f 5269 6570 6569
f 1807 3161 5268
f 5268 3161 6570
f 6524 6523 4329
f 4329 6523 4330
f 5253 6526 5250
f 5250 6526 6534
f 6543 6538 6544
f 6544 6538 6369
f 6524 6543 6522
f 6522 6543 6544
f 3071 5367 3052
f 3052 5367 3912
f 6493 3163 6494
f 6494 3163 3162
f 3164 445 3771
f 3771 445 3761
f 461 3165 3919
f 3919 3165 3920
f 330 410 3839
f 3839 410 3910
f 332 331 3552
f 3552 331 3551
f 464 304 3918
f 3918 304 3816
f 385 458 3766
f 3766 458 3894
f 412 415 3762
f 3762 415 3763
f 3166 337 3748
f 3748 337 3745
f 3072 3055 5370
f 5370 3055 3930
f 3073 5369 3056
f 3056 5369 3938
f 3167 3057 6496
f 6496 3057 3937
f 3069 3058 4808
f 4808 3058 3943
f 411 3166 3851
f 3851 3166 3748
f 3059 3163 3951
f 3951 3163 6493
f 336 3164 3772
f 3772 3164 3771
f 3053 3911 3162
f 3162 3911 6494
f 3054 3168 3929
f 3929 3168 3952
f 3165 830 3920
f 3920 830 3945
f 3170 3169 6497
f 6497 3169 6498
f 3171 1354 5005
f 5005 1354 4830
f 3172 3170 6503
f 6503 3170 6497
f 3169 3061 6498
f 6498 3061 4060
f 3173 3171 5006
f 5006 3171 5005
f 3079 3172 6334
f 6334 3172 6503
f 3174 3025 6299
f 6299 3025 6300
f 6576 6577 6575
f 6575 6577 6578
f 4612 4611 6579
f 6579 4611 6580
f 6582 6583 6581
f 6581 6583 6584
f 6584 6585 4618
f 4618 6585 4621
f 6586 6587 6589
f 6589 6587 6588
f 6588 6587 6590
f 6590 6587 6591
f 6592 4606 6590
f 6590 4606 4623
f 6594 6576 6593
f 6593 6576 6575
f 6595 6582 6579
f 6579 6582 6581
f 6580 6597 6596
f 6596 6597 6598
f 6577 6576 6599
f 6599 6576 6600
f 6595 6596 6601
f 6601 6596 6602
f 6583 6582 6603
f 6603 6582 6604
f 6586 6606 6605
f 6605 6606 6607
f 6587 6586 6608
f 6608 6586 6605
f 6587 6608 6591
f 6591 6608 6609
f 6576 6594 6600
f 6600 6594 6610
f 6582 6595 6604
f 6604 6595 6601
f 6599 6611 6577
f 6577 6611 6598
f 6613 6614 6612
f 6612 6614 6615
f 6617 6618 6616
f 6616 6618 6619
f 6621 6622 6620
f 6620 6622 6623
f 6625 6626 6624
f 6624 6626 6627
f 6629 6630 6628
f 6628 6630 6631
f 6633 6634 6632
f 6632 6634 6635
f 6637 6638 6636
f 6636 6638 6639
f 6640 6641 6637
f 6637 6641 6638
f 6643 6633 6642
f 6642 6633 6632
f 6645 6646 6644
f 6644 6646 6647
f 6646 6648 6647
f 6647 6648 6649
f 6651 6652 6650
f 6650 6652 6653
f 6653 6652 6654
f 6654 6652 6655
f 6656 6657 6659
f 6659 6657 6658
f 6661 6662 6660
f 6660 6662 6663
f 6662 6661 6664
f 6664 6661 6665
f 6667 6657 6666
f 6666 6657 6656
f 6669 6670 6668
f 6668 6670 6671
f 6672 6673 6670
f 6670 6673 6671
f 6674 6675 6677
f 6677 6675 6676
f 6675 6678 6676
f 6676 6678 6679
f 6681 6682 6680
f 6680 6682 6683
f 6684 6685 6683
f 6683 6685 6680
f 6687 6688 6686
f 6686 6688 6689
f 6687 6690 6688
f 6688 6690 6691
f 6619 6618 6633
f 6633 6618 6634
f 6632 6635 6693
f 6693 6635 6692
f 6617 6694 6636
f 6636 6694 6637
f 6695 6692 6639
f 6639 6692 6635
f 6637 6694 6640
f 6640 6694 6696
f 6698 6638 6697
f 6697 6638 6641
f 6643 6616 6633
f 6633 6616 6619
f 6642 6699 6641
f 6641 6699 6697
f 6646 6645 6700
f 6700 6645 6621
f 6644 6701 6654
f 6654 6701 6702
f 6700 6703 6646
f 6646 6703 6648
f 6693 6704 6649
f 6649 6704 6647
f 6620 6623 6651
f 6651 6623 6652
f 6693 6649 6699
f 6699 6649 6650
f 6652 6623 6655
f 6655 6623 6622
f 6654 6702 6653
f 6653 6702 6697
f 6615 6614 6657
f 6657 6614 6658
f 6705 6656 6704
f 6704 6656 6659
f 6613 6706 6660
f 6660 6706 6661
f 6704 6659 6701
f 6701 6659 6663
f 6661 6706 6665
f 6665 6706 6707
f 6708 6702 6664
f 6664 6702 6662
f 6612 6615 6667
f 6667 6615 6657
f 6666 6709 6664
f 6664 6709 6708
f 6629 6710 6669
f 6669 6710 6670
f 6668 6711 6679
f 6679 6711 6712
f 6713 6672 6710
f 6710 6672 6670
f 6714 6671 6705
f 6705 6671 6673
f 6628 6631 6674
f 6674 6631 6675
f 6705 6673 6709
f 6709 6673 6677
f 6631 6630 6675
f 6675 6630 6678
f 6712 6708 6679
f 6679 6708 6676
f 6625 6715 6682
f 6682 6715 6683
f 6716 6717 6681
f 6681 6717 6691
f 6718 6684 6715
f 6715 6684 6683
f 6719 6680 6714
f 6714 6680 6685
f 6624 6627 6686
f 6686 6627 6687
f 6689 6711 6685
f 6685 6711 6714
f 6627 6626 6687
f 6687 6626 6690
f 6717 6712 6691
f 6691 6712 6688
f 6612 6707 6613
f 6613 6707 6706
f 6616 6696 6617
f 6617 6696 6694
f 6703 6700 6620
f 6620 6700 6621
f 6715 6625 6718
f 6718 6625 6624
f 6710 6629 6713
f 6713 6629 6628
f 6639 6635 6636
f 6636 6635 6634
f 6641 6640 6642
f 6642 6640 6643
f 6654 6655 6644
f 6644 6655 6645
f 6651 6650 6648
f 6648 6650 6649
f 6659 6658 6663
f 6663 6658 6660
f 6665 6667 6664
f 6664 6667 6666
f 6678 6669 6679
f 6679 6669 6668
f 6673 6672 6677
f 6677 6672 6674
f 6690 6682 6691
f 6691 6682 6681
f 6685 6684 6689
f 6689 6684 6686
f 6636 6634 6617
f 6617 6634 6618
f 6638 6698 6639
f 6639 6698 6695
f 6640 6696 6643
f 6643 6696 6616
f 6693 6699 6632
f 6632 6699 6642
f 6655 6622 6645
f 6645 6622 6621
f 6704 6701 6647
f 6647 6701 6644
f 6651 6648 6620
f 6620 6648 6703
f 6650 6653 6699
f 6699 6653 6697
f 6613 6660 6614
f 6614 6660 6658
f 6663 6662 6701
f 6701 6662 6702
f 6665 6707 6667
f 6667 6707 6612
f 6705 6709 6656
f 6656 6709 6666
f 6630 6629 6678
f 6678 6629 6669
f 6714 6711 6671
f 6671 6711 6668
f 6672 6713 6674
f 6674 6713 6628
f 6677 6676 6709
f 6709 6676 6708
f 6626 6625 6690
f 6690 6625 6682
f 6680 6719 6681
f 6681 6719 6716
f 6684 6718 6686
f 6686 6718 6624
f 6711 6689 6712
f 6689 6688 6712
f 6593 6720 6594
f 6594 6720 6721
f 6722 6720 4607
f 4607 6720 4849
f 6592 6723 6722
f 6722 6723 6724
f 4610 4609 6578
f 6578 4609 6575
f 6596 6595 6580
f 6580 6595 6579
f 4618 4617 6584
f 6584 4617 6581
f 6589 6585 6586
f 6586 6585 6606
f 4622 4619 6588
f 6588 4619 6589
f 4622 6588 4623
f 4623 6588 6590
f 4609 4645 6575
f 6575 4645 6593
f 4617 4612 6581
f 6581 4612 6579
f 5004 4610 6597
f 6597 4610 6578
f 4645 4849 6593
f 6593 4849 6720
f 6724 6721 6722
f 6722 6721 6720
f 6722 4607 6592
f 6592 4607 4606
f 6725 6610 6721
f 6721 6610 6594
f 6723 6726 6724
f 6724 6726 6727
f 6727 6725 6724
f 6724 6725 6721
f 6728 6729 6605
f 6605 6729 6608
f 6605 6607 6728
f 6728 6607 6730
f 6731 6732 6604
f 6604 6732 6603
f 6733 6734 6725
f 6725 6734 6610
f 6735 6733 6727
f 6727 6733 6725
f 6735 6727 6736
f 6736 6727 6726
f 6591 6609 6723
f 6723 6609 6726
f 6723 6592 6591
f 6591 6592 6590
f 6738 6739 6737
f 6737 6739 6740
f 6740 6739 6742
f 6742 6739 6741
f 6743 6744 6741
f 6741 6744 6742
f 6745 6746 6743
f 6743 6746 6744
f 6747 6748 6745
f 6745 6748 6746
f 6749 6750 6747
f 6747 6750 6748
f 6752 6738 6751
f 6751 6738 6737
f 6754 6752 6753
f 6753 6752 6751
f 6756 6754 6755
f 6755 6754 6753
f 6758 6750 6757
f 6757 6750 6749
f 6760 6756 6759
f 6759 6756 6755
f 6762 6760 6761
f 6761 6760 6759
f 6764 6762 6763
f 6763 6762 6761
f 6757 6764 6758
f 6758 6764 6763
f 6766 6741 6765
f 6765 6741 6739
f 6767 6743 6766
f 6766 6743 6741
f 6768 6745 6767
f 6767 6745 6743
f 6769 6747 6768
f 6768 6747 6745
f 6770 6749 6769
f 6769 6749 6747
f 6772 6769 6771
f 6771 6769 6768
f 6773 6770 6772
f 6772 6770 6769
f 6774 6775 6772
f 6772 6775 6773
f 6777 6778 6776
f 6776 6778 6779
f 6775 6774 6778
f 6778 6774 6779
f 6771 6780 6772
f 6772 6780 6774
f 6780 6781 6774
f 6774 6781 6779
f 6781 6782 6779
f 6779 6782 6776
f 6784 6785 6783
f 6783 6785 6786
f 6786 6787 6783
f 6783 6787 6788
f 6790 6788 6789
f 6789 6788 6787
f 6786 6785 6791
f 6791 6785 6792
f 6791 6793 6786
f 6786 6793 6787
f 6793 6794 6787
f 6787 6794 6789
f 6795 6796 6794
f 6794 6796 6789
f 6790 6789 6797
f 6797 6789 6796
f 6798 6765 6738
f 6738 6765 6739
f 6799 6798 6752
f 6752 6798 6738
f 6767 6800 6768
f 6768 6800 6771
f 6766 6801 6767
f 6767 6801 6800
f 6802 6801 6765
f 6765 6801 6766
f 6798 6803 6765
f 6765 6803 6802
f 6804 6803 6799
f 6799 6803 6798
f 6805 6806 6804
f 6804 6806 6803
f 6807 6799 6754
f 6754 6799 6752
f 6808 6804 6807
f 6807 6804 6799
f 6809 6805 6808
f 6808 6805 6804
f 6810 6811 6805
f 6805 6811 6806
f 6812 6813 6810
f 6810 6813 6811
f 6814 6815 6796
f 6796 6815 6797
f 6813 6814 6816
f 6816 6814 6817
f 6816 6818 6813
f 6813 6818 6811
f 6819 6806 6818
f 6818 6806 6811
f 6802 6803 6819
f 6819 6803 6806
f 6757 6749 6820
f 6820 6749 6770
f 6820 6770 6821
f 6821 6770 6773
f 6821 6773 6822
f 6822 6773 6775
f 6822 6775 6823
f 6823 6775 6778
f 6824 6823 6777
f 6777 6823 6778
f 6784 6825 6777
f 6777 6825 6824
f 6826 6827 6788
f 6788 6827 6783
f 6828 6826 6790
f 6790 6826 6788
f 6829 6828 6797
f 6797 6828 6790
f 6815 6830 6797
f 6797 6830 6829
f 6832 6812 6831
f 6831 6812 6810
f 6831 6810 6809
f 6809 6810 6805
f 6736 6800 6735
f 6735 6800 6801
f 6733 6735 6802
f 6802 6735 6801
f 6734 6733 6819
f 6819 6733 6802
f 6833 6734 6818
f 6818 6734 6819
f 6834 6833 6816
f 6816 6833 6818
f 6816 6817 6834
f 6834 6817 6835
f 6837 6795 6836
f 6836 6795 6794
f 6836 6794 6731
f 6731 6794 6793
f 6732 6731 6791
f 6791 6731 6793
f 6791 6792 6732
f 6732 6792 6730
f 6729 6728 6781
f 6781 6728 6782
f 6838 6807 6756
f 6756 6807 6754
f 6839 6838 6760
f 6760 6838 6756
f 6840 6839 6762
f 6762 6839 6760
f 6841 6840 6764
f 6764 6840 6762
f 6820 6841 6757
f 6757 6841 6764
f 6841 6820 6842
f 6842 6820 6821
f 6840 6841 6843
f 6843 6841 6842
f 6839 6840 6844
f 6844 6840 6843
f 6838 6839 6845
f 6845 6839 6844
f 6807 6838 6808
f 6808 6838 6845
f 6842 6821 6846
f 6846 6821 6822
f 6843 6842 6847
f 6847 6842 6846
f 6844 6843 6848
f 6848 6843 6847
f 6845 6844 6849
f 6849 6844 6848
f 6808 6845 6809
f 6809 6845 6849
f 6850 6831 6849
f 6849 6831 6809
f 6851 6850 6848
f 6848 6850 6849
f 6847 6852 6848
f 6848 6852 6851
f 6853 6852 6846
f 6846 6852 6847
f 6846 6822 6853
f 6853 6822 6823
f 6853 6823 6854
f 6854 6823 6824
f 6854 6855 6853
f 6853 6855 6852
f 6856 6851 6855
f 6855 6851 6852
f 6856 6857 6851
f 6851 6857 6850
f 6857 6832 6850
f 6850 6832 6831
f 6825 6858 6824
f 6824 6858 6854
f 6860 6827 6859
f 6859 6827 6826
f 6859 6826 6861
f 6861 6826 6828
f 6862 6861 6829
f 6829 6861 6828
f 6830 6863 6829
f 6829 6863 6862
f 6863 6864 6862
f 6862 6864 6865
f 6858 6866 6854
f 6854 6866 6855
f 6867 6865 6866
f 6866 6865 6864
f 6869 6859 6868
f 6868 6859 6861
f 6867 6869 6865
f 6865 6869 6868
f 6861 6862 6868
f 6868 6862 6865
f 6867 6860 6869
f 6869 6860 6859
f 6753 6751 6698
f 6698 6751 6695
f 6697 6755 6698
f 6698 6755 6753
f 6759 6755 6702
f 6702 6755 6697
f 6761 6759 6708
f 6708 6759 6702
f 6763 6761 6712
f 6712 6761 6708
f 6758 6763 6717
f 6717 6763 6712
f 6750 6758 6716
f 6716 6758 6717
f 6719 6748 6716
f 6716 6748 6750
f 6714 6746 6719
f 6719 6746 6748
f 6705 6744 6714
f 6714 6744 6746
f 6704 6742 6705
f 6705 6742 6744
f 6740 6742 6693
f 6693 6742 6704
f 6737 6740 6692
f 6692 6740 6693
f 6751 6737 6695
f 6695 6737 6692
f 6601 6602 6836
f 6836 6602 6837
f 6604 6601 6731
f 6731 6601 6836
f 6599 6600 6834
f 6834 6600 6833
f 6834 6835 6599
f 6599 6835 6611
f 6600 6610 6833
f 6833 6610 6734
f 6780 6771 6870
f 6870 6771 6736
f 6736 6771 6800
f 6870 6729 6780
f 6780 6729 6781
f 6608 6729 6609
f 6609 6729 6870
f 6609 6870 6726
f 6726 6870 6736
f 5014 5015 5229
f 5229 5015 5230
f 4258 5015 4259
f 4259 5015 4878
f 3471 3013 4703
f 4703 3013 4704
f 2879 6337 1306
f 1306 6337 4785
f 829 3471 4316
f 4316 3471 4703
f 4702 3472 5223
f 5223 3472 1756
f 6871 6872 4534
f 4534 6872 4535
f 6871 4665 6872
f 6872 4665 4844
f 6871 6873 4665
f 4665 6873 4559
f 6871 4534 6873
f 6873 4534 4542
f 4153 4152 4822
f 4822 4152 4407
f 4152 4168 4407
f 4407 4168 4342
f 4343 4168 4923
f 4923 4168 4167
f 4363 4362 4972
f 4972 4362 4840
f 4362 4394 4840
f 4840 4394 4839
f 4401 4400 4986
f 4986 4400 4984
f 4435 4434 4841
f 4841 4434 4842
f 4506 4505 4530
f 4530 4505 4531
f 4506 4535 4507
f 4507 4535 4843
f 4661 4660 4516
f 4516 4660 4517
f 4673 4672 4937
f 4937 4672 6547
f 4400 4924 4984
f 4984 4924 5263
f 4673 4660 4674
f 4674 4660 4659
f 4505 4661 4531
f 4531 4661 4516
f 4952 4401 6874
f 6874 4401 4986
f 4954 4153 6875
f 6875 4153 4822
f 4363 4973 4364
f 4364 4973 4974
f 5264 4924 5267
f 5267 4924 4691
f 6293 6292 6876
f 6876 6292 6877
f 6380 4343 6387
f 6387 4343 4923
f 4394 4435 4839
f 4839 4435 4841
f 4672 4434 6547
f 6547 4434 4433
f 4973 6556 4974
f 4974 6556 6878
f 6567 6380 6574
f 6574 6380 6387
f 6292 4954 6877
f 6877 4954 6875
f 6567 5264 6568
f 6568 5264 5267
f 4145 4144 4154
f 4154 4144 4151
f 4194 4144 4425
f 4425 4144 4143
f 4355 4354 5263
f 5263 4354 4984
f 4360 4359 4364
f 4364 4359 4361
f 4444 4359 4392
f 4392 4359 4337
f 4447 4446 4432
f 4432 4446 4433
f 4464 4463 6547
f 6547 4463 4937
f 4519 4518 4654
f 4654 4518 4509
f 4533 4532 4499
f 4499 4532 4498
f 4533 4542 4530
f 4530 4542 4534
f 4519 4532 4516
f 4516 4532 4531
f 4922 4194 4426
f 4426 4194 4425
f 4463 4518 4937
f 4937 4518 4517
f 6555 4951 6874
f 6874 4951 6878
f 4958 4957 6290
f 6290 4957 6291
f 4334 4360 4712
f 4712 4360 4950
f 4985 4354 4419
f 4419 4354 4353
f 5262 4355 5265
f 5265 4355 5263
f 6294 4958 4804
f 4804 4958 6290
f 6386 4922 6384
f 6384 4922 4426
f 4444 4447 4393
f 4393 4447 4432
f 4464 4446 4465
f 4465 4446 4445
f 4985 6555 4986
f 4986 6555 6874
f 6573 6386 6571
f 6571 6386 6384
f 4145 6294 4146
f 4146 6294 4804
f 6573 5262 6574
f 6574 5262 5265
f 4542 4541 6873
f 6873 4541 4559
f 4535 6872 4843
f 4843 6872 4844
f 4104 4103 6879
f 6879 4103 6343
f 4105 6293 6307
f 6307 6293 6876
f 4104 4956 4105
f 4105 4956 6293
f 4956 4104 4957
f 4957 4104 6879
f 4957 6879 6291
f 6291 6879 6309
f 4648 4988 4649
f 4649 4988 4953
f 4802 4803 4928
f 4928 4803 6550
f 6550 4803 6555
f 6555 4803 4951
f 1516 3173 4987
f 4987 3173 5006
f 6519 6518 6558
f 6558 6518 6510
f 6527 6519 6559
f 6559 6519 6558
f 6528 6560 6529
f 6529 6560 6541
f 6548 4625 6549
f 6549 4625 4624
f 6551 6552 4746
f 4746 6552 6505
f 6553 4711 6554
f 6554 4711 4710
f 4802 6551 4713
f 4713 6551 4746
f 6556 4973 4649
f 4649 4973 4646
f 6557 4949 6548
f 6548 4949 4625
f 4648 4647 6553
f 6553 4647 4711
f 6549 4624 4987
f 4987 4624 4838
f 6552 6518 6505
f 6505 6518 6507
f 6561 4372 6529
f 6529 4372 6514
f 6562 4369 6561
f 6561 4369 4372
f 3142 3482 6562
f 6562 3482 4369
f 6556 4952 6878
f 6878 4952 6874
f 4951 4950 6878
f 6878 4950 4974
f 3168 440 3952
f 4204 4203 5341
f 5341 4203 6364
f 4219 4222 6429
f 6429 4222 4383
f 4319 4322 6506
f 6506 4322 4747
f 4340 4714 4341
f 4341 4714 4384
f 4375 4377 6388
f 6388 4377 6546
f 4378 4381 6311
f 6311 4381 4720
f 4449 4341 4387
f 4387 4341 4384
f 4473 4472 4477
f 4477 4472 4474
f 4492 4491 4487
f 4487 4491 4488
f 4523 4491 4522
f 4522 4491 4490
f 4492 4538 4493
f 4493 4538 4555
f 4538 4553 4555
f 4555 4553 4556
f 4620 4615 4621
f 4621 4615 4618
f 4652 4651 4368
f 4368 4651 4365
f 4523 4655 4524
f 4524 4655 4656
f 4553 4667 4556
f 4556 4667 4571
f 4651 1210 4365
f 4365 1210 1209
f 4698 4697 5223
f 5223 4697 6344
f 4340 4339 4322
f 4322 4339 4747
f 4726 4729 5287
f 5287 4729 4198
f 4381 4380 4737
f 4737 4380 6368
f 4836 4835 4451
f 4451 4835 4709
f 4910 6367 4911
f 4911 6367 6366
f 4912 4915 6450
f 6450 4915 6449
f 4927 4836 4450
f 4450 4836 4451
f 4930 4929 4439
f 4439 4929 4436
f 4936 4935 4459
f 4459 4935 4456
f 4473 4655 4470
f 4470 4655 4510
f 4942 4583 4943
f 4943 4583 4572
f 4948 4601 4947
f 4947 4601 4584
f 4949 4835 4625
f 4625 4835 4626
f 4966 4969 6289
f 6289 4969 4695
f 4971 4652 4926
f 4926 4652 4368
f 4203 4977 6364
f 6364 4977 6365
f 4990 4989 4443
f 4443 4989 4440
f 4990 4991 4478
f 4478 4991 4512
f 4992 4991 4528
f 4528 4991 4515
f 4992 4993 4527
f 4527 4993 4485
f 4994 4993 4502
f 4502 4993 4503
f 4994 4995 4482
f 4482 4995 4550
f 4543 4996 4544
f 4544 4996 4995
f 4999 4998 4567
f 4567 4998 4578
f 5000 4998 4575
f 4575 4998 4997
f 5002 5001 4592
f 4592 5001 4574
f 5003 5004 4614
f 4614 5004 4611
f 3483 4215 1755
f 1755 4215 4698
f 5274 5277 4195
f 4195 5277 4223
f 4726 5295 4727
f 4727 5295 6350
f 5309 5342 5310
f 5310 5342 6363
f 5315 5314 5316
f 5316 5314 5317
f 5339 6362 5340
f 5340 6362 5363
f 5310 6363 5339
f 5339 6363 6362
f 4204 5309 4201
f 4201 5309 5308
f 4915 5345 6449
f 6449 5345 6448
f 5345 5315 6448
f 6448 5315 5316
f 5348 5347 6351
f 6351 5347 6352
f 5365 4263 5340
f 5340 4263 4262
f 6295 6298 4733
f 4733 6298 4734
f 4969 6306 4695
f 4695 6306 4696
f 6306 4378 4696
f 4696 4378 6311
f 6369 6372 6544
f 6544 6372 6545
f 4375 6390 4373
f 4373 6390 4374
f 6421 6422 4911
f 4911 6422 4908
f 4910 4909 4737
f 4737 4909 4736
f 5277 4219 4223
f 4223 4219 6429
f 4697 4222 6344
f 6344 4222 4221
f 6436 6361 6437
f 6437 6361 6360
f 6438 6440 6437
f 6437 6440 6434
f 6438 6359 6441
f 6441 6359 6358
f 6442 6441 6357
f 6357 6441 6358
f 6442 6444 6443
f 6443 6444 6445
f 6446 6444 6355
f 6355 6444 6356
f 6446 4912 6447
f 6447 4912 6450
f 6436 6435 5365
f 5365 6435 4263
f 5314 5347 5317
f 5317 5347 5346
f 4319 6512 4320
f 4320 6512 6513
f 6520 6512 6521
f 6521 6512 6508
f 6528 6520 6527
f 6527 6520 6521
f 6532 6539 6533
f 6533 6539 6535
f 6533 6535 6537
f 6537 6535 6534
f 6538 6543 6537
f 6537 6543 6536
f 6295 4377 6296
f 6296 4377 4376
f 4989 4930 4440
f 4440 4930 4439
f 4927 4929 4422
f 4422 4929 4455
f 4449 4936 4388
f 4388 4936 4459
f 4472 4935 4474
f 4474 4935 4932
f 4942 4940 4947
f 4947 4940 4939
f 5001 5000 4574
f 4574 5000 4575
f 4669 4943 4666
f 4666 4943 4667
f 4996 4999 4547
f 4547 4999 4567
f 4948 4946 4620
f 4620 4946 4615
f 5003 5002 4591
f 4591 5002 4592
f 6557 4971 6554
f 6554 4971 4926
f 6532 6560 6539
f 6539 6560 6559
f 6390 6372 4374
f 4374 6372 6371
f 4966 6298 4967
f 4967 6298 6297
f 6538 6526 6369
f 6369 6526 6370
f 6585 6589 4621
f 4621 6589 4619
f 6597 6578 6598
f 6598 6578 6577
f 6606 6583 6607
f 6607 6583 6603
f 6611 6602 6598
f 6598 6602 6596
f 6585 6584 6606
f 6606 6584 6583
f 6597 6580 5004
f 5004 6580 4611
f 6607 6603 6730
f 6730 6603 6732
f 6776 6785 6777
f 6777 6785 6784
f 6785 6776 6792
f 6792 6776 6782
f 6815 6814 6812
f 6812 6814 6813
f 6817 6814 6795
f 6795 6814 6796
f 6825 6784 6827
f 6827 6784 6783
f 6830 6815 6832
f 6832 6815 6812
f 6817 6795 6835
f 6835 6795 6837
f 6792 6782 6730
f 6730 6782 6728
f 6858 6825 6860
f 6860 6825 6827
f 6863 6830 6857
f 6857 6830 6832
f 6864 6863 6856
f 6856 6863 6857
f 6866 6858 6867
f 6867 6858 6860
f 6866 6864 6855
f 6855 6864 6856
f 6835 6837 6611
f 6611 6837 6602
f 6560 6528 6559
f 6559 6528 6527
f 4949 6557 4710
f 4710 6557 6554
f 4430 4090 4175
f 4175 4090 4089
f 4777 4113 4155
f 4155 4113 4086
f 4175 4089 4176
f 4176 4089 4142
f 4199 4271 4200
f 4200 4271 4798
f 4199 4095 4272
f 4272 4095 5273
f 4406 4405 4404
f 4404 4405 4346
f 4410 4409 6877
f 6877 4409 6876
f 4409 4413 6876
f 6876 4413 6307
f 4415 4148 4416
f 4416 4148 4147
f 4690 4405 4344
f 4344 4405 4342
f 4693 4692 4352
f 4352 4692 4349
f 4701 4700 6337
f 6337 4700 6338
f 4778 4777 4081
f 4081 4777 4155
f 4821 4406 4809
f 4809 4406 4404
f 4176 4142 4181
f 4181 4142 4415
f 4760 4970 4399
f 4399 4970 4692
f 4200 5007 4096
f 4096 5007 4078
f 5266 4693 5269
f 5269 4693 4352
f 5270 5007 5361
f 5361 5007 4797
f 4778 5270 4779
f 4779 5270 5361
f 6285 4410 6875
f 6875 4410 6877
f 6308 4413 4687
f 4687 4413 4412
f 6480 6320 6481
f 6481 6320 6880
f 4701 2878 4702
f 4702 2878 3472
f 6339 6347 6340
f 6340 6347 6348
f 6341 6342 6346
f 6346 6342 6345
f 4416 6308 4414
f 4414 6308 4687
f 6385 4690 6381
f 6381 4690 4344
f 5282 6341 5280
f 5280 6341 6339
f 4700 6342 6338
f 6338 6342 5281
f 6340 6348 4272
f 4272 6348 4270
f 6480 6479 4828
f 4828 6479 4829
f 6490 6479 6489
f 6489 6479 6478
f 4090 4430 6490
f 6490 4430 4429
f 6563 6564 4970
f 4970 6564 4815
f 4694 6566 4366
f 4366 6566 6563
f 6572 6385 6568
f 6568 6385 6381
f 4821 6285 4822
f 4822 6285 6875
f 6572 5266 6569
f 6569 5266 5269
f 3482 3103 4369
f 4369 3103 4370
f 3121 4730 3485
f 3485 4730 4327
f 6277 6280 6273
f 6273 6280 6272
f 6267 6276 6278
f 6278 6276 6279
f 6278 6279 6277
f 6277 6279 6280
f 6279 6256 6280
f 6280 6256 6255
f 6256 3857 6255
f 6255 3857 3754
f 3857 3856 3754
f 3754 3856 3755
f 3856 3703 3755
f 3755 3703 3863
f 3703 3702 3863
f 3863 3702 3759
f 3702 3706 3759
f 3759 3706 3670
f 3706 3705 3670
f 3670 3705 3668
f 3705 3773 3668
f 3668 3773 3882
f 3882 3773 3883
f 3883 3773 3707
f 3707 3708 3883
f 3883 3708 3880
f 3708 3710 3880
f 3880 3710 3881
f 3709 5241 3710
f 3710 5241 3881
f 5241 3709 5234
f 5234 3709 3786
f 3693 3712 3786
f 3786 3712 5234
f 4051 4055 4052
f 4052 4055 4056
f 4056 4055 4057
f 4057 4055 4054
f 4066 5238 5236
f 5236 5238 3989
f 4066 4069 5238
f 5238 4069 4035
f 6881 3962 3960
f 3960 3962 3957
f 6883 4070 6882
f 6882 4070 3941
f 4070 6883 4071
f 4071 6883 6884
f 4071 6884 4072
f 4072 6884 6885
f 6885 6886 4072
f 4072 6886 4031
f 3955 6881 3956
f 3956 6881 3960
f 6884 3991 6885
f 6885 3991 3990
f 6883 6887 6884
f 6884 6887 3991
f 6887 6888 3991
f 3991 6888 3992
f 6888 6887 6889
f 6889 6887 6890
f 6887 6883 6890
f 6890 6883 6882
f 4058 5240 3953
f 3953 5240 3954
f 5236 6888 5239
f 5239 6888 6889
f 5237 6886 3990
f 3990 6886 6885
f 4034 4031 5237
f 5237 4031 6886
f 6881 6882 3962
f 3962 6882 3941
f 6881 3955 6882
f 6882 3955 6890
f 3955 3954 6890
f 6890 3954 6889
f 5239 6889 5240
f 5240 6889 3954
f 6888 5236 3992
f 3992 5236 3989
f 3869 3868 3888
f 3888 3868 4015
f 3868 4012 4015
f 4015 4012 4010
f 4012 4022 4010
f 4010 4022 4009
f 4022 4021 4009
f 4009 4021 4018
f 4020 3974 4001
f 4001 3974 3996
f 4021 4020 4029
f 4029 4020 4001
f 4085 4156 4086
f 4086 4156 4155
f 4113 4777 4114
f 4114 4777 4776
f 4130 4129 4094
f 4094 4129 4091
f 4139 4773 4140
f 4140 4773 4772
f 4149 4178 4150
f 4150 4178 5225
f 4160 4159 4087
f 4087 4159 4088
f 4149 4148 4179
f 4179 4148 4141
f 4085 4084 4183
f 4183 4084 6315
f 4179 4141 4159
f 4159 4141 4088
f 4192 4130 4162
f 4162 4130 4094
f 4197 5288 4198
f 4198 5288 5287
f 4229 4766 4230
f 4230 4766 4771
f 4245 4246 4242
f 4242 4246 4249
f 4183 6315 4418
f 4418 6315 6314
f 4679 4178 4680
f 4680 4178 4177
f 4724 4798 4725
f 4725 4798 4271
f 4728 5275 4729
f 4729 5275 5274
f 4230 4771 4249
f 4249 4771 4242
f 4724 4723 4799
f 4799 4723 5355
f 4823 4824 4891
f 4891 4824 6327
f 4823 4192 4161
f 4161 4192 4162
f 4893 4767 4229
f 4229 4767 4766
f 4894 4895 4898
f 4898 4895 4899
f 4106 4150 4103
f 4103 4150 5225
f 4680 4894 4677
f 4677 4894 4898
f 6420 4977 5301
f 5301 4977 4976
f 4679 4678 5226
f 5226 4678 4427
f 5228 5008 4893
f 4893 5008 4767
f 5285 6354 5286
f 5286 6354 5343
f 5289 5352 5290
f 5290 5352 5349
f 5290 5349 5295
f 5295 5349 5348
f 5302 5299 4202
f 4202 5299 4976
f 4725 4271 5311
f 5311 4271 4270
f 5325 4723 5326
f 5326 4723 4722
f 5335 5355 5325
f 5325 5355 4723
f 5326 4722 5286
f 5286 4722 5283
f 4799 5357 4797
f 4797 5357 5361
f 5359 5356 5335
f 5335 5356 5355
f 4775 4774 5356
f 5356 4774 5357
f 5359 5358 4092
f 4092 5358 4093
f 6316 4740 6317
f 6317 4740 4739
f 6318 4827 6316
f 6316 4827 4740
f 6319 4828 6318
f 6318 4828 4827
f 6320 6480 6319
f 6319 6480 4828
f 6484 6322 6485
f 6485 6322 6321
f 6487 6324 6331
f 6331 6324 6323
f 6331 6323 6330
f 6330 6323 6325
f 6325 6326 6330
f 6330 6326 6329
f 6326 6328 6329
f 6329 6328 5231
f 4824 4685 5228
f 5228 4685 5008
f 5226 6343 5225
f 5225 6343 4103
f 4728 4727 6349
f 6349 4727 5284
f 6350 6351 5285
f 5285 6351 6354
f 4247 4246 6418
f 6418 4246 6365
f 6400 6402 6401
f 6401 6402 6459
f 4197 4196 6409
f 6409 4196 6426
f 6412 4897 6328
f 6328 4897 5231
f 6413 4133 6412
f 6412 4133 4897
f 6414 4134 6413
f 6413 4134 4133
f 6415 4225 6414
f 6414 4225 4134
f 6416 4252 6415
f 6415 4252 4225
f 6417 4253 6416
f 6416 4253 4252
f 4253 6417 6366
f 6366 6417 6419
f 6366 6419 4911
f 4911 6419 6421
f 6422 6423 4908
f 4908 6423 5298
f 5298 6423 6396
f 6396 6423 6424
f 6409 6426 6425
f 6425 6426 6397
f 5300 5299 6399
f 6399 5299 6400
f 6465 6408 6401
f 6401 6408 6398
f 6424 6399 6425
f 6425 6399 6398
f 6349 5284 5311
f 5311 5284 5283
f 6465 6464 5289
f 5289 6464 5352
f 6488 6483 6492
f 6492 6483 6482
f 6486 6491 6482
f 6482 6491 6492
f 6491 4895 6492
f 6492 4895 4157
f 6488 4160 6489
f 6489 4160 4087
f 6501 6502 4418
f 4418 6502 4417
f 6504 6500 6317
f 6317 6500 6314
f 3497 3496 6501
f 6501 3496 6502
f 3499 3498 6504
f 6504 3498 6500
f 4729 5274 4198
f 4198 5274 4195
f 6418 6365 6420
f 6420 6365 4977
f 5295 5348 6350
f 6350 5348 6351
f 5301 6422 6420
f 6420 6422 6421
f 4113 4112 4086
f 4086 4112 4083
f 6320 4112 6880
f 6880 4112 4111
f 4091 4772 4092
f 4092 4772 4775
f 4129 4140 4091
f 4091 4140 4772
f 4137 4140 4128
f 4128 4140 4129
f 4128 6324 4137
f 4137 6324 6321
f 6324 6487 6321
f 6321 6487 6485
f 6487 6486 6485
f 6485 6486 6482
f 4774 4773 4779
f 4779 4773 4776
f 4773 4139 4776
f 4776 4139 4114
f 4139 4138 4114
f 4114 4138 4111
f 4138 6322 4111
f 4111 6322 6880
f 6322 6484 6880
f 6880 6484 6481
f 6484 6483 6481
f 6481 6483 6478
f 6879 6343 6309
f 6309 6343 4428
f 4106 4105 4900
f 4900 4105 6307
f 3500 3167 6495
f 6495 3167 6496
f 3500 6495 3070
f 3070 6495 5368
f 3502 5235 3501
f 3501 5235 4813
f 3024 3503 6473
f 6473 3503 6474
f 3503 3023 6474
f 6474 3023 6374
f 3504 1770 4348
f 4348 1770 4345
f 3502 3505 5235
f 5235 3505 4810
f 3498 3497 6500
f 6500 3497 6501
f 3496 3075 6502
f 6502 3075 6275
f 6299 4254 3174
f 3174 4254 3017
f 1769 3501 4814
f 4814 3501 4813
f 3506 3018 6476
f 6476 3018 4257
f 3507 3499 6499
f 6499 3499 6504
f 3030 4216 3483
f 3483 4216 4215
f 3077 3507 6333
f 6333 3507 6499
f 1784 3160 5249
f 5249 3160 6523
f 3015 3506 4240
f 4240 3506 6476
f 3508 3504 6383
f 6383 3504 4348
f 3509 3016 6477
f 6477 3016 4239
f 3028 3509 6467
f 6467 3509 6477
f 3022 1785 5246
f 5246 1785 5247
f 3161 3508 6570
f 6570 3508 6383
f 3150 3149 4694
f 4694 3149 6566
f 1327 4807 3510
f 3510 4807 4811
f 3510 4811 3505
f 3505 4811 4810
f 3146 3511 4816
f 4816 3511 4350
f 3511 1808 4350
f 4350 1808 4351
f 3485 4327 3159
f 3159 4327 4330
f 1326 3512 4806
f 4806 3512 6310
f 3512 1331 6310
f 6310 1331 4688
